corp_code,stock_code,corp_name,year,fs_div,sj_div,account_name,amount,memo,updated_at
102432,13580,계룡건설,2023,CFS,BS,자산총계,"2,726,892,636,022",,
102432,13580,계룡건설,2023,OFS,BS,차입금,"192,764,261,600",,
102432,13580,계룡건설,2023,CFS,BS,유동자산,"1,838,954,013,373",,
102432,13580,계룡건설,2023,OFS,BS,유동부채,"948,142,327,138",,
102432,13580,계룡건설,2023,OFS,BS,재고자산,"326,253,992,718",,
102432,13580,계룡건설,2023,OFS,BS,부채총계,"1,188,131,810,632",,
102432,13580,계룡건설,2023,OFS,BS,유형자산,"27,855,488,261",,
102432,13580,계룡건설,2023,OFS,BS,충당부채,"8,435,723,686",,
102432,13580,계룡건설,2023,OFS,BS,매출채권,"132,391,587,201",,
102432,13580,계룡건설,2023,OFS,CF,영업활동현금흐름,"26,711,209,327",,
102432,13580,계룡건설,2023,OFS,CF,감가상각비,"1,031,359,909",,
102432,13580,계룡건설,2023,OFS,CF,당기순이익,"42,691,266,990",,
102432,13580,계룡건설,2023,OFS,CIS,매출원가,"1,823,544,901,600",,
102432,13580,계룡건설,2023,OFS,CIS,매출총이익,"130,490,521,506",,
102432,13580,계룡건설,2023,OFS,CIS,매출액,"1,954,035,423,106",,
102432,13580,계룡건설,2023,CFS,CIS,판매비와관리비,"118,772,806,786",,
102432,13580,계룡건설,2024,CFS,BS,자산총계,"2,891,923,103,969",,
102432,13580,계룡건설,2024,OFS,BS,차입금,"180,500,000,000",,
102432,13580,계룡건설,2024,CFS,BS,유동자산,"1,917,057,954,076",,
102432,13580,계룡건설,2024,OFS,BS,유동부채,"877,370,151,271",,
102432,13580,계룡건설,2024,OFS,BS,재고자산,"230,943,762,617",,
102432,13580,계룡건설,2024,OFS,BS,부채총계,"1,165,004,471,381",,
102432,13580,계룡건설,2024,OFS,BS,유형자산,"30,283,384,014",,
102432,13580,계룡건설,2024,OFS,BS,충당부채,"8,954,585,026",,
102432,13580,계룡건설,2024,OFS,BS,매출채권,"250,734,941,827",,
102432,13580,계룡건설,2024,OFS,CF,영업활동현금흐름,"49,779,221,330",,
102432,13580,계룡건설,2024,OFS,CF,감가상각비,"1,022,733,199",,
102432,13580,계룡건설,2024,OFS,CF,당기순이익,"46,237,014,508",,
102432,13580,계룡건설,2024,OFS,CIS,매출원가,"2,193,944,302,135",,
102432,13580,계룡건설,2024,OFS,CIS,매출총이익,"145,744,071,000",,
102432,13580,계룡건설,2024,OFS,CIS,매출액,"2,339,688,373,135",,
102432,13580,계룡건설,2024,CFS,CIS,판매비와관리비,"139,270,727,908",,
102432,13580,계룡건설,2025,CFS,BS,자산총계,"3,224,879,415,213",,
102432,13580,계룡건설,2025,OFS,BS,차입금,"210,500,000,000",,
102432,13580,계룡건설,2025,CFS,BS,유동자산,"2,151,511,951,326",,
102432,13580,계룡건설,2025,OFS,BS,유동부채,"1,031,325,567,248",,
102432,13580,계룡건설,2025,OFS,BS,재고자산,"394,354,260,996",,
102432,13580,계룡건설,2025,OFS,BS,부채총계,"1,384,049,816,613",,
102432,13580,계룡건설,2025,OFS,BS,유형자산,"30,658,950,875",,
102432,13580,계룡건설,2025,OFS,BS,충당부채,"4,967,042,873",,
102432,13580,계룡건설,2025,OFS,BS,매출채권,"157,747,591,721",,
102432,13580,계룡건설,2025,OFS,CF,영업활동현금흐름,"233,970,041,871",,
102432,13580,계룡건설,2025,OFS,CF,감가상각비,"1,248,443,204",,
102432,13580,계룡건설,2025,OFS,CF,당기순이익,"113,215,446,128",,
102432,13580,계룡건설,2025,OFS,CIS,매출원가,"1,756,616,018,952",,
102432,13580,계룡건설,2025,OFS,CIS,매출총이익,"266,930,443,126",,
102432,13580,계룡건설,2025,OFS,CIS,매출액,"2,023,546,462,078",,
102432,13580,계룡건설,2025,CFS,CIS,판매비와관리비,"189,017,465,951",,
105466,21320,KCC건설,2023,OFS,BS,자산총계,"1,240,984,037,441",,
105466,21320,KCC건설,2023,OFS,BS,차입금,"145,800,000,000",,
105466,21320,KCC건설,2023,OFS,BS,유동자산,"843,728,991,599",,
105466,21320,KCC건설,2023,OFS,BS,유동부채,"567,632,947,575",,
105466,21320,KCC건설,2023,OFS,BS,재고자산,"22,233,055,996",,
105466,21320,KCC건설,2023,OFS,BS,부채총계,"794,813,854,224",,
105466,21320,KCC건설,2023,OFS,BS,유형자산,"77,436,165,902",,
105466,21320,KCC건설,2023,OFS,BS,매출채권,"511,416,556,693",,
105466,21320,KCC건설,2023,OFS,CF,충당부채,"-32,457,208,062",,
105466,21320,KCC건설,2023,OFS,CF,영업활동현금흐름,"-6,307,467,541",,
105466,21320,KCC건설,2023,OFS,CF,감가상각비,"2,252,138,843",,
105466,21320,KCC건설,2023,OFS,CF,당기순이익,"10,350,678,017",,
105466,21320,KCC건설,2023,OFS,CIS,매출원가,"1,827,986,861,360",,
105466,21320,KCC건설,2023,OFS,CIS,매출총이익,"81,605,133,993",,
105466,21320,KCC건설,2023,OFS,CIS,매출액,"1,909,591,995,353",,
105466,21320,KCC건설,2023,OFS,CIS,판매비와관리비,"63,458,193,441",,
105466,21320,KCC건설,2024,OFS,BS,자산총계,"1,478,637,715,786",,
105466,21320,KCC건설,2024,OFS,BS,차입금,"154,800,000,000",,
105466,21320,KCC건설,2024,OFS,BS,유동자산,"908,709,365,263",,
105466,21320,KCC건설,2024,OFS,BS,유동부채,"680,236,803,949",,
105466,21320,KCC건설,2024,OFS,BS,재고자산,"14,964,124,096",,
105466,21320,KCC건설,2024,OFS,BS,부채총계,"970,078,202,930",,
105466,21320,KCC건설,2024,OFS,BS,유형자산,"148,143,103,463",,
105466,21320,KCC건설,2024,OFS,BS,매출채권,"690,592,122,626",,
105466,21320,KCC건설,2024,OFS,CF,충당부채,"-36,097,336,288",,
105466,21320,KCC건설,2024,OFS,CF,영업활동현금흐름,"-207,467,762,126",,
105466,21320,KCC건설,2024,OFS,CF,감가상각비,"2,607,909,320",,
105466,21320,KCC건설,2024,OFS,CF,당기순이익,"15,961,268,362",,
105466,21320,KCC건설,2024,OFS,CIS,매출원가,"1,632,381,703,040",,
105466,21320,KCC건설,2024,OFS,CIS,매출총이익,"194,657,896,920",,
105466,21320,KCC건설,2024,OFS,CIS,매출액,"1,827,039,599,960",,
105466,21320,KCC건설,2024,OFS,CIS,판매비와관리비,"130,061,037,594",,
105466,21320,KCC건설,2025,OFS,BS,자산총계,"1,583,197,218,414",,
105466,21320,KCC건설,2025,OFS,BS,차입금,"129,432,000,000",,
105466,21320,KCC건설,2025,OFS,BS,유동자산,"967,769,692,674",,
105466,21320,KCC건설,2025,OFS,BS,유동부채,"837,915,659,799",,
105466,21320,KCC건설,2025,OFS,BS,재고자산,"14,079,622,014",,
105466,21320,KCC건설,2025,OFS,BS,부채총계,"1,030,583,177,844",,
105466,21320,KCC건설,2025,OFS,BS,유형자산,"158,240,684,560",,
105466,21320,KCC건설,2025,OFS,BS,매출채권,"665,675,779,061",,
105466,21320,KCC건설,2025,OFS,CF,충당부채,"-18,911,722,011",,
105466,21320,KCC건설,2025,OFS,CF,영업활동현금흐름,"112,941,704,675",,
105466,21320,KCC건설,2025,OFS,CF,감가상각비,"4,863,627,578",,
105466,21320,KCC건설,2025,OFS,CF,당기순이익,"45,399,328,723",,
105466,21320,KCC건설,2025,OFS,CIS,매출원가,"1,545,100,097,026",,
105466,21320,KCC건설,2025,OFS,CIS,매출총이익,"288,303,355,896",,
105466,21320,KCC건설,2025,OFS,CIS,매출액,"1,833,403,452,922",,
105466,21320,KCC건설,2025,OFS,CIS,판매비와관리비,"199,966,221,049",,
106313,2990,금호건설,2023,CFS,BS,자산총계,"1,692,362,777,882",,
106313,2990,금호건설,2023,OFS,BS,차입금,"159,175,643,163",,
106313,2990,금호건설,2023,CFS,BS,유동자산,"1,145,157,097,104",,
106313,2990,금호건설,2023,OFS,BS,유동부채,"914,347,463,948",,
106313,2990,금호건설,2023,CFS,BS,재고자산,"235,417,856,298",,
106313,2990,금호건설,2023,OFS,BS,부채총계,"1,209,354,672,430",,
106313,2990,금호건설,2023,CFS,BS,유형자산,"8,580,450,926",,
106313,2990,금호건설,2023,CFS,BS,충당부채,"60,304,600,443",,
106313,2990,금호건설,2023,CFS,BS,매출채권,"465,406,960,285",,
106313,2990,금호건설,2023,OFS,CF,영업활동현금흐름,"-153,406,230,232",,
106313,2990,금호건설,2023,OFS,CIS,매출원가,"2,112,267,741,235",,
106313,2990,금호건설,2023,OFS,CIS,매출총이익,"94,442,803,613",,
106313,2990,금호건설,2023,OFS,CIS,당기순이익,"6,557,721,671",,
106313,2990,금호건설,2023,OFS,CIS,매출액,"2,206,710,544,848",,
106313,2990,금호건설,2023,CFS,CIS,판매비와관리비,"75,267,990,550",,
106313,2990,금호건설,2024,CFS,BS,자산총계,"1,552,771,308,059",,
106313,2990,금호건설,2024,OFS,BS,차입금,"79,120,151,643",,
106313,2990,금호건설,2024,CFS,BS,유동자산,"975,826,697,352",,
106313,2990,금호건설,2024,OFS,BS,유동부채,"1,046,501,586,170",,
106313,2990,금호건설,2024,CFS,BS,재고자산,"144,963,197,289",,
106313,2990,금호건설,2024,OFS,BS,부채총계,"1,289,525,476,862",,
106313,2990,금호건설,2024,CFS,BS,유형자산,"8,148,886,504",,
106313,2990,금호건설,2024,OFS,BS,충당부채,"99,684,743,190",,
106313,2990,금호건설,2024,CFS,BS,매출채권,"387,170,969,271",,
106313,2990,금호건설,2024,OFS,CF,영업활동현금흐름,"41,819,222,894",,
106313,2990,금호건설,2024,OFS,CIS,매출원가,"1,973,660,321,671",,
106313,2990,금호건설,2024,OFS,CIS,매출총이익,"-97,989,397,845",,
106313,2990,금호건설,2024,OFS,CIS,당기순이익,"-223,466,525,076",,
106313,2990,금호건설,2024,OFS,CIS,매출액,"1,875,670,923,826",,
106313,2990,금호건설,2024,CFS,CIS,판매비와관리비,"87,453,630,282",,
106313,2990,금호건설,2025,CFS,BS,자산총계,"1,504,433,019,626",,
106313,2990,금호건설,2025,OFS,BS,차입금,"32,298,943,677",,
106313,2990,금호건설,2025,CFS,BS,유동자산,"970,577,008,746",,
106313,2990,금호건설,2025,OFS,BS,유동부채,"1,063,930,950,723",,
106313,2990,금호건설,2025,CFS,BS,재고자산,"89,647,599,972",,
106313,2990,금호건설,2025,OFS,BS,부채총계,"1,241,471,436,571",,
106313,2990,금호건설,2025,CFS,BS,유형자산,"7,788,880,041",,
106313,2990,금호건설,2025,OFS,BS,충당부채,"82,314,677,346",,
106313,2990,금호건설,2025,CFS,BS,매출채권,"448,190,351,481",,
106313,2990,금호건설,2025,OFS,CF,영업활동현금흐름,"70,310,247,472",,
106313,2990,금호건설,2025,OFS,CIS,매출원가,"1,840,809,161,436",,
106313,2990,금호건설,2025,OFS,CIS,매출총이익,"123,130,117,287",,
106313,2990,금호건설,2025,OFS,CIS,당기순이익,"42,629,043,753",,
106313,2990,금호건설,2025,OFS,CIS,매출액,"1,963,939,278,723",,
106313,2990,금호건설,2025,CFS,CIS,판매비와관리비,"80,149,262,553",,
107066,1260,남광토건,2023,CFS,BS,자산총계,"377,327,938,000",,
107066,1260,남광토건,2023,OFS,BS,차입금,"9,245,011,352",,
107066,1260,남광토건,2023,CFS,BS,유동자산,"281,146,060,000",,
107066,1260,남광토건,2023,OFS,BS,유동부채,"241,698,048,000",,
107066,1260,남광토건,2023,OFS,BS,부채총계,"264,159,573,000",,
107066,1260,남광토건,2023,CFS,BS,유형자산,"2,888,748,000",,
107066,1260,남광토건,2023,CFS,BS,매출채권,"36,961,163,000",,
107066,1260,남광토건,2023,CFS,CF,충당부채,"-1,842,907,000",,
107066,1260,남광토건,2023,CFS,CF,영업활동현금흐름,"-24,184,640,000",,
107066,1260,남광토건,2023,CFS,CF,당기순이익,"5,988,600,000",,
107066,1260,남광토건,2023,CFS,CIS,매출원가,"522,807,942,000",,
107066,1260,남광토건,2023,CFS,CIS,매출총이익,"24,875,605,000",,
107066,1260,남광토건,2023,OFS,CIS,매출액,"547,683,547,000",,
107066,1260,남광토건,2023,CFS,CIS,판매비와관리비,"20,528,622,000",,
107066,1260,남광토건,2024,CFS,BS,자산총계,"417,033,570,000",,
107066,1260,남광토건,2024,CFS,BS,유동자산,"322,220,771,000",,
107066,1260,남광토건,2024,OFS,BS,유동부채,"282,211,874,000",,
107066,1260,남광토건,2024,OFS,BS,부채총계,"297,213,478,000",,
107066,1260,남광토건,2024,CFS,BS,유형자산,"3,061,226,000",,
107066,1260,남광토건,2024,CFS,BS,매출채권,"64,388,734,000",,
107066,1260,남광토건,2024,CFS,CF,차입금,"7,000,000,000",,
107066,1260,남광토건,2024,CFS,CF,충당부채,"-2,689,058,000",,
107066,1260,남광토건,2024,CFS,CF,영업활동현금흐름,"112,475,000",,
107066,1260,남광토건,2024,CFS,CF,당기순이익,"6,198,754,000",,
107066,1260,남광토건,2024,CFS,CIS,매출원가,"479,937,459,000",,
107066,1260,남광토건,2024,CFS,CIS,매출총이익,"24,311,541,000",,
107066,1260,남광토건,2024,OFS,CIS,매출액,"504,249,000,000",,
107066,1260,남광토건,2024,CFS,CIS,판매비와관리비,"17,007,400,000",,
107066,1260,남광토건,2025,CFS,BS,자산총계,"410,092,454,000",,
107066,1260,남광토건,2025,CFS,BS,유동자산,"324,248,803,000",,
107066,1260,남광토건,2025,OFS,BS,유동부채,"272,317,681,000",,
107066,1260,남광토건,2025,OFS,BS,부채총계,"284,979,184,000",,
107066,1260,남광토건,2025,CFS,BS,유형자산,"3,183,478,000",,
107066,1260,남광토건,2025,CFS,BS,매출채권,"60,843,052,000",,
107066,1260,남광토건,2025,CFS,CF,차입금,"2,517,445,000",,
107066,1260,남광토건,2025,CFS,CF,충당부채,"-1,607,375,000",,
107066,1260,남광토건,2025,CFS,CF,영업활동현금흐름,"34,696,361,000",,
107066,1260,남광토건,2025,CFS,CF,당기순이익,"5,293,178,000",,
107066,1260,남광토건,2025,CFS,CIS,매출원가,"322,787,409,000",,
107066,1260,남광토건,2025,CFS,CIS,매출총이익,"34,658,262,000",,
107066,1260,남광토건,2025,OFS,CIS,매출액,"357,445,671,000",,
107066,1260,남광토건,2025,CFS,CIS,판매비와관리비,"23,217,778,000",,
108001,91590,남화토건,2023,CFS,BS,자산총계,"189,192,811,033",,
108001,91590,남화토건,2023,CFS,BS,유동자산,"45,233,585,374",,
108001,91590,남화토건,2023,OFS,BS,유동부채,"21,153,906,449",,
108001,91590,남화토건,2023,OFS,BS,부채총계,"25,076,142,804",,
108001,91590,남화토건,2023,OFS,BS,유형자산,"2,528,361,496",,
108001,91590,남화토건,2023,OFS,BS,매출채권,"25,574,290,455",,
108001,91590,남화토건,2023,CFS,CF,차입금,"11,000,000,000",,
108001,91590,남화토건,2023,OFS,CF,영업활동현금흐름,"-21,117,512,203",,
108001,91590,남화토건,2023,OFS,CF,당기순이익,"-18,693,882,386",,
108001,91590,남화토건,2023,OFS,CIS,매출원가,"70,468,179,945",,
108001,91590,남화토건,2023,OFS,CIS,매출총이익,"166,176,385",,
108001,91590,남화토건,2023,OFS,CIS,매출액,"70,634,356,330",,
108001,91590,남화토건,2023,CFS,CIS,판매비와관리비,"4,594,816,475",,
108001,91590,남화토건,2024,CFS,BS,자산총계,"192,703,998,432",,
108001,91590,남화토건,2024,CFS,BS,유동자산,"29,908,278,654",,
108001,91590,남화토건,2024,OFS,BS,유동부채,"19,043,631,232",,
108001,91590,남화토건,2024,OFS,BS,부채총계,"21,360,566,181",,
108001,91590,남화토건,2024,OFS,BS,유형자산,"2,470,502,121",,
108001,91590,남화토건,2024,OFS,BS,매출채권,"9,361,324,825",,
108001,91590,남화토건,2024,OFS,CF,영업활동현금흐름,"11,351,211,616",,
108001,91590,남화토건,2024,OFS,CF,당기순이익,"6,792,938,923",,
108001,91590,남화토건,2024,OFS,CIS,매출원가,"51,282,707,708",,
108001,91590,남화토건,2024,OFS,CIS,매출총이익,"4,193,219,533",,
108001,91590,남화토건,2024,OFS,CIS,매출액,"55,475,927,241",,
108001,91590,남화토건,2024,CFS,CIS,판매비와관리비,"6,321,819,640",,
108001,91590,남화토건,2025,CFS,BS,자산총계,"199,988,986,791",,
108001,91590,남화토건,2025,CFS,BS,유동자산,"28,563,226,667",,
108001,91590,남화토건,2025,OFS,BS,유동부채,"16,362,193,977",,
108001,91590,남화토건,2025,OFS,BS,부채총계,"17,783,892,657",,
108001,91590,남화토건,2025,OFS,BS,유형자산,"2,448,289,315",,
108001,91590,남화토건,2025,OFS,BS,매출채권,"11,384,515,285",,
108001,91590,남화토건,2025,OFS,CF,영업활동현금흐름,"1,927,187,643",,
108001,91590,남화토건,2025,OFS,CF,당기순이익,"10,763,034,600",,
108001,91590,남화토건,2025,OFS,CIS,매출원가,"63,824,567,863",,
108001,91590,남화토건,2025,OFS,CIS,매출총이익,"5,813,040,430",,
108001,91590,남화토건,2025,OFS,CIS,매출액,"69,637,608,293",,
108001,91590,남화토건,2025,CFS,CIS,판매비와관리비,"2,459,886,655",,
111218,44180,KD,2023,CFS,BS,자산총계,"294,765,567,665",,
111218,44180,KD,2023,OFS,BS,차입금,"97,471,347,606",,
111218,44180,KD,2023,CFS,BS,계약자산(미청구공사),0,,
111218,44180,KD,2023,CFS,BS,유동자산,"198,419,081,620",,
111218,44180,KD,2023,OFS,BS,유동부채,"115,836,034,728",,
111218,44180,KD,2023,CFS,BS,재고자산,"91,428,810,212",,
111218,44180,KD,2023,OFS,BS,부채총계,"260,963,797,884",,
111218,44180,KD,2023,OFS,BS,유형자산,"11,645,750,603",,
111218,44180,KD,2023,OFS,BS,충당부채,"1,893,432,609",,
111218,44180,KD,2023,CFS,BS,매출채권,"1,077,559,040",,
111218,44180,KD,2023,OFS,CF,영업활동현금흐름,"-15,525,157,016",,
111218,44180,KD,2023,OFS,CF,당기순이익,"-3,345,077,229",,
111218,44180,KD,2023,OFS,CIS,매출원가,"154,975,415,821",,
111218,44180,KD,2023,OFS,CIS,매출총이익,"24,404,451,457",,
111218,44180,KD,2023,OFS,CIS,매출액,"179,379,867,278",,
111218,44180,KD,2023,CFS,CIS,판매비와관리비,"20,033,671,539",,
111218,44180,KD,2024,CFS,BS,자산총계,"311,672,452,190",,
111218,44180,KD,2024,OFS,BS,차입금,"55,609,082,552",,
111218,44180,KD,2024,OFS,BS,계약자산(미청구공사),"371,199,595",,
111218,44180,KD,2024,CFS,BS,유동자산,"198,138,892,264",,
111218,44180,KD,2024,OFS,BS,유동부채,"168,542,444,782",,
111218,44180,KD,2024,CFS,BS,재고자산,"135,462,374,585",,
111218,44180,KD,2024,OFS,BS,부채총계,"271,046,770,676",,
111218,44180,KD,2024,OFS,BS,유형자산,"21,590,870,374",,
111218,44180,KD,2024,OFS,BS,충당부채,"1,191,514,434",,
111218,44180,KD,2024,CFS,BS,매출채권,"5,064,176,533",,
111218,44180,KD,2024,OFS,CF,영업활동현금흐름,"90,833,874,297",,
111218,44180,KD,2024,OFS,CF,당기순이익,"5,859,812,674",,
111218,44180,KD,2024,OFS,CIS,매출원가,"138,229,297,120",,
111218,44180,KD,2024,OFS,CIS,매출총이익,"19,386,102,113",,
111218,44180,KD,2024,OFS,CIS,매출액,"157,615,399,233",,
111218,44180,KD,2024,CFS,CIS,판매비와관리비,"16,484,526,173",,
111218,44180,KD,2025,CFS,BS,자산총계,"302,089,443,402",,
111218,44180,KD,2025,OFS,BS,차입금,"33,629,715,688",,
111218,44180,KD,2025,CFS,BS,계약자산(미청구공사),"28,617,000",,
111218,44180,KD,2025,CFS,BS,유동자산,"215,664,243,508",,
111218,44180,KD,2025,OFS,BS,유동부채,"206,591,151,317",,
111218,44180,KD,2025,CFS,BS,재고자산,"129,140,440,041",,
111218,44180,KD,2025,OFS,BS,부채총계,"286,407,558,089",,
111218,44180,KD,2025,OFS,BS,유형자산,"19,071,374,823",,
111218,44180,KD,2025,OFS,BS,충당부채,"6,989,535,157",,
111218,44180,KD,2025,CFS,BS,매출채권,"4,253,083,496",,
111218,44180,KD,2025,OFS,CF,영업활동현금흐름,"-11,730,578,850",,
111218,44180,KD,2025,OFS,CF,당기순이익,"-26,011,959,976",,
111218,44180,KD,2025,OFS,CIS,매출원가,"22,089,759,877",,
111218,44180,KD,2025,OFS,CIS,매출총이익,"5,697,337,737",,
111218,44180,KD,2025,OFS,CIS,매출액,"27,787,097,614",,
111218,44180,KD,2025,CFS,CIS,판매비와관리비,"9,964,747,743",,
111838,7680,대원,2023,CFS,BS,자산총계,"486,532,918,672",,
111838,7680,대원,2023,OFS,BS,차입금,"45,297,000,000",,
111838,7680,대원,2023,CFS,BS,계약자산(미청구공사),"67,476,892,697",,
111838,7680,대원,2023,CFS,BS,유동자산,"408,953,479,684",,
111838,7680,대원,2023,OFS,BS,유동부채,"104,819,442,197",,
111838,7680,대원,2023,OFS,BS,재고자산,"63,094,612,754",,
111838,7680,대원,2023,OFS,BS,부채총계,"169,020,520,747",,
111838,7680,대원,2023,OFS,BS,유형자산,"11,165,765,550",,
111838,7680,대원,2023,OFS,BS,충당부채,"4,640,079,092",,
111838,7680,대원,2023,OFS,BS,매출채권,"64,640,471,165",,
111838,7680,대원,2023,OFS,CF,영업활동현금흐름,"-51,709,603,181",,
111838,7680,대원,2023,OFS,CF,감가상각비,"122,127,202",,
111838,7680,대원,2023,OFS,CF,당기순이익,"-50,464,872,370",,
111838,7680,대원,2023,OFS,CIS,매출원가,"403,947,146,392",,
111838,7680,대원,2023,OFS,CIS,매출총이익,"15,449,726,487",,
111838,7680,대원,2023,OFS,CIS,매출액,"419,396,872,879",,
111838,7680,대원,2023,OFS,CIS,판매비와관리비,"73,757,044,754",,
111838,7680,대원,2024,CFS,BS,자산총계,"481,271,732,029",,
111838,7680,대원,2024,OFS,BS,차입금,"58,547,000,000",,
111838,7680,대원,2024,CFS,BS,계약자산(미청구공사),"61,116,936,793",,
111838,7680,대원,2024,CFS,BS,유동자산,"410,535,046,547",,
111838,7680,대원,2024,OFS,BS,유동부채,"120,303,502,212",,
111838,7680,대원,2024,OFS,BS,재고자산,"56,323,832,382",,
111838,7680,대원,2024,OFS,BS,부채총계,"182,902,753,117",,
111838,7680,대원,2024,OFS,BS,유형자산,"11,017,116,489",,
111838,7680,대원,2024,OFS,BS,충당부채,"2,050,700,198",,
111838,7680,대원,2024,OFS,BS,매출채권,"60,181,220,440",,
111838,7680,대원,2024,OFS,CF,영업활동현금흐름,"-86,835,147,808",,
111838,7680,대원,2024,OFS,CF,감가상각비,"126,237,222",,
111838,7680,대원,2024,OFS,CF,당기순이익,"8,208,542,928",,
111838,7680,대원,2024,OFS,CIS,매출원가,"234,200,900,591",,
111838,7680,대원,2024,OFS,CIS,매출총이익,"26,439,481,003",,
111838,7680,대원,2024,OFS,CIS,매출액,"260,640,381,594",,
111838,7680,대원,2024,OFS,CIS,판매비와관리비,"22,070,792,567",,
111838,7680,대원,2025,CFS,BS,자산총계,"509,462,619,856",,
111838,7680,대원,2025,OFS,BS,차입금,"39,420,942,750",,
111838,7680,대원,2025,CFS,BS,계약자산(미청구공사),"10,043,811,162",,
111838,7680,대원,2025,CFS,BS,유동자산,"430,295,646,717",,
111838,7680,대원,2025,OFS,BS,유동부채,"60,130,451,174",,
111838,7680,대원,2025,OFS,BS,재고자산,"158,496,254,877",,
111838,7680,대원,2025,OFS,BS,부채총계,"220,318,459,690",,
111838,7680,대원,2025,OFS,BS,유형자산,"8,110,305,022",,
111838,7680,대원,2025,OFS,BS,충당부채,"659,326,830",,
111838,7680,대원,2025,OFS,BS,매출채권,"46,350,887,717",,
111838,7680,대원,2025,OFS,CF,영업활동현금흐름,"-68,672,803,143",,
111838,7680,대원,2025,OFS,CF,감가상각비,"153,887,280",,
111838,7680,대원,2025,OFS,CF,당기순이익,"-4,289,968,465",,
111838,7680,대원,2025,OFS,CIS,매출원가,"85,351,192,367",,
111838,7680,대원,2025,OFS,CIS,매출총이익,"10,624,107,221",,
111838,7680,대원,2025,OFS,CIS,매출액,"95,975,299,588",,
111838,7680,대원,2025,OFS,CIS,판매비와관리비,"21,661,631,861",,
114552,2150,도화엔지니어링,2023,CFS,BS,자산총계,"605,100,050,298",,
114552,2150,도화엔지니어링,2023,OFS,BS,차입금,"283,668,000",,
114552,2150,도화엔지니어링,2023,CFS,BS,유동자산,"288,178,634,692",,
114552,2150,도화엔지니어링,2023,OFS,BS,유동부채,"263,227,494,310",,
114552,2150,도화엔지니어링,2023,OFS,BS,부채총계,"294,786,177,769",,
114552,2150,도화엔지니어링,2023,CFS,BS,유형자산,"219,557,544,763",,
114552,2150,도화엔지니어링,2023,OFS,BS,충당부채,"664,700,877",,
114552,2150,도화엔지니어링,2023,CFS,BS,매출채권,"162,583,538,144",,
114552,2150,도화엔지니어링,2023,OFS,CF,영업활동현금흐름,"26,653,227,273",,
114552,2150,도화엔지니어링,2023,OFS,CF,감가상각비,"3,486,837,932",,
114552,2150,도화엔지니어링,2023,OFS,CF,당기순이익,"21,015,721,655",,
114552,2150,도화엔지니어링,2023,OFS,CIS,매출액,"566,581,573,652",,
114552,2150,도화엔지니어링,2023,OFS,CIS,판매비와관리비,"548,494,976,333",,
114552,2150,도화엔지니어링,2024,CFS,BS,자산총계,"605,181,373,534",,
114552,2150,도화엔지니어링,2024,CFS,BS,차입금,"22,971,429,730",,
114552,2150,도화엔지니어링,2024,CFS,BS,유동자산,"268,534,541,204",,
114552,2150,도화엔지니어링,2024,OFS,BS,유동부채,"280,076,013,523",,
114552,2150,도화엔지니어링,2024,OFS,BS,부채총계,"312,382,893,381",,
114552,2150,도화엔지니어링,2024,CFS,BS,유형자산,"230,027,378,939",,
114552,2150,도화엔지니어링,2024,OFS,BS,충당부채,"3,015,913,317",,
114552,2150,도화엔지니어링,2024,CFS,BS,매출채권,"144,208,419,577",,
114552,2150,도화엔지니어링,2024,OFS,CF,영업활동현금흐름,"25,113,123,121",,
114552,2150,도화엔지니어링,2024,OFS,CF,감가상각비,"3,803,429,003",,
114552,2150,도화엔지니어링,2024,OFS,CF,당기순이익,"-871,196,639",,
114552,2150,도화엔지니어링,2024,OFS,CIS,매출액,"574,505,206,428",,
114552,2150,도화엔지니어링,2024,OFS,CIS,판매비와관리비,"586,740,181,452",,
114552,2150,도화엔지니어링,2025,CFS,BS,자산총계,"725,157,706,076",,
114552,2150,도화엔지니어링,2025,OFS,BS,차입금,"3,649,014,000",,
114552,2150,도화엔지니어링,2025,CFS,BS,유동자산,"297,854,013,272",,
114552,2150,도화엔지니어링,2025,OFS,BS,유동부채,"311,828,037,315",,
114552,2150,도화엔지니어링,2025,OFS,BS,부채총계,"350,339,516,058",,
114552,2150,도화엔지니어링,2025,CFS,BS,유형자산,"308,823,561,941",,
114552,2150,도화엔지니어링,2025,OFS,BS,충당부채,"3,136,102,198",,
114552,2150,도화엔지니어링,2025,OFS,CF,영업활동현금흐름,"14,526,450,602",,
114552,2150,도화엔지니어링,2025,OFS,CF,감가상각비,"3,869,318,645",,
114552,2150,도화엔지니어링,2025,OFS,CF,당기순이익,"10,151,146,282",,
114552,2150,도화엔지니어링,2025,OFS,CIS,매출액,"678,365,209,784",,
114552,2150,도화엔지니어링,2025,OFS,CIS,판매비와관리비,"647,826,994,402",,
115612,5960,동부건설,2023,CFS,BS,자산총계,"1,807,512,336,047",,
115612,5960,동부건설,2023,CFS,BS,유동자산,"1,363,719,905,898",,
115612,5960,동부건설,2023,OFS,BS,유동부채,"696,750,751,366",,
115612,5960,동부건설,2023,OFS,BS,재고자산,"68,190,544,776",,
115612,5960,동부건설,2023,OFS,BS,부채총계,"893,336,554,661",,
115612,5960,동부건설,2023,OFS,BS,유형자산,"36,708,302,405",,
115612,5960,동부건설,2023,OFS,BS,충당부채,"5,113,698,337",,
115612,5960,동부건설,2023,OFS,BS,매출채권,"227,921,469,931",,
115612,5960,동부건설,2023,CFS,CF,차입금,"761,289,441,146",,
115612,5960,동부건설,2023,CFS,CF,영업활동현금흐름,"78,801,107,162",,
115612,5960,동부건설,2023,CFS,CF,당기순이익,"-4,854,316,016",,
115612,5960,동부건설,2023,OFS,CIS,매출원가,"1,692,809,692,291",,
115612,5960,동부건설,2023,OFS,CIS,매출총이익,"105,235,043,637",,
115612,5960,동부건설,2023,OFS,CIS,매출액,"1,798,044,735,928",,
115612,5960,동부건설,2023,CFS,CIS,판매비와관리비,"101,526,091,073",,
115612,5960,동부건설,2024,CFS,BS,자산총계,"1,651,094,133,285",,
115612,5960,동부건설,2024,CFS,BS,유동자산,"1,200,324,643,117",,
115612,5960,동부건설,2024,OFS,BS,유동부채,"969,673,917,998",,
115612,5960,동부건설,2024,OFS,BS,재고자산,"88,438,143,693",,
115612,5960,동부건설,2024,OFS,BS,부채총계,"1,086,722,657,433",,
115612,5960,동부건설,2024,OFS,BS,유형자산,"34,795,551,508",,
115612,5960,동부건설,2024,OFS,BS,충당부채,"16,101,562,614",,
115612,5960,동부건설,2024,OFS,BS,매출채권,"183,436,071,992",,
115612,5960,동부건설,2024,CFS,CF,차입금,"590,134,476,523",,
115612,5960,동부건설,2024,CFS,CF,영업활동현금흐름,"171,020,308,341",,
115612,5960,동부건설,2024,CFS,CF,당기순이익,"-107,507,005,059",,
115612,5960,동부건설,2024,OFS,CIS,매출원가,"1,552,006,073,387",,
115612,5960,동부건설,2024,OFS,CIS,매출총이익,"11,152,088,354",,
115612,5960,동부건설,2024,OFS,CIS,매출액,"1,563,158,161,741",,
115612,5960,동부건설,2024,CFS,CIS,판매비와관리비,"134,797,222,939",,
115612,5960,동부건설,2025,CFS,BS,자산총계,"1,687,863,462,009",,
115612,5960,동부건설,2025,CFS,BS,유동자산,"1,125,744,750,884",,
115612,5960,동부건설,2025,OFS,BS,유동부채,"798,536,855,169",,
115612,5960,동부건설,2025,OFS,BS,재고자산,"264,053,843,908",,
115612,5960,동부건설,2025,OFS,BS,부채총계,"1,037,631,958,421",,
115612,5960,동부건설,2025,OFS,BS,유형자산,"29,496,564,450",,
115612,5960,동부건설,2025,OFS,BS,충당부채,"4,079,175,196",,
115612,5960,동부건설,2025,OFS,BS,매출채권,"164,115,380,183",,
115612,5960,동부건설,2025,CFS,CF,차입금,"588,146,870,352",,
115612,5960,동부건설,2025,CFS,CF,영업활동현금흐름,"-21,895,164,812",,
115612,5960,동부건설,2025,CFS,CF,당기순이익,"44,513,030,968",,
115612,5960,동부건설,2025,OFS,CIS,매출원가,"1,443,680,851,892",,
115612,5960,동부건설,2025,OFS,CIS,매출총이익,"187,850,900,248",,
115612,5960,동부건설,2025,OFS,CIS,매출액,"1,631,531,752,140",,
115612,5960,동부건설,2025,CFS,CIS,판매비와관리비,"142,310,274,917",,
115977,10780,아이에스동서,2023,CFS,BS,자산총계,"4,237,373,316,087",,
115977,10780,아이에스동서,2023,OFS,BS,차입금,"308,400,000,000",,
115977,10780,아이에스동서,2023,CFS,BS,유동자산,"2,622,293,463,452",,
115977,10780,아이에스동서,2023,OFS,BS,유동부채,"1,391,520,290,444",,
115977,10780,아이에스동서,2023,OFS,BS,재고자산,"1,245,640,927,166",,
115977,10780,아이에스동서,2023,OFS,BS,부채총계,"2,072,375,638,791",,
115977,10780,아이에스동서,2023,OFS,BS,유형자산,"127,640,738,637",,
115977,10780,아이에스동서,2023,OFS,BS,충당부채,"62,831,620,108",,
115977,10780,아이에스동서,2023,OFS,BS,매출채권,"263,070,700,802",,
115977,10780,아이에스동서,2023,CFS,CF,영업활동현금흐름,"128,463,314,969",,
115977,10780,아이에스동서,2023,CFS,CF,당기순이익,"160,256,444,657",,
115977,10780,아이에스동서,2023,OFS,CIS,매출원가,"1,011,764,749,874",,
115977,10780,아이에스동서,2023,OFS,CIS,매출총이익,"394,194,758,769",,
115977,10780,아이에스동서,2023,OFS,CIS,매출액,"1,405,959,508,643",,
115977,10780,아이에스동서,2023,CFS,CIS,판매비와관리비,"165,276,762,501",,
115977,10780,아이에스동서,2024,CFS,BS,자산총계,"3,553,988,560,322",,
115977,10780,아이에스동서,2024,OFS,BS,차입금,"452,728,382,761",,
115977,10780,아이에스동서,2024,CFS,BS,유동자산,"2,117,324,178,302",,
115977,10780,아이에스동서,2024,OFS,BS,유동부채,"1,396,524,309,877",,
115977,10780,아이에스동서,2024,OFS,BS,재고자산,"1,285,611,036,644",,
115977,10780,아이에스동서,2024,OFS,BS,부채총계,"1,631,939,425,117",,
115977,10780,아이에스동서,2024,OFS,BS,유형자산,"190,529,588,959",,
115977,10780,아이에스동서,2024,OFS,BS,충당부채,"59,949,213,430",,
115977,10780,아이에스동서,2024,OFS,BS,매출채권,"205,566,975,911",,
115977,10780,아이에스동서,2024,CFS,CF,영업활동현금흐름,"-130,876,724,692",,
115977,10780,아이에스동서,2024,CFS,CF,당기순이익,"-160,188,124,268",,
115977,10780,아이에스동서,2024,OFS,CIS,매출원가,"633,235,015,567",,
115977,10780,아이에스동서,2024,OFS,CIS,매출총이익,"318,245,048,844",,
115977,10780,아이에스동서,2024,OFS,CIS,매출액,"951,480,064,411",,
115977,10780,아이에스동서,2024,CFS,CIS,판매비와관리비,"219,393,050,023",,
115977,10780,아이에스동서,2025,CFS,BS,자산총계,"3,457,985,098,127",,
115977,10780,아이에스동서,2025,OFS,BS,차입금,"833,509,974,544",,
115977,10780,아이에스동서,2025,CFS,BS,유동자산,"1,971,496,357,685",,
115977,10780,아이에스동서,2025,OFS,BS,유동부채,"1,438,429,801,779",,
115977,10780,아이에스동서,2025,OFS,BS,재고자산,"1,282,766,472,336",,
115977,10780,아이에스동서,2025,OFS,BS,부채총계,"1,675,748,244,003",,
115977,10780,아이에스동서,2025,OFS,BS,유형자산,"192,352,413,388",,
115977,10780,아이에스동서,2025,OFS,BS,충당부채,"57,159,033,940",,
115977,10780,아이에스동서,2025,OFS,BS,매출채권,"158,996,506,247",,
115977,10780,아이에스동서,2025,CFS,CF,영업활동현금흐름,"133,629,547,273",,
115977,10780,아이에스동서,2025,CFS,CF,당기순이익,"-71,817,706,724",,
115977,10780,아이에스동서,2025,OFS,CIS,매출원가,"465,044,901,651",,
115977,10780,아이에스동서,2025,OFS,CIS,매출총이익,"234,412,715,558",,
115977,10780,아이에스동서,2025,OFS,CIS,매출액,"699,457,617,209",,
115977,10780,아이에스동서,2025,CFS,CIS,판매비와관리비,"247,523,149,315",,
116408,25950,동신건설,2023,OFS,BS,자산총계,"117,893,491,447",,
116408,25950,동신건설,2023,OFS,BS,차입금,"13,333,400",,
116408,25950,동신건설,2023,OFS,BS,계약자산(미청구공사),"8,816,460,070",,
116408,25950,동신건설,2023,OFS,BS,유동자산,"86,241,720,094",,
116408,25950,동신건설,2023,OFS,BS,유동부채,"14,524,599,998",,
116408,25950,동신건설,2023,OFS,BS,부채총계,"21,195,938,366",,
116408,25950,동신건설,2023,OFS,BS,유형자산,"262,124,722",,
116408,25950,동신건설,2023,OFS,BS,매출채권,"7,985,742,534",,
116408,25950,동신건설,2023,OFS,CF,충당부채,"-515,454,854",,
116408,25950,동신건설,2023,OFS,CF,영업활동현금흐름,"6,382,443,931",,
116408,25950,동신건설,2023,OFS,CF,감가상각비,"466,570,980",,
116408,25950,동신건설,2023,OFS,CF,당기순이익,"7,825,488,098",,
116408,25950,동신건설,2023,OFS,CIS,매출원가,"73,217,555,937",,
116408,25950,동신건설,2023,OFS,CIS,매출총이익,"9,526,223,296",,
116408,25950,동신건설,2023,OFS,CIS,매출액,"82,743,779,233",,
116408,25950,동신건설,2023,OFS,CIS,판매비와관리비,"3,185,437,346",,
116408,25950,동신건설,2024,OFS,BS,자산총계,"112,636,041,341",,
116408,25950,동신건설,2024,OFS,BS,차입금,"6,666,740",,
116408,25950,동신건설,2024,OFS,BS,계약자산(미청구공사),"5,699,695,283",,
116408,25950,동신건설,2024,OFS,BS,유동자산,"83,461,554,413",,
116408,25950,동신건설,2024,OFS,BS,유동부채,"11,704,778,146",,
116408,25950,동신건설,2024,OFS,BS,부채총계,"13,919,787,688",,
116408,25950,동신건설,2024,OFS,BS,유형자산,"238,727,269",,
116408,25950,동신건설,2024,OFS,BS,매출채권,"6,497,787,307",,
116408,25950,동신건설,2024,OFS,CF,충당부채,"-112,042,815",,
116408,25950,동신건설,2024,OFS,CF,영업활동현금흐름,"3,574,826,425",,
116408,25950,동신건설,2024,OFS,CF,감가상각비,"390,640,254",,
116408,25950,동신건설,2024,OFS,CF,당기순이익,"3,001,432,622",,
116408,25950,동신건설,2024,OFS,CIS,매출원가,"64,527,809,507",,
116408,25950,동신건설,2024,OFS,CIS,매출총이익,"4,443,519,309",,
116408,25950,동신건설,2024,OFS,CIS,매출액,"68,971,328,816",,
116408,25950,동신건설,2024,OFS,CIS,판매비와관리비,"3,857,626,873",,
116408,25950,동신건설,2025,OFS,BS,자산총계,"109,902,738,542",,
116408,25950,동신건설,2025,OFS,BS,계약자산(미청구공사),"7,033,529,838",,
116408,25950,동신건설,2025,OFS,BS,유동자산,"82,546,987,227",,
116408,25950,동신건설,2025,OFS,BS,유동부채,"11,022,317,211",,
116408,25950,동신건설,2025,OFS,BS,부채총계,"12,584,593,102",,
116408,25950,동신건설,2025,OFS,BS,유형자산,"312,979,308",,
116408,25950,동신건설,2025,OFS,BS,매출채권,"6,008,287,259",,
116408,25950,동신건설,2025,OFS,CF,차입금,"6,666,660",,
116408,25950,동신건설,2025,OFS,CF,충당부채,"-414,475,946",,
116408,25950,동신건설,2025,OFS,CF,영업활동현금흐름,"-4,008,108,462",,
116408,25950,동신건설,2025,OFS,CF,감가상각비,"393,382,251",,
116408,25950,동신건설,2025,OFS,CF,당기순이익,"147,365,237",,
116408,25950,동신건설,2025,OFS,CIS,매출원가,"32,044,701,110",,
116408,25950,동신건설,2025,OFS,CIS,매출총이익,"1,337,375,855",,
116408,25950,동신건설,2025,OFS,CIS,매출액,"33,382,076,965",,
116408,25950,동신건설,2025,OFS,CIS,판매비와관리비,"3,543,490,197",,
117966,13120,동원개발,2023,CFS,BS,자산총계,"1,430,301,878,907",,
117966,13120,동원개발,2023,CFS,BS,계약자산(미청구공사),"73,424,499,390",,
117966,13120,동원개발,2023,CFS,BS,유동자산,"1,358,573,214,571",,
117966,13120,동원개발,2023,OFS,BS,유동부채,"367,738,657,092",,
117966,13120,동원개발,2023,CFS,BS,재고자산,"662,493,577,623",,
117966,13120,동원개발,2023,OFS,BS,부채총계,"392,766,293,429",,
117966,13120,동원개발,2023,CFS,BS,유형자산,"947,783,953",,
117966,13120,동원개발,2023,OFS,BS,충당부채,"20,674,977,286",,
117966,13120,동원개발,2023,CFS,BS,매출채권,"179,345,350,083",,
117966,13120,동원개발,2023,CFS,CF,차입금,0,,
117966,13120,동원개발,2023,CFS,CF,영업활동현금흐름,"-75,591,044,350",,
117966,13120,동원개발,2023,OFS,CIS,매출원가,"681,982,025,763",,
117966,13120,동원개발,2023,OFS,CIS,매출총이익,"54,575,402,668",,
117966,13120,동원개발,2023,OFS,CIS,당기순이익,"42,663,377,865",,
117966,13120,동원개발,2023,OFS,CIS,매출액,"736,557,428,431",,
117966,13120,동원개발,2023,OFS,CIS,판매비와관리비,"24,257,065,539",,
117966,13120,동원개발,2024,CFS,BS,자산총계,"1,378,322,586,339",,
117966,13120,동원개발,2024,CFS,BS,계약자산(미청구공사),"40,249,358,805",,
117966,13120,동원개발,2024,CFS,BS,유동자산,"1,286,003,700,508",,
117966,13120,동원개발,2024,OFS,BS,유동부채,"187,476,662,149",,
117966,13120,동원개발,2024,CFS,BS,재고자산,"629,230,561,092",,
117966,13120,동원개발,2024,OFS,BS,부채총계,"330,041,438,841",,
117966,13120,동원개발,2024,CFS,BS,유형자산,"774,977,912",,
117966,13120,동원개발,2024,OFS,BS,충당부채,"3,260,528,514",,
117966,13120,동원개발,2024,CFS,CF,차입금,"116,617,642,890",,
117966,13120,동원개발,2024,CFS,CF,영업활동현금흐름,"96,117,267,372",,
117966,13120,동원개발,2024,OFS,CIS,매출원가,"478,353,644,832",,
117966,13120,동원개발,2024,OFS,CIS,매출총이익,"42,020,688,371",,
117966,13120,동원개발,2024,OFS,CIS,당기순이익,"18,653,257,329",,
117966,13120,동원개발,2024,OFS,CIS,매출액,"520,374,333,203",,
117966,13120,동원개발,2024,OFS,CIS,판매비와관리비,"20,564,727,245",,
117966,13120,동원개발,2025,CFS,BS,자산총계,"1,485,846,192,565",,
117966,13120,동원개발,2025,CFS,BS,계약자산(미청구공사),"34,505,489,358",,
117966,13120,동원개발,2025,CFS,BS,유동자산,"1,429,422,174,940",,
117966,13120,동원개발,2025,OFS,BS,유동부채,"397,874,803,705",,
117966,13120,동원개발,2025,CFS,BS,재고자산,"639,880,910,085",,
117966,13120,동원개발,2025,OFS,BS,부채총계,"424,118,238,184",,
117966,13120,동원개발,2025,CFS,BS,유형자산,"421,431,602",,
117966,13120,동원개발,2025,OFS,BS,충당부채,"3,642,435,140",,
117966,13120,동원개발,2025,CFS,CF,차입금,"27,000,000,000",,
117966,13120,동원개발,2025,CFS,CF,영업활동현금흐름,"-44,224,700,470",,
117966,13120,동원개발,2025,OFS,CIS,매출원가,"348,007,025,504",,
117966,13120,동원개발,2025,OFS,CIS,매출총이익,"39,337,545,954",,
117966,13120,동원개발,2025,OFS,CIS,당기순이익,"26,479,010,387",,
117966,13120,동원개발,2025,OFS,CIS,매출액,"387,344,571,458",,
117966,13120,동원개발,2025,OFS,CIS,판매비와관리비,"21,797,482,206",,
120030,6360,GS건설,2023,CFS,BS,자산총계,"17,707,299,000,000",,
120030,6360,GS건설,2023,CFS,BS,계약자산(미청구공사),"1,267,066,000,000",,
120030,6360,GS건설,2023,CFS,BS,유동자산,"9,482,032,000,000",,
120030,6360,GS건설,2023,OFS,BS,유동부채,"6,844,820,000,000",,
120030,6360,GS건설,2023,CFS,BS,재고자산,"1,338,666,000,000",,
120030,6360,GS건설,2023,OFS,BS,부채총계,"9,155,845,000,000",,
120030,6360,GS건설,2023,CFS,BS,유형자산,"2,256,206,000,000",,
120030,6360,GS건설,2023,OFS,BS,충당부채,"1,025,525,000,000",,
120030,6360,GS건설,2023,CFS,BS,매출채권,"3,529,003,000,000",,
120030,6360,GS건설,2023,OFS,CF,영업활동현금흐름,"-138,485,000,000",,
120030,6360,GS건설,2023,CFS,IS,매출원가,"13,174,490,000,000",,
120030,6360,GS건설,2023,CFS,IS,매출총이익,"262,195,000,000",,
120030,6360,GS건설,2023,CFS,IS,당기순이익,"-419,501,000,000",,
120030,6360,GS건설,2023,OFS,IS,매출액,"9,377,834,000,000",,
120030,6360,GS건설,2023,CFS,IS,판매비와관리비,"650,140,000,000",,
120030,6360,GS건설,2024,CFS,BS,자산총계,"17,803,294,000,000",,
120030,6360,GS건설,2024,CFS,BS,계약자산(미청구공사),"1,200,904,000,000",,
120030,6360,GS건설,2024,CFS,BS,유동자산,"8,666,551,000,000",,
120030,6360,GS건설,2024,OFS,BS,유동부채,"6,910,335,000,000",,
120030,6360,GS건설,2024,CFS,BS,재고자산,"1,280,006,000,000",,
120030,6360,GS건설,2024,OFS,BS,부채총계,"8,794,176,000,000",,
120030,6360,GS건설,2024,CFS,BS,유형자산,"2,638,612,000,000",,
120030,6360,GS건설,2024,OFS,BS,충당부채,"788,815,000,000",,
120030,6360,GS건설,2024,CFS,BS,매출채권,"3,050,492,000,000",,
120030,6360,GS건설,2024,OFS,CF,영업활동현금흐름,"174,902,000,000",,
120030,6360,GS건설,2024,CFS,IS,매출원가,"11,749,631,000,000",,
120030,6360,GS건설,2024,CFS,IS,매출총이익,"1,114,180,000,000",,
120030,6360,GS건설,2024,CFS,IS,당기순이익,"263,924,000,000",,
120030,6360,GS건설,2024,OFS,IS,매출액,"9,311,096,000,000",,
120030,6360,GS건설,2024,CFS,IS,판매비와관리비,"828,226,000,000",,
120030,6360,GS건설,2025,CFS,BS,자산총계,"18,459,842,000,000",,
120030,6360,GS건설,2025,CFS,BS,계약자산(미청구공사),"959,574,000,000",,
120030,6360,GS건설,2025,CFS,BS,유동자산,"9,074,153,000,000",,
120030,6360,GS건설,2025,OFS,BS,유동부채,"6,086,205,000,000",,
120030,6360,GS건설,2025,CFS,BS,재고자산,"1,163,292,000,000",,
120030,6360,GS건설,2025,OFS,BS,부채총계,"8,607,245,000,000",,
120030,6360,GS건설,2025,CFS,BS,유형자산,"1,625,949,000,000",,
120030,6360,GS건설,2025,OFS,BS,충당부채,"527,428,000,000",,
120030,6360,GS건설,2025,CFS,BS,매출채권,"2,772,863,000,000",,
120030,6360,GS건설,2025,OFS,CF,영업활동현금흐름,"504,347,000,000",,
120030,6360,GS건설,2025,CFS,IS,매출원가,"11,105,283,000,000",,
120030,6360,GS건설,2025,CFS,IS,매출총이익,"1,345,064,000,000",,
120030,6360,GS건설,2025,CFS,IS,당기순이익,"93,423,000,000",,
120030,6360,GS건설,2025,OFS,IS,매출액,"8,100,207,000,000",,
120030,6360,GS건설,2025,CFS,IS,판매비와관리비,"907,255,000,000",,
121969,23960,에쓰씨엔지니어링,2023,CFS,BS,자산총계,"99,303,952,812",,
121969,23960,에쓰씨엔지니어링,2023,CFS,BS,계약자산(미청구공사),"3,036,558,200",,
121969,23960,에쓰씨엔지니어링,2023,CFS,BS,유동자산,"49,108,963,022",,
121969,23960,에쓰씨엔지니어링,2023,OFS,BS,유동부채,"46,745,601,874",,
121969,23960,에쓰씨엔지니어링,2023,OFS,BS,재고자산,"540,941,032",,
121969,23960,에쓰씨엔지니어링,2023,OFS,BS,부채총계,"47,075,745,813",,
121969,23960,에쓰씨엔지니어링,2023,CFS,BS,유형자산,"31,645,996,854",,
121969,23960,에쓰씨엔지니어링,2023,OFS,BS,충당부채,"83,122,236",,
121969,23960,에쓰씨엔지니어링,2023,CFS,BS,매출채권,"25,955,391,003",,
121969,23960,에쓰씨엔지니어링,2023,CFS,CF,차입금,0,,
121969,23960,에쓰씨엔지니어링,2023,OFS,CF,영업활동현금흐름,"-2,771,772,159",,
121969,23960,에쓰씨엔지니어링,2023,OFS,CF,당기순이익,"-5,137,497,345",,
121969,23960,에쓰씨엔지니어링,2023,OFS,CIS,매출원가,"115,967,697,277",,
121969,23960,에쓰씨엔지니어링,2023,OFS,CIS,매출총이익,"7,973,926,057",,
121969,23960,에쓰씨엔지니어링,2023,OFS,CIS,매출액,"123,941,623,334",,
121969,23960,에쓰씨엔지니어링,2023,CFS,CIS,판매비와관리비,"15,908,970,022",,
121969,23960,에쓰씨엔지니어링,2024,CFS,BS,자산총계,"111,856,083,779",,
121969,23960,에쓰씨엔지니어링,2024,CFS,BS,계약자산(미청구공사),"6,959,086,743",,
121969,23960,에쓰씨엔지니어링,2024,CFS,BS,유동자산,"63,428,609,313",,
121969,23960,에쓰씨엔지니어링,2024,OFS,BS,유동부채,"48,961,800,465",,
121969,23960,에쓰씨엔지니어링,2024,OFS,BS,재고자산,"511,504,508",,
121969,23960,에쓰씨엔지니어링,2024,OFS,BS,부채총계,"49,494,240,072",,
121969,23960,에쓰씨엔지니어링,2024,CFS,BS,유형자산,"33,053,728,668",,
121969,23960,에쓰씨엔지니어링,2024,OFS,BS,충당부채,"94,708,164",,
121969,23960,에쓰씨엔지니어링,2024,CFS,BS,매출채권,"33,330,970,755",,
121969,23960,에쓰씨엔지니어링,2024,CFS,CF,차입금,0,,
121969,23960,에쓰씨엔지니어링,2024,OFS,CF,영업활동현금흐름,"1,072,989,650",,
121969,23960,에쓰씨엔지니어링,2024,OFS,CF,당기순이익,"2,334,005,539",,
121969,23960,에쓰씨엔지니어링,2024,OFS,CIS,매출원가,"146,339,570,639",,
121969,23960,에쓰씨엔지니어링,2024,OFS,CIS,매출총이익,"15,603,645,036",,
121969,23960,에쓰씨엔지니어링,2024,OFS,CIS,매출액,"161,943,215,675",,
121969,23960,에쓰씨엔지니어링,2024,CFS,CIS,판매비와관리비,"19,891,154,009",,
121969,23960,에쓰씨엔지니어링,2025,CFS,BS,자산총계,"136,355,564,807",,
121969,23960,에쓰씨엔지니어링,2025,CFS,BS,계약자산(미청구공사),"4,990,966,000",,
121969,23960,에쓰씨엔지니어링,2025,CFS,BS,유동자산,"71,651,343,168",,
121969,23960,에쓰씨엔지니어링,2025,OFS,BS,유동부채,"58,412,482,272",,
121969,23960,에쓰씨엔지니어링,2025,OFS,BS,재고자산,"705,193,883",,
121969,23960,에쓰씨엔지니어링,2025,OFS,BS,부채총계,"59,361,180,297",,
121969,23960,에쓰씨엔지니어링,2025,CFS,BS,유형자산,"48,463,620,699",,
121969,23960,에쓰씨엔지니어링,2025,OFS,BS,충당부채,"145,587,732",,
121969,23960,에쓰씨엔지니어링,2025,CFS,BS,매출채권,"14,061,566,765",,
121969,23960,에쓰씨엔지니어링,2025,CFS,CF,차입금,"3,043,000,000",,
121969,23960,에쓰씨엔지니어링,2025,OFS,CF,영업활동현금흐름,"-962,252,963",,
121969,23960,에쓰씨엔지니어링,2025,OFS,CF,당기순이익,"-8,794,022,300",,
121969,23960,에쓰씨엔지니어링,2025,OFS,CIS,매출원가,"141,023,560,990",,
121969,23960,에쓰씨엔지니어링,2025,OFS,CIS,매출총이익,"10,851,036,825",,
121969,23960,에쓰씨엔지니어링,2025,OFS,CIS,매출액,"151,874,597,815",,
121969,23960,에쓰씨엔지니어링,2025,CFS,CIS,판매비와관리비,"28,127,648,861",,
122694,2410,범양건영,2023,CFS,BS,자산총계,"192,910,732,982",,
122694,2410,범양건영,2023,OFS,BS,차입금,"4,950,000,000",,
122694,2410,범양건영,2023,CFS,BS,유동자산,"79,442,666,367",,
122694,2410,범양건영,2023,OFS,BS,유동부채,"44,296,789,147",,
122694,2410,범양건영,2023,CFS,BS,재고자산,"30,916,800,161",,
122694,2410,범양건영,2023,OFS,BS,부채총계,"57,690,676,161",,
122694,2410,범양건영,2023,OFS,BS,유형자산,"2,454,824,322",,
122694,2410,범양건영,2023,OFS,BS,충당부채,"992,262,986",,
122694,2410,범양건영,2023,OFS,BS,매출채권,"7,975,920,360",,
122694,2410,범양건영,2023,OFS,CF,영업활동현금흐름,"318,620,807",,
122694,2410,범양건영,2023,OFS,CF,당기순이익,"-12,125,504,513",,
122694,2410,범양건영,2023,OFS,CIS,매출원가,"102,918,913,561",,
122694,2410,범양건영,2023,OFS,CIS,매출총이익,"2,546,718,831",,
122694,2410,범양건영,2023,OFS,CIS,매출액,"105,465,632,392",,
122694,2410,범양건영,2023,OFS,CIS,판매비와관리비,"12,723,617,748",,
122694,2410,범양건영,2024,CFS,BS,자산총계,"187,184,486,500",,
122694,2410,범양건영,2024,OFS,BS,차입금,"24,008,277,371",,
122694,2410,범양건영,2024,CFS,BS,유동자산,"85,310,733,695",,
122694,2410,범양건영,2024,OFS,BS,유동부채,"81,453,577,105",,
122694,2410,범양건영,2024,CFS,BS,재고자산,"29,302,274,155",,
122694,2410,범양건영,2024,OFS,BS,부채총계,"91,210,565,247",,
122694,2410,범양건영,2024,OFS,BS,유형자산,"2,119,425,760",,
122694,2410,범양건영,2024,OFS,BS,충당부채,"3,272,905,176",,
122694,2410,범양건영,2024,OFS,BS,매출채권,"22,479,044,023",,
122694,2410,범양건영,2024,OFS,CF,영업활동현금흐름,"-13,692,605,013",,
122694,2410,범양건영,2024,OFS,CF,당기순이익,"-42,784,881,496",,
122694,2410,범양건영,2024,OFS,CIS,매출원가,"119,763,001,317",,
122694,2410,범양건영,2024,OFS,CIS,매출총이익,"-28,467,207,681",,
122694,2410,범양건영,2024,OFS,CIS,매출액,"91,295,793,636",,
122694,2410,범양건영,2024,OFS,CIS,판매비와관리비,"9,323,071,156",,
122694,2410,범양건영,2025,CFS,BS,자산총계,"102,977,141,702",,
122694,2410,범양건영,2025,OFS,BS,차입금,"47,121,320,618",,
122694,2410,범양건영,2025,CFS,BS,유동자산,"57,625,921,369",,
122694,2410,범양건영,2025,OFS,BS,유동부채,"109,727,545,680",,
122694,2410,범양건영,2025,CFS,BS,재고자산,"30,516,688,025",,
122694,2410,범양건영,2025,OFS,BS,부채총계,"120,482,465,530",,
122694,2410,범양건영,2025,OFS,BS,유형자산,"1,410,299,020",,
122694,2410,범양건영,2025,OFS,BS,충당부채,"679,109,989",,
122694,2410,범양건영,2025,OFS,BS,매출채권,"12,794,702,446",,
122694,2410,범양건영,2025,OFS,CF,영업활동현금흐름,"-4,098,588,059",,
122694,2410,범양건영,2025,OFS,CF,당기순이익,"-106,344,620,576",,
122694,2410,범양건영,2025,OFS,CIS,매출원가,"92,550,618,809",,
122694,2410,범양건영,2025,OFS,CIS,매출총이익,"-25,019,704,333",,
122694,2410,범양건영,2025,OFS,CIS,매출액,"67,530,914,476",,
122694,2410,범양건영,2025,OFS,CIS,판매비와관리비,"24,954,741,035",,
124540,47040,대우건설,2023,CFS,BS,자산총계,"11,243,136,483,407",,
124540,47040,대우건설,2023,OFS,BS,차입금,"437,594,219,306",,
124540,47040,대우건설,2023,CFS,BS,유동자산,"8,021,073,414,250",,
124540,47040,대우건설,2023,OFS,BS,유동부채,"4,415,222,927,945",,
124540,47040,대우건설,2023,CFS,BS,재고자산,"1,684,464,167,728",,
124540,47040,대우건설,2023,OFS,BS,부채총계,"6,247,973,162,911",,
124540,47040,대우건설,2023,CFS,BS,유형자산,"383,571,497,825",,
124540,47040,대우건설,2023,OFS,BS,충당부채,"258,927,961,693",,
124540,47040,대우건설,2023,CFS,BS,매출채권,"1,855,956,101,578",,
124540,47040,대우건설,2023,OFS,CF,영업활동현금흐름,"-777,014,535,807",,
124540,47040,대우건설,2023,CFS,IS,매출원가,"10,436,072,414,834",,
124540,47040,대우건설,2023,CFS,IS,매출총이익,"1,211,728,449,856",,
124540,47040,대우건설,2023,CFS,IS,당기순이익,"521,479,149,761",,
124540,47040,대우건설,2023,OFS,IS,매출액,"10,523,987,597,351",,
124540,47040,대우건설,2023,CFS,IS,판매비와관리비,"549,210,897,240",,
124540,47040,대우건설,2024,CFS,BS,자산총계,"12,658,456,266,814",,
124540,47040,대우건설,2024,CFS,BS,유동자산,"9,588,714,887,380",,
124540,47040,대우건설,2024,OFS,BS,유동부채,"3,962,736,883,345",,
124540,47040,대우건설,2024,CFS,BS,재고자산,"1,945,322,848,983",,
124540,47040,대우건설,2024,OFS,BS,부채총계,"7,332,824,861,164",,
124540,47040,대우건설,2024,CFS,BS,유형자산,"380,193,548,278",,
124540,47040,대우건설,2024,OFS,BS,충당부채,"224,921,304,989",,
124540,47040,대우건설,2024,CFS,BS,매출채권,"2,777,184,300,328",,
124540,47040,대우건설,2024,OFS,CF,차입금,"1,944,702,899,538",,
124540,47040,대우건설,2024,OFS,CF,영업활동현금흐름,"-1,066,106,509,650",,
124540,47040,대우건설,2024,CFS,IS,매출원가,"9,576,062,675,052",,
124540,47040,대우건설,2024,CFS,IS,매출총이익,"927,546,410,982",,
124540,47040,대우건설,2024,CFS,IS,당기순이익,"242,849,735,359",,
124540,47040,대우건설,2024,OFS,IS,매출액,"9,397,321,226,320",,
124540,47040,대우건설,2024,CFS,IS,판매비와관리비,"524,420,797,101",,
124540,47040,대우건설,2025,CFS,BS,자산총계,"13,358,502,674,960",,
124540,47040,대우건설,2025,CFS,BS,유동자산,"9,922,602,327,677",,
124540,47040,대우건설,2025,OFS,BS,유동부채,"4,472,328,157,256",,
124540,47040,대우건설,2025,CFS,BS,재고자산,"2,427,669,185,668",,
124540,47040,대우건설,2025,OFS,BS,부채총계,"8,604,098,758,451",,
124540,47040,대우건설,2025,CFS,BS,유형자산,"451,554,392,609",,
124540,47040,대우건설,2025,OFS,BS,충당부채,"271,664,124,630",,
124540,47040,대우건설,2025,CFS,BS,매출채권,"2,682,397,653,349",,
124540,47040,대우건설,2025,OFS,CF,차입금,"1,383,758,124,378",,
124540,47040,대우건설,2025,OFS,CF,영업활동현금흐름,"543,620,865,795",,
124540,47040,대우건설,2025,CFS,IS,매출원가,"7,816,182,748,021",,
124540,47040,대우건설,2025,CFS,IS,매출총이익,"238,444,389,836",,
124540,47040,대우건설,2025,CFS,IS,당기순이익,"-916,079,534,292",,
124540,47040,대우건설,2025,OFS,IS,매출액,"7,168,594,831,966",,
124540,47040,대우건설,2025,CFS,IS,판매비와관리비,"1,053,875,669,627",,
125974,1470,삼부토건,2023,CFS,BS,자산총계,"513,742,450,417",,
125974,1470,삼부토건,2023,OFS,BS,차입금,"149,187,018,106",,
125974,1470,삼부토건,2023,CFS,BS,유동자산,"414,655,102,235",,
125974,1470,삼부토건,2023,OFS,BS,유동부채,"320,170,727,561",,
125974,1470,삼부토건,2023,CFS,BS,재고자산,"171,609,368,843",,
125974,1470,삼부토건,2023,OFS,BS,부채총계,"371,428,728,343",,
125974,1470,삼부토건,2023,CFS,BS,유형자산,"17,847,578,089",,
125974,1470,삼부토건,2023,OFS,BS,충당부채,"31,913,526,333",,
125974,1470,삼부토건,2023,CFS,BS,매출채권,"98,832,411,460",,
125974,1470,삼부토건,2023,OFS,CF,영업활동현금흐름,"-119,774,811,973",,
125974,1470,삼부토건,2023,OFS,CIS,매출원가,"573,624,308,687",,
125974,1470,삼부토건,2023,OFS,CIS,매출총이익,"-50,641,224,265",,
125974,1470,삼부토건,2023,OFS,CIS,당기순이익,"-124,334,505,318",,
125974,1470,삼부토건,2023,OFS,CIS,매출액,"522,983,084,422",,
125974,1470,삼부토건,2023,CFS,CIS,판매비와관리비,"42,595,406,161",,
125974,1470,삼부토건,2024,CFS,BS,자산총계,"218,110,139,322",,
125974,1470,삼부토건,2024,OFS,BS,차입금,"66,519,387,609",,
125974,1470,삼부토건,2024,CFS,BS,유동자산,"127,248,580,378",,
125974,1470,삼부토건,2024,OFS,BS,유동부채,"271,558,682,047",,
125974,1470,삼부토건,2024,CFS,BS,재고자산,"45,295,113,008",,
125974,1470,삼부토건,2024,OFS,BS,부채총계,"298,903,394,569",,
125974,1470,삼부토건,2024,CFS,BS,유형자산,"3,784,865,173",,
125974,1470,삼부토건,2024,OFS,BS,충당부채,"50,458,310,496",,
125974,1470,삼부토건,2024,CFS,BS,매출채권,"45,063,116,943",,
125974,1470,삼부토건,2024,OFS,CF,영업활동현금흐름,"60,683,602,546",,
125974,1470,삼부토건,2024,OFS,CIS,매출원가,"467,601,686,847",,
125974,1470,삼부토건,2024,OFS,CIS,매출총이익,"-29,982,999,289",,
125974,1470,삼부토건,2024,OFS,CIS,당기순이익,"-218,450,176,025",,
125974,1470,삼부토건,2024,OFS,CIS,매출액,"437,618,687,558",,
125974,1470,삼부토건,2024,CFS,CIS,판매비와관리비,"110,061,613,976",,
125974,1470,삼부토건,2025,CFS,BS,자산총계,"174,374,947,199",,
125974,1470,삼부토건,2025,OFS,BS,차입금,"60,736,798,413",,
125974,1470,삼부토건,2025,CFS,BS,유동자산,"51,319,973,181",,
125974,1470,삼부토건,2025,OFS,BS,유동부채,"291,729,080,741",,
125974,1470,삼부토건,2025,CFS,BS,재고자산,"1,238,963,090",,
125974,1470,삼부토건,2025,OFS,BS,부채총계,"317,089,550,497",,
125974,1470,삼부토건,2025,CFS,BS,유형자산,"3,837,819,359",,
125974,1470,삼부토건,2025,OFS,BS,충당부채,"78,736,528,915",,
125974,1470,삼부토건,2025,CFS,BS,매출채권,"5,782,473,135",,
125974,1470,삼부토건,2025,OFS,CF,영업활동현금흐름,"5,681,735,180",,
125974,1470,삼부토건,2025,OFS,CIS,매출원가,"77,477,927,205",,
125974,1470,삼부토건,2025,OFS,CIS,매출총이익,"666,839,642",,
125974,1470,삼부토건,2025,OFS,CIS,당기순이익,"-77,329,167,586",,
125974,1470,삼부토건,2025,OFS,CIS,매출액,"78,144,766,847",,
125974,1470,삼부토건,2025,CFS,CIS,판매비와관리비,"33,317,739,178",,
126308,28050,삼성E&A,2023,CFS,BS,자산총계,"7,801,398,613,122",,
126308,28050,삼성E&A,2023,OFS,BS,차입금,0,,
126308,28050,삼성E&A,2023,CFS,BS,계약자산(미청구공사),"7,829,698,677",,
126308,28050,삼성E&A,2023,CFS,BS,유동자산,"5,965,342,032,534",,
126308,28050,삼성E&A,2023,OFS,BS,유동부채,"2,703,893,363,094",,
126308,28050,삼성E&A,2023,OFS,BS,부채총계,"2,804,291,155,270",,
126308,28050,삼성E&A,2023,CFS,BS,유형자산,"429,722,103,963",,
126308,28050,삼성E&A,2023,OFS,BS,매출채권,"1,128,709,799,570",,
126308,28050,삼성E&A,2023,OFS,CF,영업활동현금흐름,"568,274,499,449",,
126308,28050,삼성E&A,2023,OFS,IS,매출원가,"5,348,626,606,123",,
126308,28050,삼성E&A,2023,OFS,IS,매출총이익,"884,274,222,165",,
126308,28050,삼성E&A,2023,OFS,IS,당기순이익,"633,492,277,632",,
126308,28050,삼성E&A,2023,OFS,IS,매출액,"6,232,900,828,288",,
126308,28050,삼성E&A,2023,OFS,IS,판매비와관리비,"445,803,239,893",,
126308,28050,삼성E&A,2024,CFS,BS,자산총계,"10,013,337,796,132",,
126308,28050,삼성E&A,2024,OFS,BS,차입금,"103,600,000,000",,
126308,28050,삼성E&A,2024,CFS,BS,계약자산(미청구공사),"694,247,113",,
126308,28050,삼성E&A,2024,CFS,BS,유동자산,"7,941,890,024,257",,
126308,28050,삼성E&A,2024,OFS,BS,유동부채,"3,773,281,622,050",,
126308,28050,삼성E&A,2024,OFS,BS,부채총계,"3,883,657,268,984",,
126308,28050,삼성E&A,2024,CFS,BS,유형자산,"443,361,791,659",,
126308,28050,삼성E&A,2024,OFS,BS,매출채권,"2,793,065,030,369",,
126308,28050,삼성E&A,2024,OFS,CF,영업활동현금흐름,"1,116,503,962,157",,
126308,28050,삼성E&A,2024,OFS,IS,매출원가,"5,278,545,138,346",,
126308,28050,삼성E&A,2024,OFS,IS,매출총이익,"1,434,683,988,824",,
126308,28050,삼성E&A,2024,OFS,IS,당기순이익,"768,683,567,630",,
126308,28050,삼성E&A,2024,OFS,IS,매출액,"6,713,229,127,170",,
126308,28050,삼성E&A,2024,OFS,IS,판매비와관리비,"493,048,988,739",,
126308,28050,삼성E&A,2025,CFS,BS,자산총계,"10,039,557,572,475",,
126308,28050,삼성E&A,2025,OFS,BS,차입금,0,,
126308,28050,삼성E&A,2025,CFS,BS,계약자산(미청구공사),"74,384,193",,
126308,28050,삼성E&A,2025,CFS,BS,유동자산,"7,659,197,467,345",,
126308,28050,삼성E&A,2025,OFS,BS,유동부채,"4,132,698,435,739",,
126308,28050,삼성E&A,2025,OFS,BS,부채총계,"4,252,911,035,609",,
126308,28050,삼성E&A,2025,CFS,BS,유형자산,"507,485,359,693",,
126308,28050,삼성E&A,2025,OFS,BS,매출채권,"1,779,735,758,651",,
126308,28050,삼성E&A,2025,OFS,CF,영업활동현금흐름,"1,462,863,710,770",,
126308,28050,삼성E&A,2025,OFS,IS,매출원가,"3,865,990,269,738",,
126308,28050,삼성E&A,2025,OFS,IS,매출총이익,"821,964,271,528",,
126308,28050,삼성E&A,2025,OFS,IS,당기순이익,"391,684,901,931",,
126308,28050,삼성E&A,2025,OFS,IS,매출액,"4,687,954,541,266",,
126308,28050,삼성E&A,2025,OFS,IS,판매비와관리비,"479,357,358,016",,
127936,2290,삼일기업공사,2023,OFS,BS,자산총계,"76,897,352,397",,
127936,2290,삼일기업공사,2023,OFS,BS,계약자산(미청구공사),"10,791,301,963",,
127936,2290,삼일기업공사,2023,OFS,BS,유동자산,"67,633,555,968",,
127936,2290,삼일기업공사,2023,OFS,BS,유동부채,"10,407,653,121",,
127936,2290,삼일기업공사,2023,OFS,BS,부채총계,"11,649,114,113",,
127936,2290,삼일기업공사,2023,OFS,BS,유형자산,"1,688,789,500",,
127936,2290,삼일기업공사,2023,OFS,BS,매출채권,"6,620,162,204",,
127936,2290,삼일기업공사,2023,OFS,CF,충당부채,"-113,280,643",,
127936,2290,삼일기업공사,2023,OFS,CF,영업활동현금흐름,"-4,603,557,349",,
127936,2290,삼일기업공사,2023,OFS,CF,감가상각비,"159,531,697",,
127936,2290,삼일기업공사,2023,OFS,CF,당기순이익,"3,839,135,431",,
127936,2290,삼일기업공사,2023,OFS,CIS,매출원가,"67,143,305,957",,
127936,2290,삼일기업공사,2023,OFS,CIS,매출총이익,"11,495,900,802",,
127936,2290,삼일기업공사,2023,OFS,CIS,매출액,"78,639,206,759",,
127936,2290,삼일기업공사,2023,OFS,CIS,판매비와관리비,"8,391,686,867",,
127936,2290,삼일기업공사,2024,OFS,BS,자산총계,"86,065,246,337",,
127936,2290,삼일기업공사,2024,OFS,BS,계약자산(미청구공사),"7,658,600,528",,
127936,2290,삼일기업공사,2024,OFS,BS,유동자산,"73,999,408,479",,
127936,2290,삼일기업공사,2024,OFS,BS,유동부채,"16,897,312,934",,
127936,2290,삼일기업공사,2024,OFS,BS,부채총계,"17,142,535,708",,
127936,2290,삼일기업공사,2024,OFS,BS,유형자산,"1,820,276,107",,
127936,2290,삼일기업공사,2024,OFS,BS,매출채권,"12,662,124,975",,
127936,2290,삼일기업공사,2024,OFS,CF,충당부채,"-1,075,550,874",,
127936,2290,삼일기업공사,2024,OFS,CF,영업활동현금흐름,"7,013,396,862",,
127936,2290,삼일기업공사,2024,OFS,CF,감가상각비,"219,275,422",,
127936,2290,삼일기업공사,2024,OFS,CF,당기순이익,"5,844,472,345",,
127936,2290,삼일기업공사,2024,OFS,CIS,매출원가,"102,143,602,625",,
127936,2290,삼일기업공사,2024,OFS,CIS,매출총이익,"10,506,481,730",,
127936,2290,삼일기업공사,2024,OFS,CIS,매출액,"112,650,084,355",,
127936,2290,삼일기업공사,2024,OFS,CIS,판매비와관리비,"4,853,213,695",,
127936,2290,삼일기업공사,2025,OFS,BS,자산총계,"97,803,648,974",,
127936,2290,삼일기업공사,2025,OFS,BS,계약자산(미청구공사),"16,173,494,383",,
127936,2290,삼일기업공사,2025,OFS,BS,유동자산,"86,161,690,747",,
127936,2290,삼일기업공사,2025,OFS,BS,유동부채,"24,175,893,031",,
127936,2290,삼일기업공사,2025,OFS,BS,부채총계,"24,522,490,488",,
127936,2290,삼일기업공사,2025,OFS,BS,유형자산,"1,656,228,333",,
127936,2290,삼일기업공사,2025,OFS,BS,매출채권,"2,497,957,755",,
127936,2290,삼일기업공사,2025,OFS,CF,충당부채,"73,591,782",,
127936,2290,삼일기업공사,2025,OFS,CF,영업활동현금흐름,"15,823,181,315",,
127936,2290,삼일기업공사,2025,OFS,CF,감가상각비,"252,351,426",,
127936,2290,삼일기업공사,2025,OFS,CF,당기순이익,"6,838,447,857",,
127936,2290,삼일기업공사,2025,OFS,CIS,매출원가,"72,841,985,894",,
127936,2290,삼일기업공사,2025,OFS,CIS,매출총이익,"12,335,123,907",,
127936,2290,삼일기업공사,2025,OFS,CIS,매출액,"85,177,109,801",,
127936,2290,삼일기업공사,2025,OFS,CIS,판매비와관리비,"4,940,966,724",,
128980,10960,삼호개발,2023,CFS,BS,자산총계,"326,833,302,583",,
128980,10960,삼호개발,2023,OFS,BS,차입금,"3,500,000,000",,
128980,10960,삼호개발,2023,CFS,BS,유동자산,"200,164,550,305",,
128980,10960,삼호개발,2023,OFS,BS,유동부채,"86,978,807,131",,
128980,10960,삼호개발,2023,CFS,BS,재고자산,"20,833,898,009",,
128980,10960,삼호개발,2023,OFS,BS,부채총계,"97,303,902,802",,
128980,10960,삼호개발,2023,CFS,BS,유형자산,"30,260,157,900",,
128980,10960,삼호개발,2023,OFS,BS,충당부채,"4,017,287,491",,
128980,10960,삼호개발,2023,CFS,BS,매출채권,"3,837,879,040",,
128980,10960,삼호개발,2023,OFS,CF,영업활동현금흐름,"7,593,481,837",,
128980,10960,삼호개발,2023,OFS,CIS,매출원가,"334,400,806,326",,
128980,10960,삼호개발,2023,OFS,CIS,매출총이익,"19,162,828,768",,
128980,10960,삼호개발,2023,OFS,CIS,당기순이익,"8,804,895,454",,
128980,10960,삼호개발,2023,OFS,CIS,매출액,"353,563,635,094",,
128980,10960,삼호개발,2023,OFS,CIS,판매비와관리비,"13,923,335,464",,
128980,10960,삼호개발,2024,CFS,BS,자산총계,"343,754,888,250",,
128980,10960,삼호개발,2024,OFS,BS,차입금,"3,500,000,000",,
128980,10960,삼호개발,2024,CFS,BS,유동자산,"225,174,763,187",,
128980,10960,삼호개발,2024,OFS,BS,유동부채,"107,992,295,132",,
128980,10960,삼호개발,2024,CFS,BS,재고자산,"17,752,425,400",,
128980,10960,삼호개발,2024,OFS,BS,부채총계,"116,562,765,710",,
128980,10960,삼호개발,2024,CFS,BS,유형자산,"31,512,946,819",,
128980,10960,삼호개발,2024,OFS,BS,충당부채,"4,989,048,110",,
128980,10960,삼호개발,2024,CFS,BS,매출채권,"5,231,344,472",,
128980,10960,삼호개발,2024,OFS,CF,영업활동현금흐름,"34,495,824,673",,
128980,10960,삼호개발,2024,OFS,CIS,매출원가,"382,026,094,335",,
128980,10960,삼호개발,2024,OFS,CIS,매출총이익,"9,607,608,308",,
128980,10960,삼호개발,2024,OFS,CIS,당기순이익,"2,996,884,539",,
128980,10960,삼호개발,2024,OFS,CIS,매출액,"391,633,702,643",,
128980,10960,삼호개발,2024,OFS,CIS,판매비와관리비,"13,794,194,455",,
128980,10960,삼호개발,2025,CFS,BS,자산총계,"366,082,340,820",,
128980,10960,삼호개발,2025,OFS,BS,차입금,"3,500,000,000",,
128980,10960,삼호개발,2025,CFS,BS,유동자산,"206,899,743,131",,
128980,10960,삼호개발,2025,OFS,BS,유동부채,"104,754,975,027",,
128980,10960,삼호개발,2025,CFS,BS,재고자산,"19,510,346,125",,
128980,10960,삼호개발,2025,OFS,BS,부채총계,"119,682,756,346",,
128980,10960,삼호개발,2025,CFS,BS,유형자산,"31,746,369,011",,
128980,10960,삼호개발,2025,OFS,BS,충당부채,"419,963,885",,
128980,10960,삼호개발,2025,CFS,BS,매출채권,"52,590,753,336",,
128980,10960,삼호개발,2025,OFS,CF,영업활동현금흐름,"34,864,109,301",,
128980,10960,삼호개발,2025,OFS,CIS,매출원가,"372,441,217,792",,
128980,10960,삼호개발,2025,OFS,CIS,매출총이익,"25,205,299,499",,
128980,10960,삼호개발,2025,OFS,CIS,당기순이익,"14,569,877,030",,
128980,10960,삼호개발,2025,OFS,CIS,매출액,"397,646,517,291",,
128980,10960,삼호개발,2025,OFS,CIS,판매비와관리비,"14,840,363,967",,
129420,13700,까뮤이앤씨,2023,CFS,BS,자산총계,"255,548,356,312",,
129420,13700,까뮤이앤씨,2023,OFS,BS,차입금,"14,000,000,000",,
129420,13700,까뮤이앤씨,2023,CFS,BS,유동자산,"164,929,361,341",,
129420,13700,까뮤이앤씨,2023,OFS,BS,유동부채,"105,496,585,010",,
129420,13700,까뮤이앤씨,2023,OFS,BS,재고자산,"20,023,466,563",,
129420,13700,까뮤이앤씨,2023,OFS,BS,부채총계,"143,329,125,204",,
129420,13700,까뮤이앤씨,2023,CFS,BS,유형자산,"65,520,721,704",,
129420,13700,까뮤이앤씨,2023,OFS,BS,충당부채,"6,914,006,829",,
129420,13700,까뮤이앤씨,2023,OFS,BS,매출채권,"43,475,848,117",,
129420,13700,까뮤이앤씨,2023,OFS,CF,영업활동현금흐름,"1,626,479,025",,
129420,13700,까뮤이앤씨,2023,OFS,CF,당기순이익,"2,607,626,820",,
129420,13700,까뮤이앤씨,2023,OFS,CIS,매출원가,"263,495,537,421",,
129420,13700,까뮤이앤씨,2023,OFS,CIS,매출총이익,"15,332,415,961",,
129420,13700,까뮤이앤씨,2023,OFS,CIS,매출액,"278,827,953,382",,
129420,13700,까뮤이앤씨,2023,OFS,CIS,판매비와관리비,"8,681,155,041",,
129420,13700,까뮤이앤씨,2024,CFS,BS,자산총계,"276,541,274,780",,
129420,13700,까뮤이앤씨,2024,OFS,BS,차입금,"65,830,900,200",,
129420,13700,까뮤이앤씨,2024,CFS,BS,유동자산,"174,042,410,331",,
129420,13700,까뮤이앤씨,2024,OFS,BS,유동부채,"120,895,690,890",,
129420,13700,까뮤이앤씨,2024,OFS,BS,재고자산,"18,917,105,197",,
129420,13700,까뮤이앤씨,2024,OFS,BS,부채총계,"153,754,675,850",,
129420,13700,까뮤이앤씨,2024,CFS,BS,유형자산,"78,268,545,313",,
129420,13700,까뮤이앤씨,2024,OFS,BS,충당부채,"4,965,566,733",,
129420,13700,까뮤이앤씨,2024,OFS,BS,매출채권,"80,834,061,167",,
129420,13700,까뮤이앤씨,2024,OFS,CF,영업활동현금흐름,"-64,017,545,594",,
129420,13700,까뮤이앤씨,2024,OFS,CF,당기순이익,"-18,222,513,354",,
129420,13700,까뮤이앤씨,2024,OFS,CIS,매출원가,"206,449,806,187",,
129420,13700,까뮤이앤씨,2024,OFS,CIS,매출총이익,"982,420,877",,
129420,13700,까뮤이앤씨,2024,OFS,CIS,매출액,"207,432,227,064",,
129420,13700,까뮤이앤씨,2024,OFS,CIS,판매비와관리비,"14,395,238,057",,
129420,13700,까뮤이앤씨,2025,CFS,BS,자산총계,"298,300,474,726",,
129420,13700,까뮤이앤씨,2025,OFS,BS,차입금,"56,588,327,950",,
129420,13700,까뮤이앤씨,2025,CFS,BS,유동자산,"202,755,972,164",,
129420,13700,까뮤이앤씨,2025,OFS,BS,유동부채,"144,922,668,166",,
129420,13700,까뮤이앤씨,2025,OFS,BS,재고자산,"18,960,625,545",,
129420,13700,까뮤이앤씨,2025,OFS,BS,부채총계,"156,447,439,793",,
129420,13700,까뮤이앤씨,2025,CFS,BS,유형자산,"76,840,670,841",,
129420,13700,까뮤이앤씨,2025,OFS,BS,충당부채,"9,726,182",,
129420,13700,까뮤이앤씨,2025,OFS,BS,매출채권,"106,615,456,663",,
129420,13700,까뮤이앤씨,2025,OFS,CF,영업활동현금흐름,"26,437,991,987",,
129420,13700,까뮤이앤씨,2025,OFS,CF,당기순이익,"20,071,344,231",,
129420,13700,까뮤이앤씨,2025,OFS,CIS,매출원가,"180,381,376,127",,
129420,13700,까뮤이앤씨,2025,OFS,CIS,매출총이익,"54,207,277,017",,
129420,13700,까뮤이앤씨,2025,OFS,CIS,매출액,"234,588,653,144",,
129420,13700,까뮤이앤씨,2025,OFS,CIS,판매비와관리비,"28,428,499,276",,
131504,11370,서한,2023,CFS,BS,자산총계,"1,166,649,151,198",,
131504,11370,서한,2023,OFS,BS,차입금,"155,100,000,000",,
131504,11370,서한,2023,CFS,BS,유동자산,"872,751,126,207",,
131504,11370,서한,2023,OFS,BS,유동부채,"523,027,408,070",,
131504,11370,서한,2023,CFS,BS,재고자산,"463,880,177,382",,
131504,11370,서한,2023,OFS,BS,부채총계,"716,633,018,342",,
131504,11370,서한,2023,CFS,BS,유형자산,"27,575,508,630",,
131504,11370,서한,2023,OFS,BS,충당부채,"16,081,421,817",,
131504,11370,서한,2023,CFS,BS,매출채권,"112,109,905,599",,
131504,11370,서한,2023,CFS,CF,영업활동현금흐름,"-7,354,470,137",,
131504,11370,서한,2023,OFS,CIS,매출원가,"570,232,883,124",,
131504,11370,서한,2023,OFS,CIS,매출총이익,"56,406,083,928",,
131504,11370,서한,2023,OFS,CIS,당기순이익,"49,699,644,565",,
131504,11370,서한,2023,OFS,CIS,매출액,"626,638,967,052",,
131504,11370,서한,2023,CFS,CIS,판매비와관리비,"31,300,451,235",,
131504,11370,서한,2024,CFS,BS,자산총계,"1,364,572,650,310",,
131504,11370,서한,2024,CFS,BS,유동자산,"980,780,966,283",,
131504,11370,서한,2024,OFS,BS,유동부채,"563,724,777,016",,
131504,11370,서한,2024,CFS,BS,재고자산,"416,909,849,974",,
131504,11370,서한,2024,OFS,BS,부채총계,"844,997,693,136",,
131504,11370,서한,2024,CFS,BS,유형자산,"61,623,769,084",,
131504,11370,서한,2024,OFS,BS,충당부채,"8,621,077,404",,
131504,11370,서한,2024,CFS,BS,매출채권,"207,073,801,895",,
131504,11370,서한,2024,CFS,CF,차입금,"280,800,000,000",,
131504,11370,서한,2024,CFS,CF,영업활동현금흐름,"-85,725,762,304",,
131504,11370,서한,2024,OFS,CIS,매출원가,"691,136,393,157",,
131504,11370,서한,2024,OFS,CIS,매출총이익,"58,378,461,788",,
131504,11370,서한,2024,OFS,CIS,당기순이익,"13,368,462,699",,
131504,11370,서한,2024,OFS,CIS,매출액,"749,514,854,945",,
131504,11370,서한,2024,CFS,CIS,판매비와관리비,"31,917,466,342",,
131504,11370,서한,2025,CFS,BS,자산총계,"1,229,627,196,283",,
131504,11370,서한,2025,CFS,BS,유동자산,"839,764,831,973",,
131504,11370,서한,2025,OFS,BS,유동부채,"259,666,963,320",,
131504,11370,서한,2025,CFS,BS,재고자산,"433,277,453,594",,
131504,11370,서한,2025,OFS,BS,부채총계,"681,693,411,344",,
131504,11370,서한,2025,CFS,BS,유형자산,"60,380,938,583",,
131504,11370,서한,2025,OFS,BS,충당부채,"7,321,247,939",,
131504,11370,서한,2025,CFS,BS,매출채권,"82,138,464,450",,
131504,11370,서한,2025,CFS,CF,차입금,"215,000,000,000",,
131504,11370,서한,2025,CFS,CF,영업활동현금흐름,"123,634,396,285",,
131504,11370,서한,2025,OFS,CIS,매출원가,"528,302,809,591",,
131504,11370,서한,2025,OFS,CIS,매출총이익,"116,917,977,500",,
131504,11370,서한,2025,OFS,CIS,당기순이익,"29,117,613,483",,
131504,11370,서한,2025,OFS,CIS,매출액,"645,220,787,091",,
131504,11370,서한,2025,CFS,CIS,판매비와관리비,"54,363,710,513",,
133876,11560,세보엠이씨,2023,CFS,BS,자산총계,"422,503,307,401",,
133876,11560,세보엠이씨,2023,OFS,BS,차입금,"33,000,000,000",,
133876,11560,세보엠이씨,2023,CFS,BS,유동자산,"343,944,909,949",,
133876,11560,세보엠이씨,2023,OFS,BS,유동부채,"193,494,774,588",,
133876,11560,세보엠이씨,2023,CFS,BS,재고자산,"20,854,095,684",,
133876,11560,세보엠이씨,2023,OFS,BS,부채총계,"205,227,165,870",,
133876,11560,세보엠이씨,2023,CFS,BS,유형자산,"49,246,134,489",,
133876,11560,세보엠이씨,2023,OFS,BS,충당부채,"30,000,100",,
133876,11560,세보엠이씨,2023,OFS,BS,매출채권,"71,463,778,138",,
133876,11560,세보엠이씨,2023,OFS,CF,영업활동현금흐름,"70,407,515,437",,
133876,11560,세보엠이씨,2023,OFS,CF,당기순이익,"38,607,901,993",,
133876,11560,세보엠이씨,2023,OFS,CIS,매출원가,"817,043,724,776",,
133876,11560,세보엠이씨,2023,OFS,CIS,매출총이익,"63,395,802,143",,
133876,11560,세보엠이씨,2023,OFS,CIS,매출액,"880,439,526,919",,
133876,11560,세보엠이씨,2023,CFS,CIS,판매비와관리비,"16,780,385,463",,
133876,11560,세보엠이씨,2024,CFS,BS,자산총계,"381,604,335,933",,
133876,11560,세보엠이씨,2024,OFS,BS,차입금,"3,000,000,000",,
133876,11560,세보엠이씨,2024,CFS,BS,유동자산,"306,013,724,984",,
133876,11560,세보엠이씨,2024,OFS,BS,유동부채,"128,351,546,997",,
133876,11560,세보엠이씨,2024,CFS,BS,재고자산,"14,404,009,521",,
133876,11560,세보엠이씨,2024,OFS,BS,부채총계,"139,839,101,048",,
133876,11560,세보엠이씨,2024,CFS,BS,유형자산,"48,578,026,428",,
133876,11560,세보엠이씨,2024,OFS,BS,충당부채,"30,000,100",,
133876,11560,세보엠이씨,2024,OFS,BS,매출채권,"78,111,623,258",,
133876,11560,세보엠이씨,2024,OFS,CF,영업활동현금흐름,"98,732,956,356",,
133876,11560,세보엠이씨,2024,OFS,CF,당기순이익,"28,067,114,536",,
133876,11560,세보엠이씨,2024,OFS,CIS,매출원가,"741,597,771,439",,
133876,11560,세보엠이씨,2024,OFS,CIS,매출총이익,"47,188,945,903",,
133876,11560,세보엠이씨,2024,OFS,CIS,매출액,"788,786,717,342",,
133876,11560,세보엠이씨,2024,CFS,CIS,판매비와관리비,"18,574,700,023",,
133876,11560,세보엠이씨,2025,CFS,BS,자산총계,"456,891,192,018",,
133876,11560,세보엠이씨,2025,OFS,BS,차입금,"2,000,000,000",,
133876,11560,세보엠이씨,2025,CFS,BS,유동자산,"363,383,504,345",,
133876,11560,세보엠이씨,2025,OFS,BS,유동부채,"168,734,165,151",,
133876,11560,세보엠이씨,2025,CFS,BS,재고자산,"16,116,577,012",,
133876,11560,세보엠이씨,2025,OFS,BS,부채총계,"185,599,273,740",,
133876,11560,세보엠이씨,2025,CFS,BS,유형자산,"56,185,174,957",,
133876,11560,세보엠이씨,2025,OFS,BS,충당부채,"30,000,100",,
133876,11560,세보엠이씨,2025,OFS,BS,매출채권,"121,838,322,443",,
133876,11560,세보엠이씨,2025,OFS,CF,영업활동현금흐름,"69,803,436,629",,
133876,11560,세보엠이씨,2025,OFS,CF,당기순이익,"35,601,244,881",,
133876,11560,세보엠이씨,2025,OFS,CIS,매출원가,"666,275,219,453",,
133876,11560,세보엠이씨,2025,OFS,CIS,매출총이익,"49,517,850,829",,
133876,11560,세보엠이씨,2025,OFS,CIS,매출액,"715,793,070,282",,
133876,11560,세보엠이씨,2025,CFS,CIS,판매비와관리비,"9,149,886,160",,
136925,17000,신원종합개발,2023,OFS,BS,자산총계,"255,078,912,213",,
136925,17000,신원종합개발,2023,OFS,BS,차입금,"24,530,000,000",,
136925,17000,신원종합개발,2023,OFS,BS,유동자산,"176,596,790,996",,
136925,17000,신원종합개발,2023,OFS,BS,유동부채,"115,461,652,451",,
136925,17000,신원종합개발,2023,OFS,BS,재고자산,"47,941,758,345",,
136925,17000,신원종합개발,2023,OFS,BS,부채총계,"153,559,262,517",,
136925,17000,신원종합개발,2023,OFS,BS,유형자산,"5,914,063,275",,
136925,17000,신원종합개발,2023,OFS,BS,충당부채,"7,914,647",,
136925,17000,신원종합개발,2023,OFS,BS,매출채권,"80,793,432,859",,
136925,17000,신원종합개발,2023,OFS,CF,영업활동현금흐름,"18,499,805,212",,
136925,17000,신원종합개발,2023,OFS,CF,당기순이익,"8,253,167,612",,
136925,17000,신원종합개발,2023,OFS,CIS,매출원가,"296,835,306,196",,
136925,17000,신원종합개발,2023,OFS,CIS,매출총이익,"12,920,047,013",,
136925,17000,신원종합개발,2023,OFS,CIS,매출액,"309,755,353,209",,
136925,17000,신원종합개발,2023,OFS,CIS,판매비와관리비,"9,791,320,729",,
136925,17000,신원종합개발,2024,OFS,BS,자산총계,"218,261,605,908",,
136925,17000,신원종합개발,2024,OFS,BS,차입금,"19,880,000,000",,
136925,17000,신원종합개발,2024,OFS,BS,유동자산,"157,470,837,553",,
136925,17000,신원종합개발,2024,OFS,BS,유동부채,"72,210,462,160",,
136925,17000,신원종합개발,2024,OFS,BS,재고자산,"36,234,359,862",,
136925,17000,신원종합개발,2024,OFS,BS,부채총계,"111,263,948,975",,
136925,17000,신원종합개발,2024,OFS,BS,유형자산,"5,749,927,537",,
136925,17000,신원종합개발,2024,OFS,BS,충당부채,"819,720,259",,
136925,17000,신원종합개발,2024,OFS,BS,매출채권,"61,486,742,580",,
136925,17000,신원종합개발,2024,OFS,CF,영업활동현금흐름,"12,937,999,028",,
136925,17000,신원종합개발,2024,OFS,CF,당기순이익,"5,528,410,647",,
136925,17000,신원종합개발,2024,OFS,CIS,매출원가,"230,999,059,095",,
136925,17000,신원종합개발,2024,OFS,CIS,매출총이익,"28,810,654,421",,
136925,17000,신원종합개발,2024,OFS,CIS,매출액,"259,809,713,516",,
136925,17000,신원종합개발,2024,OFS,CIS,판매비와관리비,"13,796,895,720",,
136925,17000,신원종합개발,2025,OFS,BS,자산총계,"222,107,596,324",,
136925,17000,신원종합개발,2025,OFS,BS,차입금,"20,880,000,000",,
136925,17000,신원종합개발,2025,OFS,BS,유동자산,"171,868,182,964",,
136925,17000,신원종합개발,2025,OFS,BS,유동부채,"81,803,115,371",,
136925,17000,신원종합개발,2025,OFS,BS,재고자산,"37,809,260,488",,
136925,17000,신원종합개발,2025,OFS,BS,부채총계,"110,009,755,024",,
136925,17000,신원종합개발,2025,OFS,BS,유형자산,"5,581,590,221",,
136925,17000,신원종합개발,2025,OFS,BS,충당부채,"1,589,687,149",,
136925,17000,신원종합개발,2025,OFS,BS,매출채권,"76,970,587,471",,
136925,17000,신원종합개발,2025,OFS,CF,영업활동현금흐름,"3,406,341,491",,
136925,17000,신원종합개발,2025,OFS,CF,당기순이익,"4,857,629,900",,
136925,17000,신원종합개발,2025,OFS,CIS,매출원가,"184,971,812,192",,
136925,17000,신원종합개발,2025,OFS,CIS,매출총이익,"26,338,735,434",,
136925,17000,신원종합개발,2025,OFS,CIS,매출액,"211,310,547,626",,
136925,17000,신원종합개발,2025,OFS,CIS,판매비와관리비,"17,739,203,315",,
141246,16250,SGC E&C,2023,CFS,BS,자산총계,"859,979,057,519",,
141246,16250,SGC E&C,2023,OFS,BS,차입금,"152,154,018,606",,
141246,16250,SGC E&C,2023,CFS,BS,유동자산,"723,178,378,520",,
141246,16250,SGC E&C,2023,OFS,BS,유동부채,"623,083,452,859",,
141246,16250,SGC E&C,2023,OFS,BS,재고자산,"31,175,284,436",,
141246,16250,SGC E&C,2023,OFS,BS,부채총계,"638,308,210,101",,
141246,16250,SGC E&C,2023,CFS,BS,유형자산,"3,943,816,310",,
141246,16250,SGC E&C,2023,OFS,BS,충당부채,"2,121,621,093",,
141246,16250,SGC E&C,2023,OFS,BS,매출채권,"314,495,148,185",,
141246,16250,SGC E&C,2023,OFS,CF,영업활동현금흐름,"-188,604,721,188",,
141246,16250,SGC E&C,2023,OFS,CF,감가상각비,"6,927,440,773",,
141246,16250,SGC E&C,2023,OFS,CF,당기순이익,"-33,542,979,915",,
141246,16250,SGC E&C,2023,OFS,CIS,매출원가,"1,824,186,256,869",,
141246,16250,SGC E&C,2023,OFS,CIS,매출총이익,"38,328,750,821",,
141246,16250,SGC E&C,2023,OFS,CIS,매출액,"1,862,515,007,690",,
141246,16250,SGC E&C,2023,CFS,CIS,판매비와관리비,"59,699,515,537",,
141246,16250,SGC E&C,2024,CFS,BS,자산총계,"1,298,757,519,884",,
141246,16250,SGC E&C,2024,CFS,BS,유동자산,"767,163,012,845",,
141246,16250,SGC E&C,2024,OFS,BS,유동부채,"596,186,288,146",,
141246,16250,SGC E&C,2024,OFS,BS,재고자산,"36,275,064,534",,
141246,16250,SGC E&C,2024,OFS,BS,부채총계,"741,141,777,845",,
141246,16250,SGC E&C,2024,CFS,BS,유형자산,"4,971,773,280",,
141246,16250,SGC E&C,2024,OFS,BS,충당부채,"1,546,429,859",,
141246,16250,SGC E&C,2024,OFS,BS,매출채권,"290,668,724,837",,
141246,16250,SGC E&C,2024,OFS,CF,차입금,"125,329,687,698",,
141246,16250,SGC E&C,2024,OFS,CF,영업활동현금흐름,"-132,220,551,194",,
141246,16250,SGC E&C,2024,OFS,CF,감가상각비,"15,234,061,011",,
141246,16250,SGC E&C,2024,OFS,CF,당기순이익,"-30,872,481,143",,
141246,16250,SGC E&C,2024,OFS,CIS,매출원가,"1,075,581,793,945",,
141246,16250,SGC E&C,2024,OFS,CIS,매출총이익,"63,409,490,514",,
141246,16250,SGC E&C,2024,OFS,CIS,매출액,"1,138,991,284,459",,
141246,16250,SGC E&C,2024,CFS,CIS,판매비와관리비,"65,061,391,290",,
141246,16250,SGC E&C,2025,CFS,BS,자산총계,"1,363,940,217,884",,
141246,16250,SGC E&C,2025,CFS,BS,유동자산,"778,394,433,804",,
141246,16250,SGC E&C,2025,OFS,BS,유동부채,"720,704,242,980",,
141246,16250,SGC E&C,2025,OFS,BS,재고자산,"35,931,469,323",,
141246,16250,SGC E&C,2025,OFS,BS,부채총계,"773,494,899,323",,
141246,16250,SGC E&C,2025,CFS,BS,유형자산,"5,253,192,319",,
141246,16250,SGC E&C,2025,OFS,BS,충당부채,"7,287,022,510",,
141246,16250,SGC E&C,2025,OFS,BS,매출채권,"344,055,412,603",,
141246,16250,SGC E&C,2025,OFS,CF,차입금,"19,347,131,190",,
141246,16250,SGC E&C,2025,OFS,CF,영업활동현금흐름,"-87,192,332,500",,
141246,16250,SGC E&C,2025,OFS,CF,감가상각비,"23,121,958,907",,
141246,16250,SGC E&C,2025,OFS,CF,당기순이익,"-69,705,359,024",,
141246,16250,SGC E&C,2025,OFS,CIS,매출원가,"877,926,536,794",,
141246,16250,SGC E&C,2025,OFS,CIS,매출총이익,"60,018,777,459",,
141246,16250,SGC E&C,2025,OFS,CIS,매출액,"937,945,314,253",,
141246,16250,SGC E&C,2025,CFS,CIS,판매비와관리비,"55,103,346,479",,
143262,10400,우진아이엔에스,2023,CFS,BS,자산총계,"113,497,686,732",,
143262,10400,우진아이엔에스,2023,CFS,BS,유동자산,"64,151,157,459",,
143262,10400,우진아이엔에스,2023,OFS,BS,유동부채,"17,136,825,874",,
143262,10400,우진아이엔에스,2023,CFS,BS,재고자산,"6,868,145,193",,
143262,10400,우진아이엔에스,2023,OFS,BS,부채총계,"17,868,623,002",,
143262,10400,우진아이엔에스,2023,CFS,BS,유형자산,"12,712,755,594",,
143262,10400,우진아이엔에스,2023,OFS,BS,충당부채,"523,029,909",,
143262,10400,우진아이엔에스,2023,CFS,BS,매출채권,"14,464,761,303",,
143262,10400,우진아이엔에스,2023,CFS,CF,차입금,"500,000,000",,
143262,10400,우진아이엔에스,2023,CFS,CF,영업활동현금흐름,"4,754,982,334",,
143262,10400,우진아이엔에스,2023,CFS,CF,당기순이익,"1,936,083,379",,
143262,10400,우진아이엔에스,2023,OFS,CIS,매출원가,"96,015,412,271",,
143262,10400,우진아이엔에스,2023,OFS,CIS,매출총이익,"4,153,344,048",,
143262,10400,우진아이엔에스,2023,OFS,CIS,매출액,"100,168,756,319",,
143262,10400,우진아이엔에스,2023,CFS,CIS,판매비와관리비,"7,469,832,938",,
143262,10400,우진아이엔에스,2024,CFS,BS,자산총계,"91,715,586,046",,
143262,10400,우진아이엔에스,2024,OFS,BS,차입금,0,,
143262,10400,우진아이엔에스,2024,CFS,BS,유동자산,"50,962,270,761",,
143262,10400,우진아이엔에스,2024,OFS,BS,유동부채,"18,197,665,145",,
143262,10400,우진아이엔에스,2024,CFS,BS,재고자산,"1,783,050,797",,
143262,10400,우진아이엔에스,2024,OFS,BS,부채총계,"18,831,510,725",,
143262,10400,우진아이엔에스,2024,CFS,BS,유형자산,"6,884,259,478",,
143262,10400,우진아이엔에스,2024,OFS,BS,충당부채,"576,045,261",,
143262,10400,우진아이엔에스,2024,CFS,BS,매출채권,"25,342,240,088",,
143262,10400,우진아이엔에스,2024,CFS,CF,영업활동현금흐름,"-21,285,283,122",,
143262,10400,우진아이엔에스,2024,CFS,CF,당기순이익,"-22,168,838,641",,
143262,10400,우진아이엔에스,2024,OFS,CIS,매출원가,"148,711,590,969",,
143262,10400,우진아이엔에스,2024,OFS,CIS,매출총이익,"-11,123,428,996",,
143262,10400,우진아이엔에스,2024,OFS,CIS,매출액,"137,588,161,973",,
143262,10400,우진아이엔에스,2024,CFS,CIS,판매비와관리비,"6,736,223,101",,
143262,10400,우진아이엔에스,2025,CFS,BS,자산총계,"106,265,692,040",,
143262,10400,우진아이엔에스,2025,CFS,BS,유동자산,"64,242,313,687",,
143262,10400,우진아이엔에스,2025,OFS,BS,유동부채,"24,148,707,064",,
143262,10400,우진아이엔에스,2025,CFS,BS,재고자산,"1,987,618,889",,
143262,10400,우진아이엔에스,2025,OFS,BS,부채총계,"25,508,602,598",,
143262,10400,우진아이엔에스,2025,CFS,BS,유형자산,"7,113,620,204",,
143262,10400,우진아이엔에스,2025,OFS,BS,충당부채,"547,790,263",,
143262,10400,우진아이엔에스,2025,CFS,BS,매출채권,"34,167,729,566",,
143262,10400,우진아이엔에스,2025,CFS,CF,영업활동현금흐름,"65,996,716",,
143262,10400,우진아이엔에스,2025,CFS,CF,당기순이익,"7,593,754,874",,
143262,10400,우진아이엔에스,2025,OFS,CIS,매출원가,"152,367,161,923",,
143262,10400,우진아이엔에스,2025,OFS,CIS,매출총이익,"12,090,725,065",,
143262,10400,우진아이엔에스,2025,OFS,CIS,매출액,"164,457,886,988",,
143262,10400,우진아이엔에스,2025,CFS,CIS,판매비와관리비,"7,112,373,647",,
144650,54930,유신,2023,OFS,BS,자산총계,"236,936,562,356",,
144650,54930,유신,2023,OFS,BS,차입금,"5,000,000,000",,
144650,54930,유신,2023,OFS,BS,유동자산,"188,288,611,877",,
144650,54930,유신,2023,OFS,BS,유동부채,"104,837,195,613",,
144650,54930,유신,2023,OFS,BS,재고자산,"8,707,348,049",,
144650,54930,유신,2023,OFS,BS,부채총계,"109,980,709,501",,
144650,54930,유신,2023,OFS,BS,유형자산,"8,882,646,641",,
144650,54930,유신,2023,OFS,BS,충당부채,"1,630,033,733",,
144650,54930,유신,2023,OFS,BS,매출채권,"38,899,997,806",,
144650,54930,유신,2023,OFS,CF,영업활동현금흐름,"31,895,249,509",,
144650,54930,유신,2023,OFS,CF,당기순이익,"20,095,002,637",,
144650,54930,유신,2023,OFS,CIS,매출원가,"281,706,324,621",,
144650,54930,유신,2023,OFS,CIS,매출총이익,"59,348,984,226",,
144650,54930,유신,2023,OFS,CIS,매출액,"341,055,308,847",,
144650,54930,유신,2023,OFS,CIS,판매비와관리비,"41,039,281,357",,
144650,54930,유신,2024,OFS,BS,자산총계,"293,530,954,823",,
144650,54930,유신,2024,OFS,BS,차입금,"31,000,000,000",,
144650,54930,유신,2024,OFS,BS,유동자산,"158,024,004,707",,
144650,54930,유신,2024,OFS,BS,유동부채,"133,281,006,362",,
144650,54930,유신,2024,OFS,BS,재고자산,"4,982,391,363",,
144650,54930,유신,2024,OFS,BS,부채총계,"145,806,561,042",,
144650,54930,유신,2024,OFS,BS,유형자산,"13,395,780,472",,
144650,54930,유신,2024,OFS,BS,충당부채,"1,584,348,187",,
144650,54930,유신,2024,OFS,BS,매출채권,"23,555,696,680",,
144650,54930,유신,2024,OFS,CF,영업활동현금흐름,"163,729,291",,
144650,54930,유신,2024,OFS,CF,당기순이익,"24,422,836,243",,
144650,54930,유신,2024,OFS,CIS,매출원가,"294,623,671,187",,
144650,54930,유신,2024,OFS,CIS,매출총이익,"44,954,481,493",,
144650,54930,유신,2024,OFS,CIS,매출액,"339,578,152,680",,
144650,54930,유신,2024,OFS,CIS,판매비와관리비,"39,141,468,247",,
144650,54930,유신,2025,OFS,BS,자산총계,"339,201,356,210",,
144650,54930,유신,2025,OFS,BS,차입금,"29,000,000,000",,
144650,54930,유신,2025,OFS,BS,유동자산,"190,971,039,678",,
144650,54930,유신,2025,OFS,BS,유동부채,"171,880,795,587",,
144650,54930,유신,2025,OFS,BS,재고자산,"2,169,583,302",,
144650,54930,유신,2025,OFS,BS,부채총계,"184,067,916,525",,
144650,54930,유신,2025,OFS,BS,유형자산,"15,636,128,857",,
144650,54930,유신,2025,OFS,BS,충당부채,"928,296,491",,
144650,54930,유신,2025,OFS,BS,매출채권,"22,887,528,484",,
144650,54930,유신,2025,OFS,CF,영업활동현금흐름,"38,976,997,056",,
144650,54930,유신,2025,OFS,CF,당기순이익,"10,520,353,724",,
144650,54930,유신,2025,OFS,CIS,매출원가,"331,923,043,883",,
144650,54930,유신,2025,OFS,CIS,매출총이익,"53,579,341,978",,
144650,54930,유신,2025,OFS,CIS,매출액,"385,502,385,861",,
144650,54930,유신,2025,OFS,CIS,판매비와관리비,"44,335,576,497",,
145668,1840,이화공영,2023,OFS,BS,자산총계,"83,347,790,343",,
145668,1840,이화공영,2023,OFS,BS,차입금,"11,130,000,000",,
145668,1840,이화공영,2023,OFS,BS,계약자산(미청구공사),"14,753,909,862",,
145668,1840,이화공영,2023,OFS,BS,유동자산,"42,981,450,712",,
145668,1840,이화공영,2023,OFS,BS,유동부채,"52,171,081,469",,
145668,1840,이화공영,2023,OFS,BS,재고자산,"637,231,703",,
145668,1840,이화공영,2023,OFS,BS,부채총계,"62,962,300,318",,
145668,1840,이화공영,2023,OFS,BS,유형자산,"19,933,285,278",,
145668,1840,이화공영,2023,OFS,BS,충당부채,"593,002,926",,
145668,1840,이화공영,2023,OFS,BS,매출채권,"10,967,847,717",,
145668,1840,이화공영,2023,OFS,CF,영업활동현금흐름,"-12,945,275,743",,
145668,1840,이화공영,2023,OFS,CF,당기순이익,"-11,398,775,234",,
145668,1840,이화공영,2023,OFS,CIS,매출원가,"145,556,162,491",,
145668,1840,이화공영,2023,OFS,CIS,매출총이익,"-5,308,514,628",,
145668,1840,이화공영,2023,OFS,CIS,매출액,"140,247,647,863",,
145668,1840,이화공영,2023,OFS,CIS,판매비와관리비,"8,133,633,992",,
145668,1840,이화공영,2024,OFS,BS,자산총계,"53,966,492,356",,
145668,1840,이화공영,2024,OFS,BS,차입금,"11,100,000,000",,
145668,1840,이화공영,2024,OFS,BS,계약자산(미청구공사),"6,226,954,627",,
145668,1840,이화공영,2024,OFS,BS,유동자산,"25,500,256,832",,
145668,1840,이화공영,2024,OFS,BS,유동부채,"42,352,973,570",,
145668,1840,이화공영,2024,OFS,BS,재고자산,"277,936,757",,
145668,1840,이화공영,2024,OFS,BS,부채총계,"47,797,054,386",,
145668,1840,이화공영,2024,OFS,BS,유형자산,"8,787,801,953",,
145668,1840,이화공영,2024,OFS,BS,충당부채,"843,857,009",,
145668,1840,이화공영,2024,OFS,BS,매출채권,"5,711,259,075",,
145668,1840,이화공영,2024,OFS,CF,영업활동현금흐름,"-13,020,013,279",,
145668,1840,이화공영,2024,OFS,CF,당기순이익,"-23,097,589,856",,
145668,1840,이화공영,2024,OFS,CIS,매출원가,"137,155,220,819",,
145668,1840,이화공영,2024,OFS,CIS,매출총이익,"-8,870,011,569",,
145668,1840,이화공영,2024,OFS,CIS,매출액,"128,285,209,250",,
145668,1840,이화공영,2024,OFS,CIS,판매비와관리비,"10,903,284,039",,
145668,1840,이화공영,2025,OFS,BS,자산총계,"50,469,237,978",,
145668,1840,이화공영,2025,OFS,BS,차입금,"5,945,000,000",,
145668,1840,이화공영,2025,OFS,BS,계약자산(미청구공사),"14,309,364,287",,
145668,1840,이화공영,2025,OFS,BS,유동자산,"33,342,824,906",,
145668,1840,이화공영,2025,OFS,BS,유동부채,"37,649,322,128",,
145668,1840,이화공영,2025,OFS,BS,재고자산,"726,583",,
145668,1840,이화공영,2025,OFS,BS,부채총계,"41,524,391,539",,
145668,1840,이화공영,2025,OFS,BS,유형자산,"397,501,886",,
145668,1840,이화공영,2025,OFS,BS,충당부채,"1,349,983,402",,
145668,1840,이화공영,2025,OFS,BS,매출채권,"12,244,926,755",,
145668,1840,이화공영,2025,OFS,CF,영업활동현금흐름,"-8,762,040,172",,
145668,1840,이화공영,2025,OFS,CF,당기순이익,"2,127,318,484",,
145668,1840,이화공영,2025,OFS,CIS,매출원가,"104,614,781,489",,
145668,1840,이화공영,2025,OFS,CIS,매출총이익,"10,575,946,116",,
145668,1840,이화공영,2025,OFS,CIS,매출액,"115,190,727,605",,
145668,1840,이화공영,2025,OFS,CIS,판매비와관리비,"7,285,686,825",,
146232,13360,일성건설,2023,CFS,BS,자산총계,"409,313,432,509",,
146232,13360,일성건설,2023,OFS,BS,차입금,"79,400,000,000",,
146232,13360,일성건설,2023,CFS,BS,유동자산,"212,923,747,559",,
146232,13360,일성건설,2023,OFS,BS,유동부채,"219,243,038,444",,
146232,13360,일성건설,2023,CFS,BS,재고자산,"2,741,647,726",,
146232,13360,일성건설,2023,OFS,BS,부채총계,"282,386,660,149",,
146232,13360,일성건설,2023,OFS,BS,유형자산,"6,036,385,592",,
146232,13360,일성건설,2023,CFS,BS,충당부채,"2,860,222,750",,
146232,13360,일성건설,2023,CFS,BS,매출채권,"136,207,889,316",,
146232,13360,일성건설,2023,OFS,CF,영업활동현금흐름,"19,653,846,289",,
146232,13360,일성건설,2023,OFS,CF,감가상각비,"6,438,783,647",,
146232,13360,일성건설,2023,OFS,CIS,매출원가,"576,555,593,254",,
146232,13360,일성건설,2023,OFS,CIS,매출총이익,"25,774,218,376",,
146232,13360,일성건설,2023,OFS,CIS,당기순이익,"3,124,795,093",,
146232,13360,일성건설,2023,OFS,CIS,매출액,"602,329,811,630",,
146232,13360,일성건설,2023,OFS,CIS,판매비와관리비,"18,616,675,154",,
146232,13360,일성건설,2024,CFS,BS,자산총계,"370,420,153,245",,
146232,13360,일성건설,2024,OFS,BS,차입금,"73,336,930,000",,
146232,13360,일성건설,2024,CFS,BS,유동자산,"178,187,192,942",,
146232,13360,일성건설,2024,OFS,BS,유동부채,"212,870,592,159",,
146232,13360,일성건설,2024,CFS,BS,재고자산,"2,978,370,584",,
146232,13360,일성건설,2024,OFS,BS,부채총계,"295,026,546,031",,
146232,13360,일성건설,2024,OFS,BS,유형자산,"4,830,933,694",,
146232,13360,일성건설,2024,CFS,BS,충당부채,"42,594,607",,
146232,13360,일성건설,2024,CFS,BS,매출채권,"105,272,479,675",,
146232,13360,일성건설,2024,OFS,CF,영업활동현금흐름,"-23,158,707,531",,
146232,13360,일성건설,2024,OFS,CF,감가상각비,"5,636,623,612",,
146232,13360,일성건설,2024,OFS,CIS,매출원가,"457,641,399,748",,
146232,13360,일성건설,2024,OFS,CIS,매출총이익,"17,397,258,936",,
146232,13360,일성건설,2024,OFS,CIS,당기순이익,"-58,199,261,345",,
146232,13360,일성건설,2024,OFS,CIS,매출액,"475,038,658,684",,
146232,13360,일성건설,2024,OFS,CIS,판매비와관리비,"61,851,250,982",,
146232,13360,일성건설,2025,CFS,BS,자산총계,"379,058,455,895",,
146232,13360,일성건설,2025,OFS,BS,차입금,"2,869,607,011",,
146232,13360,일성건설,2025,CFS,BS,유동자산,"181,920,432,794",,
146232,13360,일성건설,2025,OFS,BS,유동부채,"239,166,780,229",,
146232,13360,일성건설,2025,CFS,BS,재고자산,"1,944,451,467",,
146232,13360,일성건설,2025,OFS,BS,부채총계,"302,296,317,241",,
146232,13360,일성건설,2025,OFS,BS,유형자산,"2,664,515,872",,
146232,13360,일성건설,2025,CFS,BS,충당부채,"2,433,683,443",,
146232,13360,일성건설,2025,CFS,BS,매출채권,"106,990,799,894",,
146232,13360,일성건설,2025,OFS,CF,영업활동현금흐름,"11,971,646,897",,
146232,13360,일성건설,2025,OFS,CIS,매출원가,"416,695,961,417",,
146232,13360,일성건설,2025,OFS,CIS,매출총이익,"34,806,338,872",,
146232,13360,일성건설,2025,OFS,CIS,당기순이익,"3,729,086,292",,
146232,13360,일성건설,2025,OFS,CIS,매출액,"451,502,300,289",,
146232,13360,일성건설,2025,OFS,CIS,판매비와관리비,"24,036,113,701",,
150828,2780,진흥기업,2023,OFS,BS,자산총계,"574,331,455,413",,
150828,2780,진흥기업,2023,OFS,BS,차입금,"16,381,120,143",,
150828,2780,진흥기업,2023,OFS,BS,유동자산,"488,221,311,452",,
150828,2780,진흥기업,2023,OFS,BS,유동부채,"229,509,306,474",,
150828,2780,진흥기업,2023,OFS,BS,재고자산,"3,451,647,163",,
150828,2780,진흥기업,2023,OFS,BS,부채총계,"306,441,209,059",,
150828,2780,진흥기업,2023,OFS,BS,유형자산,"15,663,440,423",,
150828,2780,진흥기업,2023,OFS,BS,충당부채,"4,741,847,988",,
150828,2780,진흥기업,2023,OFS,BS,매출채권,"118,904,717,600",,
150828,2780,진흥기업,2023,OFS,CF,영업활동현금흐름,"107,904,886,736",,
150828,2780,진흥기업,2023,OFS,IS,매출원가,"690,649,410,720",,
150828,2780,진흥기업,2023,OFS,IS,매출총이익,"68,790,356,408",,
150828,2780,진흥기업,2023,OFS,IS,당기순이익,"45,310,969,956",,
150828,2780,진흥기업,2023,OFS,IS,매출액,"759,439,767,128",,
150828,2780,진흥기업,2023,OFS,IS,판매비와관리비,"17,064,322,373",,
150828,2780,진흥기업,2024,OFS,BS,자산총계,"543,584,682,937",,
150828,2780,진흥기업,2024,OFS,BS,차입금,"13,627,898,852",,
150828,2780,진흥기업,2024,OFS,BS,유동자산,"454,615,373,444",,
150828,2780,진흥기업,2024,OFS,BS,유동부채,"198,984,551,275",,
150828,2780,진흥기업,2024,OFS,BS,재고자산,"3,440,582,215",,
150828,2780,진흥기업,2024,OFS,BS,부채총계,"275,318,465,980",,
150828,2780,진흥기업,2024,OFS,BS,유형자산,"17,058,940,486",,
150828,2780,진흥기업,2024,OFS,BS,충당부채,"9,945,903,566",,
150828,2780,진흥기업,2024,OFS,BS,매출채권,"168,712,657,907",,
150828,2780,진흥기업,2024,OFS,CF,영업활동현금흐름,"-53,574,919,080",,
150828,2780,진흥기업,2024,OFS,IS,매출원가,"698,174,406,826",,
150828,2780,진흥기업,2024,OFS,IS,매출총이익,"28,016,666,178",,
150828,2780,진흥기업,2024,OFS,IS,당기순이익,"2,178,956,387",,
150828,2780,진흥기업,2024,OFS,IS,매출액,"726,191,073,004",,
150828,2780,진흥기업,2024,OFS,IS,판매비와관리비,"32,763,306,341",,
150828,2780,진흥기업,2025,OFS,BS,자산총계,"563,126,704,837",,
150828,2780,진흥기업,2025,OFS,BS,차입금,"12,726,661,500",,
150828,2780,진흥기업,2025,OFS,BS,유동자산,"451,036,481,299",,
150828,2780,진흥기업,2025,OFS,BS,유동부채,"220,727,401,745",,
150828,2780,진흥기업,2025,OFS,BS,재고자산,"3,440,582,215",,
150828,2780,진흥기업,2025,OFS,BS,부채총계,"322,191,006,326",,
150828,2780,진흥기업,2025,OFS,BS,유형자산,"19,344,187,499",,
150828,2780,진흥기업,2025,OFS,BS,충당부채,"9,121,771,924",,
150828,2780,진흥기업,2025,OFS,BS,매출채권,"176,409,507,201",,
150828,2780,진흥기업,2025,OFS,CF,영업활동현금흐름,"-26,294,748,495",,
150828,2780,진흥기업,2025,OFS,IS,매출원가,"539,380,540,237",,
150828,2780,진흥기업,2025,OFS,IS,매출총이익,"37,001,429,840",,
150828,2780,진흥기업,2025,OFS,IS,당기순이익,"-28,371,286,048",,
150828,2780,진흥기업,2025,OFS,IS,매출액,"576,381,970,077",,
150828,2780,진흥기업,2025,OFS,IS,판매비와관리비,"60,004,999,263",,
152880,3070,코오롱글로벌,2023,CFS,BS,자산총계,"2,571,300,487,925",,
152880,3070,코오롱글로벌,2023,CFS,BS,유동자산,"1,456,081,496,381",,
152880,3070,코오롱글로벌,2023,OFS,BS,유동부채,"1,342,744,012,843",,
152880,3070,코오롱글로벌,2023,CFS,BS,재고자산,"121,193,841,517",,
152880,3070,코오롱글로벌,2023,OFS,BS,부채총계,"1,937,130,484,465",,
152880,3070,코오롱글로벌,2023,OFS,BS,유형자산,"238,073,044,541",,
152880,3070,코오롱글로벌,2023,OFS,BS,충당부채,"36,212,262,246",,
152880,3070,코오롱글로벌,2023,OFS,BS,매출채권,"660,664,183,399",,
152880,3070,코오롱글로벌,2023,OFS,CF,차입금,"300,000,000,000",,
152880,3070,코오롱글로벌,2023,OFS,CF,영업활동현금흐름,"-152,190,449,876",,
152880,3070,코오롱글로벌,2023,OFS,CF,감가상각비,"3,925,149,781",,
152880,3070,코오롱글로벌,2023,OFS,CF,당기순이익,"2,329,913,082",,
152880,3070,코오롱글로벌,2023,OFS,CIS,매출원가,"2,429,935,643,922",,
152880,3070,코오롱글로벌,2023,OFS,CIS,매출총이익,"159,968,264,556",,
152880,3070,코오롱글로벌,2023,OFS,CIS,매출액,"2,589,903,908,478",,
152880,3070,코오롱글로벌,2023,CFS,CIS,판매비와관리비,"150,818,758,913",,
152880,3070,코오롱글로벌,2024,CFS,BS,자산총계,"2,730,613,973,680",,
152880,3070,코오롱글로벌,2024,CFS,BS,유동자산,"1,586,961,773,645",,
152880,3070,코오롱글로벌,2024,OFS,BS,유동부채,"1,294,476,104,411",,
152880,3070,코오롱글로벌,2024,CFS,BS,재고자산,"88,124,412,024",,
152880,3070,코오롱글로벌,2024,OFS,BS,부채총계,"2,068,262,001,463",,
152880,3070,코오롱글로벌,2024,OFS,BS,유형자산,"230,016,467,475",,
152880,3070,코오롱글로벌,2024,OFS,BS,충당부채,"26,742,615,251",,
152880,3070,코오롱글로벌,2024,OFS,BS,매출채권,"679,358,182,420",,
152880,3070,코오롱글로벌,2024,OFS,CF,차입금,"500,000,000,000",,
152880,3070,코오롱글로벌,2024,OFS,CF,영업활동현금흐름,"-224,279,306,551",,
152880,3070,코오롱글로벌,2024,OFS,CF,감가상각비,"3,901,627,882",,
152880,3070,코오롱글로벌,2024,OFS,CF,당기순이익,"7,462,612,387",,
152880,3070,코오롱글로벌,2024,OFS,CIS,매출원가,"2,711,329,902,396",,
152880,3070,코오롱글로벌,2024,OFS,CIS,매출총이익,"128,659,199,306",,
152880,3070,코오롱글로벌,2024,OFS,CIS,매출액,"2,839,989,101,702",,
152880,3070,코오롱글로벌,2024,CFS,CIS,판매비와관리비,"188,552,274,635",,
152880,3070,코오롱글로벌,2025,CFS,BS,자산총계,"2,958,310,102,203",,
152880,3070,코오롱글로벌,2025,CFS,BS,유동자산,"1,340,564,688,948",,
152880,3070,코오롱글로벌,2025,OFS,BS,유동부채,"1,844,327,243,613",,
152880,3070,코오롱글로벌,2025,CFS,BS,재고자산,"85,439,521,297",,
152880,3070,코오롱글로벌,2025,OFS,BS,부채총계,"2,183,423,557,314",,
152880,3070,코오롱글로벌,2025,OFS,BS,유형자산,"931,103,811,233",,
152880,3070,코오롱글로벌,2025,OFS,BS,충당부채,"49,029,324,599",,
152880,3070,코오롱글로벌,2025,OFS,BS,매출채권,"577,794,225,452",,
152880,3070,코오롱글로벌,2025,OFS,CF,차입금,"1,380,000,000",,
152880,3070,코오롱글로벌,2025,OFS,CF,영업활동현금흐름,"72,396,252,837",,
152880,3070,코오롱글로벌,2025,OFS,CF,감가상각비,"4,605,783,589",,
152880,3070,코오롱글로벌,2025,OFS,CF,당기순이익,"-189,223,210,086",,
152880,3070,코오롱글로벌,2025,OFS,CIS,매출원가,"2,467,490,207,510",,
152880,3070,코오롱글로벌,2025,OFS,CIS,매출총이익,"223,683,815,676",,
152880,3070,코오롱글로벌,2025,OFS,CIS,매출액,"2,691,174,023,186",,
152880,3070,코오롱글로벌,2025,CFS,CIS,판매비와관리비,"220,503,029,247",,
153861,9410,태영건설,2023,CFS,BS,자산총계,"4,640,488,559,862",,
153861,9410,태영건설,2023,CFS,BS,유동자산,"2,241,268,819,819",,
153861,9410,태영건설,2023,OFS,BS,유동부채,"3,155,513,398,028",,
153861,9410,태영건설,2023,CFS,BS,재고자산,"489,866,169,559",,
153861,9410,태영건설,2023,OFS,BS,부채총계,"3,290,792,497,271",,
153861,9410,태영건설,2023,CFS,BS,유형자산,"191,049,330,874",,
153861,9410,태영건설,2023,OFS,BS,충당부채,"782,141,761,869",,
153861,9410,태영건설,2023,CFS,BS,매출채권,"627,951,861,207",,
153861,9410,태영건설,2023,OFS,CF,차입금,"1,045,120,575,070",,
153861,9410,태영건설,2023,OFS,CF,영업활동현금흐름,"-279,357,513,571",,
153861,9410,태영건설,2023,CFS,IS,매출원가,"3,088,392,003,421",,
153861,9410,태영건설,2023,CFS,IS,매출총이익,"264,529,772,409",,
153861,9410,태영건설,2023,CFS,IS,당기순이익,"-1,456,960,619,972",,
153861,9410,태영건설,2023,OFS,IS,매출액,"3,206,421,378,426",,
153861,9410,태영건설,2023,CFS,IS,판매비와관리비,"175,134,661,234",,
153861,9410,태영건설,2024,CFS,BS,자산총계,"4,323,923,757,006",,
153861,9410,태영건설,2024,CFS,BS,유동자산,"2,195,061,005,399",,
153861,9410,태영건설,2024,OFS,BS,유동부채,"1,439,702,860,940",,
153861,9410,태영건설,2024,CFS,BS,재고자산,"350,220,639,198",,
153861,9410,태영건설,2024,OFS,BS,부채총계,"1,899,766,881,485",,
153861,9410,태영건설,2024,CFS,BS,유형자산,"155,075,609,765",,
153861,9410,태영건설,2024,OFS,BS,충당부채,"728,521,423,394",,
153861,9410,태영건설,2024,CFS,BS,매출채권,"695,344,371,323",,
153861,9410,태영건설,2024,OFS,CF,차입금,"366,869,626,236",,
153861,9410,태영건설,2024,OFS,CF,영업활동현금흐름,"-147,573,451,762",,
153861,9410,태영건설,2024,CFS,IS,매출원가,"2,501,622,024,561",,
153861,9410,태영건설,2024,CFS,IS,매출총이익,"184,552,086,393",,
153861,9410,태영건설,2024,CFS,IS,당기순이익,"66,803,953,317",,
153861,9410,태영건설,2024,OFS,IS,매출액,"2,526,997,501,384",,
153861,9410,태영건설,2024,CFS,IS,판매비와관리비,"132,120,816,284",,
153861,9410,태영건설,2025,CFS,BS,자산총계,"4,127,053,459,058",,
153861,9410,태영건설,2025,CFS,BS,유동자산,"1,642,557,541,666",,
153861,9410,태영건설,2025,OFS,BS,유동부채,"1,173,633,128,120",,
153861,9410,태영건설,2025,CFS,BS,재고자산,"147,391,834,536",,
153861,9410,태영건설,2025,OFS,BS,부채총계,"1,644,719,269,918",,
153861,9410,태영건설,2025,CFS,BS,유형자산,"95,810,533,370",,
153861,9410,태영건설,2025,OFS,BS,충당부채,"663,005,856,790",,
153861,9410,태영건설,2025,CFS,BS,매출채권,"523,522,185,657",,
153861,9410,태영건설,2025,OFS,CF,차입금,0,,
153861,9410,태영건설,2025,OFS,CF,영업활동현금흐름,"181,269,784,422",,
153861,9410,태영건설,2025,CFS,IS,매출원가,"1,985,463,163,912",,
153861,9410,태영건설,2025,CFS,IS,매출총이익,"189,020,404,802",,
153861,9410,태영건설,2025,CFS,IS,당기순이익,"95,829,321,273",,
153861,9410,태영건설,2025,OFS,IS,매출액,"1,901,158,979,097",,
153861,9410,태영건설,2025,CFS,IS,판매비와관리비,"114,791,245,718",,
159500,23350,한국종합기술,2023,CFS,BS,자산총계,"381,181,315,535",,
159500,23350,한국종합기술,2023,OFS,BS,차입금,"24,000,000,000",,
159500,23350,한국종합기술,2023,CFS,BS,계약자산(미청구공사),"38,762,092,904",,
159500,23350,한국종합기술,2023,CFS,BS,유동자산,"162,580,176,127",,
159500,23350,한국종합기술,2023,OFS,BS,유동부채,"188,299,734,174",,
159500,23350,한국종합기술,2023,OFS,BS,부채총계,"224,519,456,426",,
159500,23350,한국종합기술,2023,CFS,BS,유형자산,"81,554,550,696",,
159500,23350,한국종합기술,2023,OFS,BS,충당부채,"1,338,095,997",,
159500,23350,한국종합기술,2023,CFS,BS,매출채권,"22,847,097,419",,
159500,23350,한국종합기술,2023,CFS,CF,영업활동현금흐름,"19,942,740,339",,
159500,23350,한국종합기술,2023,CFS,IS,매출원가,"341,061,694,963",,
159500,23350,한국종합기술,2023,CFS,IS,매출총이익,"35,857,742,417",,
159500,23350,한국종합기술,2023,CFS,IS,당기순이익,"13,341,928,319",,
159500,23350,한국종합기술,2023,OFS,IS,매출액,"376,919,437,380",,
159500,23350,한국종합기술,2023,CFS,IS,판매비와관리비,"31,865,477,468",,
159500,23350,한국종합기술,2024,CFS,BS,자산총계,"418,085,900,700",,
159500,23350,한국종합기술,2024,OFS,BS,차입금,"24,000,000,000",,
159500,23350,한국종합기술,2024,CFS,BS,계약자산(미청구공사),"46,682,359,467",,
159500,23350,한국종합기술,2024,CFS,BS,유동자산,"190,999,442,448",,
159500,23350,한국종합기술,2024,OFS,BS,유동부채,"217,827,022,588",,
159500,23350,한국종합기술,2024,OFS,BS,부채총계,"261,422,296,029",,
159500,23350,한국종합기술,2024,CFS,BS,유형자산,"87,363,785,236",,
159500,23350,한국종합기술,2024,OFS,BS,충당부채,"733,460,828",,
159500,23350,한국종합기술,2024,CFS,BS,매출채권,"32,513,161,760",,
159500,23350,한국종합기술,2024,CFS,CF,영업활동현금흐름,"13,440,154,975",,
159500,23350,한국종합기술,2024,CFS,IS,매출원가,"366,187,119,722",,
159500,23350,한국종합기술,2024,CFS,IS,매출총이익,"32,726,258,482",,
159500,23350,한국종합기술,2024,CFS,IS,당기순이익,"6,227,110,545",,
159500,23350,한국종합기술,2024,OFS,IS,매출액,"398,913,378,204",,
159500,23350,한국종합기술,2024,CFS,IS,판매비와관리비,"31,824,009,177",,
159500,23350,한국종합기술,2025,CFS,BS,자산총계,"422,957,799,809",,
159500,23350,한국종합기술,2025,OFS,BS,차입금,"20,000,000,000",,
159500,23350,한국종합기술,2025,CFS,BS,계약자산(미청구공사),"43,421,557,209",,
159500,23350,한국종합기술,2025,CFS,BS,유동자산,"182,006,421,652",,
159500,23350,한국종합기술,2025,OFS,BS,유동부채,"204,766,195,384",,
159500,23350,한국종합기술,2025,OFS,BS,부채총계,"252,356,758,041",,
159500,23350,한국종합기술,2025,CFS,BS,유형자산,"94,821,855,655",,
159500,23350,한국종합기술,2025,OFS,BS,충당부채,"679,940,391",,
159500,23350,한국종합기술,2025,CFS,BS,매출채권,"20,766,871,304",,
159500,23350,한국종합기술,2025,CFS,CF,영업활동현금흐름,"21,954,199,006",,
159500,23350,한국종합기술,2025,CFS,IS,매출원가,"375,627,985,853",,
159500,23350,한국종합기술,2025,CFS,IS,매출총이익,"37,280,768,223",,
159500,23350,한국종합기술,2025,CFS,IS,당기순이익,"8,539,936,199",,
159500,23350,한국종합기술,2025,OFS,IS,매출액,"413,596,780,596",,
159500,23350,한국종합기술,2025,CFS,IS,판매비와관리비,"31,241,161,503",,
161116,14790,HL D&I,2023,CFS,BS,자산총계,"1,724,300,709,671",,
161116,14790,HL D&I,2023,OFS,BS,차입금,"186,117,940,844",,
161116,14790,HL D&I,2023,CFS,BS,유동자산,"872,270,376,607",,
161116,14790,HL D&I,2023,OFS,BS,유동부채,"808,639,932,869",,
161116,14790,HL D&I,2023,OFS,BS,재고자산,"163,109,005,279",,
161116,14790,HL D&I,2023,OFS,BS,부채총계,"1,027,389,071,997",,
161116,14790,HL D&I,2023,OFS,BS,유형자산,"80,914,161,118",,
161116,14790,HL D&I,2023,OFS,BS,충당부채,"13,699,315,523",,
161116,14790,HL D&I,2023,OFS,BS,매출채권,"299,100,966,677",,
161116,14790,HL D&I,2023,OFS,CF,영업활동현금흐름,"28,839,635,699",,
161116,14790,HL D&I,2023,OFS,CIS,매출원가,"1,353,098,928,593",,
161116,14790,HL D&I,2023,OFS,CIS,매출총이익,"136,154,016,098",,
161116,14790,HL D&I,2023,OFS,CIS,당기순이익,"34,098,476,160",,
161116,14790,HL D&I,2023,OFS,CIS,매출액,"1,489,252,944,691",,
161116,14790,HL D&I,2023,CFS,CIS,판매비와관리비,"101,939,496,168",,
161116,14790,HL D&I,2024,CFS,BS,자산총계,"1,702,996,461,973",,
161116,14790,HL D&I,2024,OFS,BS,차입금,"286,514,320,675",,
161116,14790,HL D&I,2024,CFS,BS,유동자산,"916,854,791,424",,
161116,14790,HL D&I,2024,OFS,BS,유동부채,"698,799,883,118",,
161116,14790,HL D&I,2024,OFS,BS,재고자산,"65,225,594,898",,
161116,14790,HL D&I,2024,OFS,BS,부채총계,"973,218,948,577",,
161116,14790,HL D&I,2024,OFS,BS,유형자산,"59,929,422,780",,
161116,14790,HL D&I,2024,OFS,BS,충당부채,"9,184,121,729",,
161116,14790,HL D&I,2024,OFS,BS,매출채권,"246,757,904,537",,
161116,14790,HL D&I,2024,OFS,CF,영업활동현금흐름,"-5,912,596,825",,
161116,14790,HL D&I,2024,OFS,CIS,매출원가,"1,302,312,910,575",,
161116,14790,HL D&I,2024,OFS,CIS,매출총이익,"153,987,078,460",,
161116,14790,HL D&I,2024,OFS,CIS,당기순이익,"8,235,174,545",,
161116,14790,HL D&I,2024,OFS,CIS,매출액,"1,456,299,989,035",,
161116,14790,HL D&I,2024,CFS,CIS,판매비와관리비,"119,551,525,207",,
161116,14790,HL D&I,2025,CFS,BS,자산총계,"1,943,235,554,710",,
161116,14790,HL D&I,2025,OFS,BS,차입금,"185,140,780,652",,
161116,14790,HL D&I,2025,CFS,BS,유동자산,"1,045,618,215,845",,
161116,14790,HL D&I,2025,OFS,BS,유동부채,"844,635,248,219",,
161116,14790,HL D&I,2025,OFS,BS,재고자산,"211,610,034,321",,
161116,14790,HL D&I,2025,OFS,BS,부채총계,"1,137,118,212,106",,
161116,14790,HL D&I,2025,OFS,BS,유형자산,"60,560,435,157",,
161116,14790,HL D&I,2025,OFS,BS,충당부채,"9,219,006,756",,
161116,14790,HL D&I,2025,OFS,BS,매출채권,"359,925,833,871",,
161116,14790,HL D&I,2025,OFS,CF,영업활동현금흐름,"100,260,701,565",,
161116,14790,HL D&I,2025,OFS,CIS,매출원가,"1,441,058,178,368",,
161116,14790,HL D&I,2025,OFS,CIS,매출총이익,"204,131,349,426",,
161116,14790,HL D&I,2025,OFS,CIS,당기순이익,"24,439,388,462",,
161116,14790,HL D&I,2025,OFS,CIS,매출액,"1,645,189,527,794",,
161116,14790,HL D&I,2025,CFS,CIS,판매비와관리비,"147,503,777,696",,
162063,4960,한신공영,2023,CFS,BS,자산총계,"2,468,946,950,023",,
162063,4960,한신공영,2023,OFS,BS,차입금,"391,030,737,140",,
162063,4960,한신공영,2023,CFS,BS,유동자산,"1,689,917,140,286",,
162063,4960,한신공영,2023,OFS,BS,유동부채,"876,186,503,912",,
162063,4960,한신공영,2023,CFS,BS,재고자산,"690,875,959,644",,
162063,4960,한신공영,2023,OFS,BS,부채총계,"1,202,736,045,506",,
162063,4960,한신공영,2023,CFS,BS,유형자산,"145,023,774,407",,
162063,4960,한신공영,2023,OFS,BS,충당부채,"47,997,267,681",,
162063,4960,한신공영,2023,CFS,BS,매출채권,"323,322,171,894",,
162063,4960,한신공영,2023,OFS,CF,영업활동현금흐름,"7,831,430,890",,
162063,4960,한신공영,2023,OFS,CF,감가상각비,"8,485,828,590",,
162063,4960,한신공영,2023,CFS,IS,매출원가,"1,219,842,101,555",,
162063,4960,한신공영,2023,CFS,IS,매출총이익,"89,166,421,459",,
162063,4960,한신공영,2023,CFS,IS,당기순이익,"23,668,931,441",,
162063,4960,한신공영,2023,OFS,IS,매출액,"1,311,220,227,865",,
162063,4960,한신공영,2023,CFS,IS,판매비와관리비,"74,411,147,473",,
162063,4960,한신공영,2024,CFS,BS,자산총계,"2,317,873,586,367",,
162063,4960,한신공영,2024,OFS,BS,차입금,"360,557,715,636",,
162063,4960,한신공영,2024,CFS,BS,유동자산,"1,445,741,750,171",,
162063,4960,한신공영,2024,OFS,BS,유동부채,"954,758,455,187",,
162063,4960,한신공영,2024,CFS,BS,재고자산,"490,616,305,533",,
162063,4960,한신공영,2024,OFS,BS,부채총계,"1,183,658,825,141",,
162063,4960,한신공영,2024,CFS,BS,유형자산,"152,861,285,873",,
162063,4960,한신공영,2024,OFS,BS,충당부채,"22,186,174,409",,
162063,4960,한신공영,2024,CFS,BS,매출채권,"475,722,626,388",,
162063,4960,한신공영,2024,OFS,CF,영업활동현금흐름,"155,750,373,422",,
162063,4960,한신공영,2024,OFS,CF,감가상각비,"8,439,043,073",,
162063,4960,한신공영,2024,CFS,IS,매출원가,"1,340,491,314,201",,
162063,4960,한신공영,2024,CFS,IS,매출총이익,"149,956,255,020",,
162063,4960,한신공영,2024,CFS,IS,당기순이익,"14,764,860,230",,
162063,4960,한신공영,2024,OFS,IS,매출액,"1,476,240,860,921",,
162063,4960,한신공영,2024,CFS,IS,판매비와관리비,"112,701,405,535",,
162063,4960,한신공영,2025,CFS,BS,자산총계,"2,212,986,466,557",,
162063,4960,한신공영,2025,OFS,BS,차입금,"310,969,580,210",,
162063,4960,한신공영,2025,CFS,BS,유동자산,"1,218,875,475,720",,
162063,4960,한신공영,2025,OFS,BS,유동부채,"717,818,833,988",,
162063,4960,한신공영,2025,CFS,BS,재고자산,"350,621,896,412",,
162063,4960,한신공영,2025,OFS,BS,부채총계,"1,101,044,295,061",,
162063,4960,한신공영,2025,CFS,BS,유형자산,"160,807,355,768",,
162063,4960,한신공영,2025,OFS,BS,충당부채,"6,920,576,339",,
162063,4960,한신공영,2025,CFS,BS,매출채권,"432,124,580,633",,
162063,4960,한신공영,2025,OFS,CF,영업활동현금흐름,"-16,797,274,258",,
162063,4960,한신공영,2025,OFS,CF,감가상각비,"4,653,121,428",,
162063,4960,한신공영,2025,CFS,IS,매출원가,"986,026,473,272",,
162063,4960,한신공영,2025,CFS,IS,매출총이익,"163,164,735,171",,
162063,4960,한신공영,2025,CFS,IS,당기순이익,"57,864,389,832",,
162063,4960,한신공영,2025,OFS,IS,매출액,"1,113,569,694,701",,
162063,4960,한신공영,2025,CFS,IS,판매비와관리비,"98,643,695,916",,
164478,720,현대건설,2023,CFS,BS,자산총계,"23,714,495,000,000",,
164478,720,현대건설,2023,OFS,BS,차입금,"100,000,000,000",,
164478,720,현대건설,2023,CFS,BS,유동자산,"18,613,430,000,000",,
164478,720,현대건설,2023,OFS,BS,유동부채,"5,858,555,000,000",,
164478,720,현대건설,2023,OFS,BS,재고자산,"243,213,000,000",,
164478,720,현대건설,2023,OFS,BS,부채총계,"8,258,636,000,000",,
164478,720,현대건설,2023,OFS,BS,유형자산,"373,314,000,000",,
164478,720,현대건설,2023,OFS,BS,충당부채,"116,718,000,000",,
164478,720,현대건설,2023,OFS,BS,매출채권,"1,473,695,000,000",,
164478,720,현대건설,2023,OFS,CF,영업활동현금흐름,"-834,258,000,000",,
164478,720,현대건설,2023,OFS,CIS,매출원가,"14,927,998,000,000",,
164478,720,현대건설,2023,OFS,CIS,매출총이익,"850,846,000,000",,
164478,720,현대건설,2023,OFS,CIS,당기순이익,"372,127,000,000",,
164478,720,현대건설,2023,OFS,CIS,매출액,"15,778,844,000,000",,
164478,720,현대건설,2023,OFS,CIS,판매비와관리비,"510,319,000,000",,
164478,720,현대건설,2024,CFS,BS,자산총계,"27,005,385,000,000",,
164478,720,현대건설,2024,OFS,BS,차입금,"24,342,000,000",,
164478,720,현대건설,2024,CFS,BS,유동자산,"21,100,663,000,000",,
164478,720,현대건설,2024,OFS,BS,유동부채,"7,670,060,000,000",,
164478,720,현대건설,2024,OFS,BS,재고자산,"290,803,000,000",,
164478,720,현대건설,2024,OFS,BS,부채총계,"9,917,414,000,000",,
164478,720,현대건설,2024,OFS,BS,유형자산,"411,483,000,000",,
164478,720,현대건설,2024,OFS,BS,충당부채,"131,935,000,000",,
164478,720,현대건설,2024,OFS,BS,매출채권,"2,611,847,000,000",,
164478,720,현대건설,2024,OFS,CF,영업활동현금흐름,"345,467,000,000",,
164478,720,현대건설,2024,OFS,CIS,매출원가,"16,381,275,000,000",,
164478,720,현대건설,2024,OFS,CIS,매출총이익,"348,828,000,000",,
164478,720,현대건설,2024,OFS,CIS,당기순이익,"174,131,000,000",,
164478,720,현대건설,2024,OFS,CIS,매출액,"16,730,103,000,000",,
164478,720,현대건설,2024,OFS,CIS,판매비와관리비,"564,353,000,000",,
164478,720,현대건설,2025,CFS,BS,자산총계,"27,791,708,000,000",,
164478,720,현대건설,2025,OFS,BS,차입금,"68,503,000,000",,
164478,720,현대건설,2025,CFS,BS,유동자산,"21,958,006,000,000",,
164478,720,현대건설,2025,OFS,BS,유동부채,"7,977,680,000,000",,
164478,720,현대건설,2025,OFS,BS,재고자산,"117,318,000,000",,
164478,720,현대건설,2025,OFS,BS,부채총계,"10,158,739,000,000",,
164478,720,현대건설,2025,OFS,BS,유형자산,"400,744,000,000",,
164478,720,현대건설,2025,OFS,BS,충당부채,"147,391,000,000",,
164478,720,현대건설,2025,OFS,BS,매출채권,"3,927,688,000,000",,
164478,720,현대건설,2025,OFS,CF,영업활동현금흐름,"-207,019,000,000",,
164478,720,현대건설,2025,OFS,CIS,매출원가,"15,617,995,000,000",,
164478,720,현대건설,2025,OFS,CIS,매출총이익,"894,467,000,000",,
164478,720,현대건설,2025,OFS,CIS,당기순이익,"231,330,000,000",,
164478,720,현대건설,2025,OFS,CIS,매출액,"16,512,462,000,000",,
164478,720,현대건설,2025,OFS,CIS,판매비와관리비,"643,284,000,000",,
174527,2460,HS화성,2023,CFS,BS,자산총계,"991,687,669,827",,
174527,2460,HS화성,2023,OFS,BS,차입금,"138,000,000,000",,
174527,2460,HS화성,2023,CFS,BS,유동자산,"798,252,085,597",,
174527,2460,HS화성,2023,OFS,BS,유동부채,"282,097,863,564",,
174527,2460,HS화성,2023,CFS,BS,재고자산,"173,400,161,299",,
174527,2460,HS화성,2023,OFS,BS,부채총계,"383,538,533,536",,
174527,2460,HS화성,2023,CFS,BS,유형자산,"37,598,774,230",,
174527,2460,HS화성,2023,OFS,BS,충당부채,"22,512,553,518",,
174527,2460,HS화성,2023,OFS,BS,매출채권,"13,128,578,044",,
174527,2460,HS화성,2023,OFS,CF,영업활동현금흐름,"-47,383,790,333",,
174527,2460,HS화성,2023,OFS,CF,당기순이익,"30,620,178,579",,
174527,2460,HS화성,2023,OFS,CIS,매출원가,"817,040,093,578",,
174527,2460,HS화성,2023,OFS,CIS,매출총이익,"74,832,487,497",,
174527,2460,HS화성,2023,OFS,CIS,매출액,"891,872,581,075",,
174527,2460,HS화성,2023,OFS,CIS,판매비와관리비,"43,059,017,629",,
174527,2460,HS화성,2024,CFS,BS,자산총계,"833,478,390,833",,
174527,2460,HS화성,2024,OFS,BS,차입금,"148,000,000,000",,
174527,2460,HS화성,2024,CFS,BS,유동자산,"518,244,492,344",,
174527,2460,HS화성,2024,OFS,BS,유동부채,"256,366,453,294",,
174527,2460,HS화성,2024,CFS,BS,재고자산,"233,840,522,103",,
174527,2460,HS화성,2024,OFS,BS,부채총계,"339,697,320,661",,
174527,2460,HS화성,2024,CFS,BS,유형자산,"37,423,638,382",,
174527,2460,HS화성,2024,OFS,BS,충당부채,"10,790,463,923",,
174527,2460,HS화성,2024,CFS,BS,매출채권,"31,546,331,831",,
174527,2460,HS화성,2024,OFS,CF,영업활동현금흐름,"64,612,215,225",,
174527,2460,HS화성,2024,OFS,CF,당기순이익,"1,575,094,670",,
174527,2460,HS화성,2024,OFS,CIS,매출원가,"547,480,448,996",,
174527,2460,HS화성,2024,OFS,CIS,매출총이익,"47,967,151,760",,
174527,2460,HS화성,2024,OFS,CIS,매출액,"595,447,600,756",,
174527,2460,HS화성,2024,OFS,CIS,판매비와관리비,"43,942,019,904",,
174527,2460,HS화성,2025,CFS,BS,자산총계,"742,153,231,447",,
174527,2460,HS화성,2025,OFS,BS,차입금,"136,540,483,250",,
174527,2460,HS화성,2025,CFS,BS,유동자산,"355,368,538,938",,
174527,2460,HS화성,2025,OFS,BS,유동부채,"257,600,957,549",,
174527,2460,HS화성,2025,CFS,BS,재고자산,"100,289,339,324",,
174527,2460,HS화성,2025,OFS,BS,부채총계,"295,468,599,576",,
174527,2460,HS화성,2025,CFS,BS,유형자산,"67,448,794,740",,
174527,2460,HS화성,2025,OFS,BS,충당부채,"9,789,229,894",,
174527,2460,HS화성,2025,CFS,BS,매출채권,"68,756,034,935",,
174527,2460,HS화성,2025,OFS,CF,영업활동현금흐름,"-13,202,535,435",,
174527,2460,HS화성,2025,OFS,CF,당기순이익,"21,321,694,883",,
174527,2460,HS화성,2025,OFS,CIS,매출원가,"379,805,592,208",,
174527,2460,HS화성,2025,OFS,CIS,매출총이익,"59,051,610,093",,
174527,2460,HS화성,2025,OFS,CIS,매출액,"438,857,202,301",,
174527,2460,HS화성,2025,OFS,CIS,판매비와관리비,"45,269,094,720",,
176516,36190,금화피에스시,2023,CFS,BS,자산총계,"430,472,934,672",,
176516,36190,금화피에스시,2023,OFS,BS,차입금,"5,000,000,000",,
176516,36190,금화피에스시,2023,CFS,BS,유동자산,"232,117,274,009",,
176516,36190,금화피에스시,2023,OFS,BS,유동부채,"35,093,828,493",,
176516,36190,금화피에스시,2023,CFS,BS,재고자산,"2,891,401,910",,
176516,36190,금화피에스시,2023,OFS,BS,부채총계,"57,731,524,835",,
176516,36190,금화피에스시,2023,OFS,BS,유형자산,"18,043,356,669",,
176516,36190,금화피에스시,2023,OFS,BS,충당부채,"412,017,187",,
176516,36190,금화피에스시,2023,OFS,BS,매출채권,"65,786,378,042",,
176516,36190,금화피에스시,2023,OFS,CF,영업활동현금흐름,"17,945,719,100",,
176516,36190,금화피에스시,2023,OFS,CF,당기순이익,"36,899,083,112",,
176516,36190,금화피에스시,2023,OFS,CIS,매출원가,"199,072,707,373",,
176516,36190,금화피에스시,2023,OFS,CIS,매출총이익,"49,026,136,630",,
176516,36190,금화피에스시,2023,OFS,CIS,매출액,"248,098,844,003",,
176516,36190,금화피에스시,2023,CFS,CIS,판매비와관리비,"20,225,596,566",,
176516,36190,금화피에스시,2024,CFS,BS,자산총계,"461,784,662,209",,
176516,36190,금화피에스시,2024,OFS,BS,차입금,"5,000,000,000",,
176516,36190,금화피에스시,2024,CFS,BS,유동자산,"259,229,924,927",,
176516,36190,금화피에스시,2024,OFS,BS,유동부채,"40,187,151,419",,
176516,36190,금화피에스시,2024,CFS,BS,재고자산,"5,292,629,942",,
176516,36190,금화피에스시,2024,OFS,BS,부채총계,"43,443,956,514",,
176516,36190,금화피에스시,2024,OFS,BS,유형자산,"20,489,597,415",,
176516,36190,금화피에스시,2024,OFS,BS,충당부채,"250,617,883",,
176516,36190,금화피에스시,2024,OFS,BS,매출채권,"42,024,216,287",,
176516,36190,금화피에스시,2024,OFS,CF,영업활동현금흐름,"60,324,811,126",,
176516,36190,금화피에스시,2024,OFS,CF,당기순이익,"32,937,779,623",,
176516,36190,금화피에스시,2024,OFS,CIS,매출원가,"208,256,079,082",,
176516,36190,금화피에스시,2024,OFS,CIS,매출총이익,"41,198,796,429",,
176516,36190,금화피에스시,2024,OFS,CIS,매출액,"249,454,875,511",,
176516,36190,금화피에스시,2024,CFS,CIS,판매비와관리비,"19,702,572,495",,
176516,36190,금화피에스시,2025,CFS,BS,자산총계,"490,634,810,673",,
176516,36190,금화피에스시,2025,CFS,BS,유동자산,"297,773,250,705",,
176516,36190,금화피에스시,2025,OFS,BS,유동부채,"56,289,741,609",,
176516,36190,금화피에스시,2025,CFS,BS,재고자산,"4,863,000,808",,
176516,36190,금화피에스시,2025,OFS,BS,부채총계,"60,797,976,318",,
176516,36190,금화피에스시,2025,OFS,BS,유형자산,"21,358,337,489",,
176516,36190,금화피에스시,2025,OFS,BS,충당부채,"2,490,977,869",,
176516,36190,금화피에스시,2025,OFS,BS,매출채권,"112,707,626,482",,
176516,36190,금화피에스시,2025,OFS,CF,차입금,0,,
176516,36190,금화피에스시,2025,OFS,CF,영업활동현금흐름,"-23,396,694,209",,
176516,36190,금화피에스시,2025,OFS,CF,당기순이익,"38,095,818,095",,
176516,36190,금화피에스시,2025,OFS,CIS,매출원가,"269,895,159,971",,
176516,36190,금화피에스시,2025,OFS,CIS,매출총이익,"50,498,208,334",,
176516,36190,금화피에스시,2025,OFS,CIS,매출액,"320,393,368,305",,
176516,36190,금화피에스시,2025,CFS,CIS,판매비와관리비,"19,571,059,160",,
178754,28100,동아지질,2023,CFS,BS,자산총계,"390,934,866,738",,
178754,28100,동아지질,2023,OFS,BS,차입금,"50,880,000,000",,
178754,28100,동아지질,2023,CFS,BS,유동자산,"284,767,307,429",,
178754,28100,동아지질,2023,OFS,BS,유동부채,"157,119,514,977",,
178754,28100,동아지질,2023,CFS,BS,재고자산,"5,458,802,583",,
178754,28100,동아지질,2023,OFS,BS,부채총계,"162,008,613,170",,
178754,28100,동아지질,2023,CFS,BS,유형자산,"64,288,955,077",,
178754,28100,동아지질,2023,OFS,BS,충당부채,"11,545,745,882",,
178754,28100,동아지질,2023,CFS,BS,매출채권,"69,352,963,083",,
178754,28100,동아지질,2023,CFS,CF,영업활동현금흐름,"43,959,524,251",,
178754,28100,동아지질,2023,CFS,CF,감가상각비,"23,597,891,242",,
178754,28100,동아지질,2023,OFS,CIS,매출원가,"327,317,728,685",,
178754,28100,동아지질,2023,OFS,CIS,매출총이익,"17,646,402,805",,
178754,28100,동아지질,2023,OFS,CIS,당기순이익,"9,792,685,965",,
178754,28100,동아지질,2023,OFS,CIS,매출액,"344,964,131,490",,
178754,28100,동아지질,2023,CFS,CIS,판매비와관리비,"9,467,789,077",,
178754,28100,동아지질,2024,CFS,BS,자산총계,"400,252,311,496",,
178754,28100,동아지질,2024,OFS,BS,차입금,"53,880,000,000",,
178754,28100,동아지질,2024,CFS,BS,유동자산,"306,321,167,207",,
178754,28100,동아지질,2024,OFS,BS,유동부채,"169,778,244,644",,
178754,28100,동아지질,2024,CFS,BS,재고자산,"5,486,056,719",,
178754,28100,동아지질,2024,OFS,BS,부채총계,"173,147,990,111",,
178754,28100,동아지질,2024,CFS,BS,유형자산,"58,407,320,143",,
178754,28100,동아지질,2024,OFS,BS,충당부채,"6,230,425,736",,
178754,28100,동아지질,2024,CFS,BS,매출채권,"93,071,837,702",,
178754,28100,동아지질,2024,CFS,CF,영업활동현금흐름,"9,001,970,120",,
178754,28100,동아지질,2024,OFS,CIS,매출원가,"373,304,125,131",,
178754,28100,동아지질,2024,OFS,CIS,매출총이익,"20,189,037,543",,
178754,28100,동아지질,2024,OFS,CIS,당기순이익,"11,398,656,162",,
178754,28100,동아지질,2024,OFS,CIS,매출액,"393,493,162,674",,
178754,28100,동아지질,2024,CFS,CIS,판매비와관리비,"10,071,222,513",,
178754,28100,동아지질,2025,CFS,BS,자산총계,"455,150,862,677",,
178754,28100,동아지질,2025,OFS,BS,차입금,"50,880,000,000",,
178754,28100,동아지질,2025,CFS,BS,유동자산,"324,678,246,479",,
178754,28100,동아지질,2025,OFS,BS,유동부채,"215,839,263,750",,
178754,28100,동아지질,2025,CFS,BS,재고자산,"5,465,368,941",,
178754,28100,동아지질,2025,OFS,BS,부채총계,"226,554,589,308",,
178754,28100,동아지질,2025,CFS,BS,유형자산,"88,507,457,764",,
178754,28100,동아지질,2025,OFS,BS,충당부채,"7,599,537,830",,
178754,28100,동아지질,2025,CFS,BS,매출채권,"102,531,296,714",,
178754,28100,동아지질,2025,CFS,CF,영업활동현금흐름,"95,091,456,138",,
178754,28100,동아지질,2025,OFS,CIS,매출원가,"439,381,805,762",,
178754,28100,동아지질,2025,OFS,CIS,매출총이익,"28,343,694,681",,
178754,28100,동아지질,2025,OFS,CIS,당기순이익,"18,724,413,989",,
178754,28100,동아지질,2025,OFS,CIS,매출액,"467,725,500,443",,
178754,28100,동아지질,2025,CFS,CIS,판매비와관리비,"9,832,184,377",,
186939,26150,특수건설,2023,CFS,BS,자산총계,"197,309,555,526",,
186939,26150,특수건설,2023,OFS,BS,차입금,"10,472,918,145",,
186939,26150,특수건설,2023,CFS,BS,유동자산,"107,186,047,768",,
186939,26150,특수건설,2023,OFS,BS,유동부채,"81,797,982,977",,
186939,26150,특수건설,2023,CFS,BS,재고자산,"7,906,232,391",,
186939,26150,특수건설,2023,OFS,BS,부채총계,"93,171,224,003",,
186939,26150,특수건설,2023,CFS,BS,유형자산,"49,530,042,759",,
186939,26150,특수건설,2023,OFS,BS,충당부채,"3,250,649,989",,
186939,26150,특수건설,2023,CFS,BS,매출채권,"65,624,110,678",,
186939,26150,특수건설,2023,OFS,CF,영업활동현금흐름,"26,055,529,750",,
186939,26150,특수건설,2023,CFS,CF,감가상각비,"6,481,740,773",,
186939,26150,특수건설,2023,OFS,CF,당기순이익,"-2,276,322,081",,
186939,26150,특수건설,2023,OFS,CIS,매출원가,"216,769,882,953",,
186939,26150,특수건설,2023,OFS,CIS,매출총이익,"16,093,791,343",,
186939,26150,특수건설,2023,OFS,CIS,매출액,"232,863,674,296",,
186939,26150,특수건설,2023,CFS,CIS,판매비와관리비,"13,875,936,595",,
186939,26150,특수건설,2024,CFS,BS,자산총계,"218,363,521,306",,
186939,26150,특수건설,2024,OFS,BS,차입금,"42,300,621,600",,
186939,26150,특수건설,2024,CFS,BS,유동자산,"133,178,735,604",,
186939,26150,특수건설,2024,OFS,BS,유동부채,"98,245,559,174",,
186939,26150,특수건설,2024,CFS,BS,재고자산,"7,171,283,480",,
186939,26150,특수건설,2024,OFS,BS,부채총계,"108,287,264,860",,
186939,26150,특수건설,2024,CFS,BS,유형자산,"55,618,128,008",,
186939,26150,특수건설,2024,OFS,BS,충당부채,"3,270,190,170",,
186939,26150,특수건설,2024,CFS,BS,매출채권,"69,716,522,560",,
186939,26150,특수건설,2024,OFS,CF,영업활동현금흐름,"-7,318,980,147",,
186939,26150,특수건설,2024,CFS,CF,감가상각비,"11,847,607,972",,
186939,26150,특수건설,2024,OFS,CF,당기순이익,"4,664,974,458",,
186939,26150,특수건설,2024,OFS,CIS,매출원가,"188,600,102,851",,
186939,26150,특수건설,2024,OFS,CIS,매출총이익,"16,590,520,538",,
186939,26150,특수건설,2024,OFS,CIS,매출액,"205,190,623,389",,
186939,26150,특수건설,2024,CFS,CIS,판매비와관리비,"11,236,212,814",,
186939,26150,특수건설,2025,CFS,BS,자산총계,"195,070,766,176",,
186939,26150,특수건설,2025,OFS,BS,차입금,"11,879,000,000",,
186939,26150,특수건설,2025,CFS,BS,유동자산,"88,641,647,759",,
186939,26150,특수건설,2025,OFS,BS,유동부채,"73,893,599,590",,
186939,26150,특수건설,2025,CFS,BS,재고자산,"6,629,017,190",,
186939,26150,특수건설,2025,OFS,BS,부채총계,"104,040,361,790",,
186939,26150,특수건설,2025,CFS,BS,유형자산,"76,040,075,839",,
186939,26150,특수건설,2025,OFS,BS,충당부채,"7,443,643,402",,
186939,26150,특수건설,2025,CFS,BS,매출채권,"42,659,210,233",,
186939,26150,특수건설,2025,OFS,CF,영업활동현금흐름,"14,448,706,226",,
186939,26150,특수건설,2025,OFS,CF,당기순이익,"-19,686,190,375",,
186939,26150,특수건설,2025,OFS,CIS,매출원가,"159,915,464,082",,
186939,26150,특수건설,2025,OFS,CIS,매출총이익,"-25,579,735,390",,
186939,26150,특수건설,2025,OFS,CIS,매출액,"134,335,728,692",,
186939,26150,특수건설,2025,CFS,CIS,판매비와관리비,"11,079,519,951",,
216498,37350,성도이엔지,2023,CFS,BS,자산총계,"645,551,062,822",,
216498,37350,성도이엔지,2023,OFS,BS,차입금,"58,000,000,000",,
216498,37350,성도이엔지,2023,CFS,BS,계약자산(미청구공사),"31,224,451,002",,
216498,37350,성도이엔지,2023,CFS,BS,유동자산,"460,829,474,182",,
216498,37350,성도이엔지,2023,OFS,BS,유동부채,"210,127,357,666",,
216498,37350,성도이엔지,2023,CFS,BS,재고자산,"70,255,712,040",,
216498,37350,성도이엔지,2023,OFS,BS,부채총계,"281,415,172,370",,
216498,37350,성도이엔지,2023,CFS,BS,유형자산,"71,472,440,353",,
216498,37350,성도이엔지,2023,CFS,BS,매출채권,"129,335,417,975",,
216498,37350,성도이엔지,2023,OFS,CF,영업활동현금흐름,"-1,597,061,808",,
216498,37350,성도이엔지,2023,OFS,CIS,매출원가,"487,380,749,401",,
216498,37350,성도이엔지,2023,OFS,CIS,매출총이익,"14,017,896,922",,
216498,37350,성도이엔지,2023,OFS,CIS,당기순이익,"-9,915,248,297",,
216498,37350,성도이엔지,2023,OFS,CIS,매출액,"501,398,646,323",,
216498,37350,성도이엔지,2023,OFS,CIS,판매비와관리비,"17,011,419,030",,
216498,37350,성도이엔지,2024,CFS,BS,자산총계,"666,090,425,493",,
216498,37350,성도이엔지,2024,OFS,BS,차입금,"20,000,000,000",,
216498,37350,성도이엔지,2024,CFS,BS,계약자산(미청구공사),"10,142,758,427",,
216498,37350,성도이엔지,2024,CFS,BS,유동자산,"356,699,129,408",,
216498,37350,성도이엔지,2024,OFS,BS,유동부채,"194,985,148,744",,
216498,37350,성도이엔지,2024,CFS,BS,재고자산,"74,753,709,293",,
216498,37350,성도이엔지,2024,OFS,BS,부채총계,"274,647,396,464",,
216498,37350,성도이엔지,2024,CFS,BS,유형자산,"80,004,608,854",,
216498,37350,성도이엔지,2024,CFS,BS,매출채권,"137,651,549,813",,
216498,37350,성도이엔지,2024,OFS,CF,영업활동현금흐름,"52,099,322,163",,
216498,37350,성도이엔지,2024,OFS,CIS,매출원가,"653,403,159,309",,
216498,37350,성도이엔지,2024,OFS,CIS,매출총이익,"40,590,517,975",,
216498,37350,성도이엔지,2024,OFS,CIS,당기순이익,"17,526,604,102",,
216498,37350,성도이엔지,2024,OFS,CIS,매출액,"693,993,677,284",,
216498,37350,성도이엔지,2024,OFS,CIS,판매비와관리비,"21,214,943,914",,
216498,37350,성도이엔지,2025,CFS,BS,자산총계,"601,886,642,163",,
216498,37350,성도이엔지,2025,CFS,BS,계약자산(미청구공사),"14,629,652,645",,
216498,37350,성도이엔지,2025,CFS,BS,유동자산,"300,755,808,565",,
216498,37350,성도이엔지,2025,OFS,BS,유동부채,"167,745,348,986",,
216498,37350,성도이엔지,2025,CFS,BS,재고자산,"57,194,642,869",,
216498,37350,성도이엔지,2025,OFS,BS,부채총계,"197,554,837,161",,
216498,37350,성도이엔지,2025,CFS,BS,유형자산,"101,027,883,051",,
216498,37350,성도이엔지,2025,CFS,CF,차입금,"4,500,000,000",,
216498,37350,성도이엔지,2025,OFS,CF,영업활동현금흐름,"21,196,769,776",,
216498,37350,성도이엔지,2025,OFS,CIS,매출원가,"444,140,344,122",,
216498,37350,성도이엔지,2025,OFS,CIS,매출총이익,"43,702,853,769",,
216498,37350,성도이엔지,2025,OFS,CIS,당기순이익,"21,568,242,659",,
216498,37350,성도이엔지,2025,OFS,CIS,매출액,"487,843,197,891",,
216498,37350,성도이엔지,2025,OFS,CIS,판매비와관리비,"16,003,605,818",,
219848,35890,서희건설,2023,CFS,BS,자산총계,"1,538,840,693,965",,
219848,35890,서희건설,2023,CFS,BS,유동자산,"988,686,976,873",,
219848,35890,서희건설,2023,OFS,BS,유동부채,"520,169,178,590",,
219848,35890,서희건설,2023,OFS,BS,재고자산,"2,423,854,636",,
219848,35890,서희건설,2023,OFS,BS,부채총계,"592,237,558,250",,
219848,35890,서희건설,2023,CFS,BS,유형자산,"92,715,551,874",,
219848,35890,서희건설,2023,OFS,BS,충당부채,"28,868,392,768",,
219848,35890,서희건설,2023,OFS,BS,매출채권,"242,208,680,848",,
219848,35890,서희건설,2023,OFS,CF,차입금,0,,
219848,35890,서희건설,2023,OFS,CF,영업활동현금흐름,"80,541,034,011",,
219848,35890,서희건설,2023,OFS,CF,당기순이익,"157,765,878,124",,
219848,35890,서희건설,2023,OFS,CIS,매출원가,"1,128,053,740,313",,
219848,35890,서희건설,2023,OFS,CIS,매출총이익,"287,078,470,451",,
219848,35890,서희건설,2023,OFS,CIS,매출액,"1,415,132,210,764",,
219848,35890,서희건설,2023,CFS,CIS,판매비와관리비,"62,137,432,141",,
219848,35890,서희건설,2024,CFS,BS,자산총계,"1,540,590,467,352",,
219848,35890,서희건설,2024,CFS,BS,유동자산,"975,402,856,471",,
219848,35890,서희건설,2024,OFS,BS,유동부채,"399,909,494,535",,
219848,35890,서희건설,2024,OFS,BS,재고자산,"371,691,195",,
219848,35890,서희건설,2024,OFS,BS,부채총계,"486,369,355,268",,
219848,35890,서희건설,2024,CFS,BS,유형자산,"91,094,001,978",,
219848,35890,서희건설,2024,OFS,BS,충당부채,"9,210,937,452",,
219848,35890,서희건설,2024,OFS,BS,매출채권,"116,618,893,970",,
219848,35890,서희건설,2024,OFS,CF,차입금,"5,000,000,000",,
219848,35890,서희건설,2024,OFS,CF,영업활동현금흐름,"246,840,654,169",,
219848,35890,서희건설,2024,OFS,CF,당기순이익,"136,398,659,462",,
219848,35890,서희건설,2024,OFS,CIS,매출원가,"1,132,874,575,589",,
219848,35890,서희건설,2024,OFS,CIS,매출총이익,"304,667,911,138",,
219848,35890,서희건설,2024,OFS,CIS,매출액,"1,437,542,486,727",,
219848,35890,서희건설,2024,CFS,CIS,판매비와관리비,"71,184,545,584",,
219848,35890,서희건설,2025,CFS,BS,자산총계,"1,623,933,171,319",,
219848,35890,서희건설,2025,CFS,BS,유동자산,"967,709,459,267",,
219848,35890,서희건설,2025,OFS,BS,유동부채,"310,907,498,221",,
219848,35890,서희건설,2025,OFS,BS,재고자산,"422,794,448",,
219848,35890,서희건설,2025,OFS,BS,부채총계,"437,379,930,583",,
219848,35890,서희건설,2025,CFS,BS,유형자산,"127,301,072,029",,
219848,35890,서희건설,2025,OFS,BS,충당부채,"12,423,262,147",,
219848,35890,서희건설,2025,OFS,BS,매출채권,"217,412,648,133",,
219848,35890,서희건설,2025,CFS,CF,차입금,"40,510,780,000",,
219848,35890,서희건설,2025,OFS,CF,영업활동현금흐름,"-1,394,190,690",,
219848,35890,서희건설,2025,OFS,CF,당기순이익,"123,075,973,884",,
219848,35890,서희건설,2025,OFS,CIS,매출원가,"877,528,534,233",,
219848,35890,서희건설,2025,OFS,CIS,매출총이익,"230,110,360,122",,
219848,35890,서희건설,2025,OFS,CIS,매출액,"1,107,638,894,355",,
219848,35890,서희건설,2025,CFS,CIS,판매비와관리비,"86,416,397,436",,
225742,60370,LS마린솔루션,2023,CFS,BS,자산총계,"146,727,764,284",,
225742,60370,LS마린솔루션,2023,CFS,BS,유동자산,"66,766,809,090",,
225742,60370,LS마린솔루션,2023,OFS,BS,유동부채,"23,890,964,406",,
225742,60370,LS마린솔루션,2023,OFS,BS,재고자산,"1,859,719,399",,
225742,60370,LS마린솔루션,2023,OFS,BS,부채총계,"24,097,545,990",,
225742,60370,LS마린솔루션,2023,OFS,BS,유형자산,"74,290,765,307",,
225742,60370,LS마린솔루션,2023,OFS,BS,충당부채,"140,597,815",,
225742,60370,LS마린솔루션,2023,OFS,BS,매출채권,"19,334,539,894",,
225742,60370,LS마린솔루션,2023,CFS,CF,차입금,0,,
225742,60370,LS마린솔루션,2023,OFS,CF,영업활동현금흐름,"17,048,010,423",,
225742,60370,LS마린솔루션,2023,CFS,IS,매출원가,"50,773,408,906",,
225742,60370,LS마린솔루션,2023,CFS,IS,매출총이익,"20,005,841,484",,
225742,60370,LS마린솔루션,2023,CFS,IS,당기순이익,"11,617,864,038",,
225742,60370,LS마린솔루션,2023,CFS,IS,매출액,"70,779,250,390",,
225742,60370,LS마린솔루션,2023,CFS,IS,판매비와관리비,"6,918,895,516",,
225742,60370,LS마린솔루션,2024,CFS,BS,자산총계,"254,269,530,607",,
225742,60370,LS마린솔루션,2024,CFS,BS,유동자산,"163,704,383,661",,
225742,60370,LS마린솔루션,2024,OFS,BS,유동부채,"18,087,882,440",,
225742,60370,LS마린솔루션,2024,OFS,BS,재고자산,"1,623,534,585",,
225742,60370,LS마린솔루션,2024,OFS,BS,부채총계,"19,806,531,098",,
225742,60370,LS마린솔루션,2024,OFS,BS,유형자산,"74,213,821,384",,
225742,60370,LS마린솔루션,2024,OFS,BS,충당부채,"43,491,597",,
225742,60370,LS마린솔루션,2024,OFS,BS,매출채권,"23,642,422,208",,
225742,60370,LS마린솔루션,2024,CFS,CF,차입금,"2,055,037,273",,
225742,60370,LS마린솔루션,2024,OFS,CF,영업활동현금흐름,"-938,727,564",,
225742,60370,LS마린솔루션,2024,CFS,IS,매출원가,"113,471,144,711",,
225742,60370,LS마린솔루션,2024,CFS,IS,매출총이익,"16,807,979,012",,
225742,60370,LS마린솔루션,2024,CFS,IS,당기순이익,"13,203,271,844",,
225742,60370,LS마린솔루션,2024,CFS,IS,매출액,"130,279,123,723",,
225742,60370,LS마린솔루션,2024,CFS,IS,판매비와관리비,"4,415,311,922",,
225742,60370,LS마린솔루션,2025,CFS,BS,자산총계,"739,037,054,373",,
225742,60370,LS마린솔루션,2025,CFS,BS,유동자산,"463,477,613,491",,
225742,60370,LS마린솔루션,2025,OFS,BS,유동부채,"22,872,301,162",,
225742,60370,LS마린솔루션,2025,OFS,BS,재고자산,"1,068,680,411",,
225742,60370,LS마린솔루션,2025,OFS,BS,부채총계,"68,719,644,285",,
225742,60370,LS마린솔루션,2025,OFS,BS,유형자산,"137,149,312,044",,
225742,60370,LS마린솔루션,2025,OFS,BS,충당부채,"700,873,853",,
225742,60370,LS마린솔루션,2025,OFS,BS,매출채권,"34,506,978,635",,
225742,60370,LS마린솔루션,2025,CFS,CF,차입금,"9,948,074,875",,
225742,60370,LS마린솔루션,2025,OFS,CF,영업활동현금흐름,"19,225,049,774",,
225742,60370,LS마린솔루션,2025,CFS,IS,매출원가,"228,078,475,210",,
225742,60370,LS마린솔루션,2025,CFS,IS,매출총이익,"16,126,599,347",,
225742,60370,LS마린솔루션,2025,CFS,IS,당기순이익,"8,356,327,494",,
225742,60370,LS마린솔루션,2025,CFS,IS,매출액,"244,205,074,557",,
225742,60370,LS마린솔루션,2025,CFS,IS,판매비와관리비,"9,117,298,026",,
232007,42940,상지건설,2023,CFS,BS,자산총계,"229,560,566,246",,
232007,42940,상지건설,2023,OFS,BS,차입금,"12,200,000,000",,
232007,42940,상지건설,2023,CFS,BS,계약자산(미청구공사),"5,351,490,105",,
232007,42940,상지건설,2023,CFS,BS,유동자산,"197,330,970,280",,
232007,42940,상지건설,2023,OFS,BS,유동부채,"28,487,465,561",,
232007,42940,상지건설,2023,CFS,BS,재고자산,"64,633,284,178",,
232007,42940,상지건설,2023,OFS,BS,부채총계,"32,880,168,491",,
232007,42940,상지건설,2023,OFS,BS,유형자산,"88,938,800",,
232007,42940,상지건설,2023,OFS,BS,충당부채,"210,651,573",,
232007,42940,상지건설,2023,OFS,BS,매출채권,"58,602,534,960",,
232007,42940,상지건설,2023,OFS,CF,영업활동현금흐름,"-9,879,820,419",,
232007,42940,상지건설,2023,OFS,CF,당기순이익,"-177,245,023",,
232007,42940,상지건설,2023,OFS,CIS,매출원가,"73,506,263,902",,
232007,42940,상지건설,2023,OFS,CIS,매출총이익,"7,935,388,324",,
232007,42940,상지건설,2023,OFS,CIS,매출액,"81,441,652,226",,
232007,42940,상지건설,2023,CFS,CIS,판매비와관리비,"21,812,770,755",,
232007,42940,상지건설,2024,CFS,BS,자산총계,"200,598,655,166",,
232007,42940,상지건설,2024,OFS,BS,차입금,"14,630,000,000",,
232007,42940,상지건설,2024,CFS,BS,계약자산(미청구공사),"810,866,751",,
232007,42940,상지건설,2024,CFS,BS,유동자산,"151,930,578,844",,
232007,42940,상지건설,2024,OFS,BS,유동부채,"25,472,815,582",,
232007,42940,상지건설,2024,CFS,BS,재고자산,"68,588,272,914",,
232007,42940,상지건설,2024,OFS,BS,부채총계,"28,037,900,343",,
232007,42940,상지건설,2024,OFS,BS,유형자산,"347,542,075",,
232007,42940,상지건설,2024,OFS,BS,충당부채,"196,743,750",,
232007,42940,상지건설,2024,OFS,BS,매출채권,"22,818,362,982",,
232007,42940,상지건설,2024,OFS,CF,영업활동현금흐름,"-4,182,082,322",,
232007,42940,상지건설,2024,OFS,CF,당기순이익,"-8,216,646,745",,
232007,42940,상지건설,2024,OFS,CIS,매출원가,"28,569,752,673",,
232007,42940,상지건설,2024,OFS,CIS,매출총이익,"1,146,777,729",,
232007,42940,상지건설,2024,OFS,CIS,매출액,"29,716,530,402",,
232007,42940,상지건설,2024,CFS,CIS,판매비와관리비,"18,564,236,646",,
232007,42940,상지건설,2025,CFS,BS,자산총계,"215,256,466,804",,
232007,42940,상지건설,2025,OFS,BS,차입금,"1,200,000,000",,
232007,42940,상지건설,2025,CFS,BS,계약자산(미청구공사),"52,192,946",,
232007,42940,상지건설,2025,CFS,BS,유동자산,"106,829,408,586",,
232007,42940,상지건설,2025,OFS,BS,유동부채,"7,912,067,157",,
232007,42940,상지건설,2025,CFS,BS,재고자산,"69,767,809,106",,
232007,42940,상지건설,2025,OFS,BS,부채총계,"10,265,164,782",,
232007,42940,상지건설,2025,CFS,BS,유형자산,"25,387,373",,
232007,42940,상지건설,2025,OFS,BS,충당부채,"60,086,950",,
232007,42940,상지건설,2025,OFS,BS,매출채권,"12,403,432,701",,
232007,42940,상지건설,2025,OFS,CF,영업활동현금흐름,"-5,702,357,240",,
232007,42940,상지건설,2025,OFS,CF,당기순이익,"4,005,876,162",,
232007,42940,상지건설,2025,OFS,CIS,매출원가,"17,250,849,669",,
232007,42940,상지건설,2025,OFS,CIS,매출총이익,"3,016,003,114",,
232007,42940,상지건설,2025,OFS,CIS,매출액,"20,266,852,783",,
232007,42940,상지건설,2025,CFS,CIS,판매비와관리비,"9,992,888,811",,
236863,37440,희림,2023,CFS,BS,자산총계,"193,507,326,595",,
236863,37440,희림,2023,OFS,BS,차입금,"18,000,000,000",,
236863,37440,희림,2023,CFS,BS,유동자산,"140,312,866,272",,
236863,37440,희림,2023,OFS,BS,유동부채,"103,785,446,185",,
236863,37440,희림,2023,OFS,BS,부채총계,"120,217,836,788",,
236863,37440,희림,2023,CFS,BS,유형자산,"3,716,882,358",,
236863,37440,희림,2023,OFS,BS,충당부채,"933,739,604",,
236863,37440,희림,2023,OFS,BS,매출채권,"84,388,122,425",,
236863,37440,희림,2023,OFS,CF,영업활동현금흐름,"12,321,032,639",,
236863,37440,희림,2023,OFS,CF,당기순이익,"6,042,895,391",,
236863,37440,희림,2023,OFS,CIS,매출원가,"199,207,367,416",,
236863,37440,희림,2023,OFS,CIS,매출총이익,"29,444,907,975",,
236863,37440,희림,2023,OFS,CIS,매출액,"228,652,275,391",,
236863,37440,희림,2023,OFS,CIS,판매비와관리비,"22,061,268,251",,
236863,37440,희림,2024,CFS,BS,자산총계,"208,298,373,907",,
236863,37440,희림,2024,OFS,BS,차입금,"18,000,000,000",,
236863,37440,희림,2024,CFS,BS,유동자산,"152,705,728,755",,
236863,37440,희림,2024,OFS,BS,유동부채,"109,881,538,656",,
236863,37440,희림,2024,OFS,BS,부채총계,"123,620,404,066",,
236863,37440,희림,2024,CFS,BS,유형자산,"3,507,159,259",,
236863,37440,희림,2024,OFS,BS,충당부채,"3,323,535,187",,
236863,37440,희림,2024,OFS,BS,매출채권,"86,305,150,846",,
236863,37440,희림,2024,OFS,CF,영업활동현금흐름,"19,889,074,562",,
236863,37440,희림,2024,OFS,CF,당기순이익,"9,338,744,370",,
236863,37440,희림,2024,OFS,CIS,매출원가,"199,511,126,670",,
236863,37440,희림,2024,OFS,CIS,매출총이익,"30,594,428,761",,
236863,37440,희림,2024,OFS,CIS,매출액,"230,105,555,431",,
236863,37440,희림,2024,OFS,CIS,판매비와관리비,"19,693,550,086",,
236863,37440,희림,2025,CFS,BS,자산총계,"211,798,543,842",,
236863,37440,희림,2025,OFS,BS,차입금,"18,000,000,000",,
236863,37440,희림,2025,CFS,BS,유동자산,"141,154,003,540",,
236863,37440,희림,2025,OFS,BS,유동부채,"113,632,495,493",,
236863,37440,희림,2025,OFS,BS,부채총계,"124,068,553,871",,
236863,37440,희림,2025,CFS,BS,유형자산,"14,819,979,265",,
236863,37440,희림,2025,OFS,BS,충당부채,"3,014,813,129",,
236863,37440,희림,2025,OFS,BS,매출채권,"83,889,765,644",,
236863,37440,희림,2025,OFS,CF,영업활동현금흐름,"16,057,480,121",,
236863,37440,희림,2025,OFS,CF,당기순이익,"4,588,948,660",,
236863,37440,희림,2025,OFS,CIS,매출원가,"200,859,779,112",,
236863,37440,희림,2025,OFS,CIS,매출총이익,"30,346,719,724",,
236863,37440,희림,2025,OFS,CIS,매출액,"231,206,498,836",,
236863,37440,희림,2025,OFS,CIS,판매비와관리비,"20,952,412,441",,
253985,66620,국보디자인,2023,CFS,BS,자산총계,"337,469,311,935",,
253985,66620,국보디자인,2023,CFS,BS,계약자산(미청구공사),"30,222,335,848",,
253985,66620,국보디자인,2023,CFS,BS,유동자산,"238,989,748,673",,
253985,66620,국보디자인,2023,OFS,BS,유동부채,"114,761,193,259",,
253985,66620,국보디자인,2023,CFS,BS,재고자산,"141,597,300",,
253985,66620,국보디자인,2023,OFS,BS,부채총계,"117,839,901,073",,
253985,66620,국보디자인,2023,CFS,BS,유형자산,"9,294,318,468",,
253985,66620,국보디자인,2023,OFS,BS,충당부채,"3,002,102,401",,
253985,66620,국보디자인,2023,CFS,BS,매출채권,"43,279,964,180",,
253985,66620,국보디자인,2023,CFS,CF,차입금,0,,
253985,66620,국보디자인,2023,OFS,CF,영업활동현금흐름,"39,605,690,247",,
253985,66620,국보디자인,2023,OFS,CIS,매출원가,"317,365,851,259",,
253985,66620,국보디자인,2023,OFS,CIS,매출총이익,"55,713,099,555",,
253985,66620,국보디자인,2023,OFS,CIS,당기순이익,"32,743,960,267",,
253985,66620,국보디자인,2023,OFS,CIS,매출액,"373,078,950,814",,
253985,66620,국보디자인,2023,CFS,CIS,판매비와관리비,"23,911,967,865",,
253985,66620,국보디자인,2024,CFS,BS,자산총계,"427,011,513,582",,
253985,66620,국보디자인,2024,CFS,BS,계약자산(미청구공사),"38,710,280,216",,
253985,66620,국보디자인,2024,CFS,BS,유동자산,"261,274,790,105",,
253985,66620,국보디자인,2024,OFS,BS,유동부채,"132,918,703,794",,
253985,66620,국보디자인,2024,CFS,BS,재고자산,"60,520,194",,
253985,66620,국보디자인,2024,OFS,BS,부채총계,"138,993,825,664",,
253985,66620,국보디자인,2024,CFS,BS,유형자산,"8,901,109,342",,
253985,66620,국보디자인,2024,OFS,BS,충당부채,"4,827,635,523",,
253985,66620,국보디자인,2024,CFS,BS,매출채권,"49,170,219,939",,
253985,66620,국보디자인,2024,CFS,CF,차입금,"605,947,500",,
253985,66620,국보디자인,2024,OFS,CF,영업활동현금흐름,"36,999,063,147",,
253985,66620,국보디자인,2024,OFS,CIS,매출원가,"286,333,498,906",,
253985,66620,국보디자인,2024,OFS,CIS,매출총이익,"56,284,997,195",,
253985,66620,국보디자인,2024,OFS,CIS,당기순이익,"39,702,000,125",,
253985,66620,국보디자인,2024,OFS,CIS,매출액,"342,618,496,101",,
253985,66620,국보디자인,2024,CFS,CIS,판매비와관리비,"28,872,447,450",,
253985,66620,국보디자인,2025,CFS,BS,자산총계,"473,184,375,736",,
253985,66620,국보디자인,2025,CFS,BS,계약자산(미청구공사),"25,013,019,842",,
253985,66620,국보디자인,2025,CFS,BS,유동자산,"314,050,526,941",,
253985,66620,국보디자인,2025,OFS,BS,유동부채,"136,827,835,643",,
253985,66620,국보디자인,2025,CFS,BS,재고자산,0,,
253985,66620,국보디자인,2025,OFS,BS,부채총계,"142,460,426,693",,
253985,66620,국보디자인,2025,CFS,BS,유형자산,"8,967,238,347",,
253985,66620,국보디자인,2025,OFS,BS,충당부채,"3,019,282,102",,
253985,66620,국보디자인,2025,CFS,BS,매출채권,"57,817,265,865",,
253985,66620,국보디자인,2025,CFS,CF,차입금,0,,
253985,66620,국보디자인,2025,OFS,CF,영업활동현금흐름,"24,584,658,821",,
253985,66620,국보디자인,2025,OFS,CIS,매출원가,"321,023,943,814",,
253985,66620,국보디자인,2025,OFS,CIS,매출총이익,"56,407,414,888",,
253985,66620,국보디자인,2025,OFS,CIS,당기순이익,"37,094,846,189",,
253985,66620,국보디자인,2025,OFS,CIS,매출액,"377,431,358,702",,
253985,66620,국보디자인,2025,CFS,CIS,판매비와관리비,"26,799,846,409",,
297448,41590,플래스크,2023,CFS,BS,자산총계,"65,851,003,228",,
297448,41590,플래스크,2023,CFS,BS,유동자산,"8,596,764,428",,
297448,41590,플래스크,2023,OFS,BS,유동부채,"29,260,754,153",,
297448,41590,플래스크,2023,CFS,BS,재고자산,"70,020,951",,
297448,41590,플래스크,2023,OFS,BS,부채총계,"31,677,298,953",,
297448,41590,플래스크,2023,OFS,BS,유형자산,"3,856,507,373",,
297448,41590,플래스크,2023,OFS,BS,충당부채,"93,696,822",,
297448,41590,플래스크,2023,OFS,BS,매출채권,"4,715,247,375",,
297448,41590,플래스크,2023,CFS,CF,차입금,"25,509,400",,
297448,41590,플래스크,2023,OFS,CF,영업활동현금흐름,"-14,441,922,947",,
297448,41590,플래스크,2023,OFS,CIS,매출원가,"16,504,092,777",,
297448,41590,플래스크,2023,OFS,CIS,매출총이익,"2,205,952,712",,
297448,41590,플래스크,2023,OFS,CIS,당기순이익,"-39,771,013,948",,
297448,41590,플래스크,2023,OFS,CIS,매출액,"18,710,045,489",,
297448,41590,플래스크,2023,CFS,CIS,판매비와관리비,"26,208,944,350",,
297448,41590,플래스크,2024,CFS,BS,자산총계,"50,568,407,133",,
297448,41590,플래스크,2024,CFS,BS,차입금,"902,923,590",,
297448,41590,플래스크,2024,CFS,BS,유동자산,"24,301,164,097",,
297448,41590,플래스크,2024,OFS,BS,유동부채,"4,911,664,724",,
297448,41590,플래스크,2024,CFS,BS,재고자산,"21,352,224",,
297448,41590,플래스크,2024,OFS,BS,부채총계,"5,122,856,018",,
297448,41590,플래스크,2024,OFS,BS,유형자산,"4,046,000,000",,
297448,41590,플래스크,2024,OFS,BS,충당부채,"357,725,661",,
297448,41590,플래스크,2024,OFS,BS,매출채권,"6,839,985,252",,
297448,41590,플래스크,2024,OFS,CF,영업활동현금흐름,"-8,987,832,562",,
297448,41590,플래스크,2024,OFS,CIS,매출원가,"11,534,046,196",,
297448,41590,플래스크,2024,OFS,CIS,매출총이익,"829,865,418",,
297448,41590,플래스크,2024,OFS,CIS,당기순이익,"-3,566,392,545",,
297448,41590,플래스크,2024,OFS,CIS,매출액,"12,363,911,614",,
297448,41590,플래스크,2024,CFS,CIS,판매비와관리비,"9,197,737,881",,
297448,41590,플래스크,2025,CFS,BS,자산총계,"47,079,825,001",,
297448,41590,플래스크,2025,CFS,BS,차입금,"720,000,000",,
297448,41590,플래스크,2025,CFS,BS,유동자산,"19,608,479,214",,
297448,41590,플래스크,2025,OFS,BS,유동부채,"2,847,593,293",,
297448,41590,플래스크,2025,CFS,BS,재고자산,"72,396,667",,
297448,41590,플래스크,2025,OFS,BS,부채총계,"2,949,919,380",,
297448,41590,플래스크,2025,OFS,BS,유형자산,"3,991,011,702",,
297448,41590,플래스크,2025,OFS,BS,충당부채,"329,932,044",,
297448,41590,플래스크,2025,OFS,BS,매출채권,"8,197,006,558",,
297448,41590,플래스크,2025,OFS,CF,영업활동현금흐름,"-2,221,225,071",,
297448,41590,플래스크,2025,OFS,CIS,매출원가,"12,834,894,265",,
297448,41590,플래스크,2025,OFS,CIS,매출총이익,"2,406,481,818",,
297448,41590,플래스크,2025,OFS,CIS,당기순이익,"-1,205,492,190",,
297448,41590,플래스크,2025,OFS,CIS,매출액,"15,241,376,083",,
297448,41590,플래스크,2025,CFS,CIS,판매비와관리비,"4,786,622,861",,
310156,49180,셀루메드,2023,CFS,BS,자산총계,"66,470,629,750",,
310156,49180,셀루메드,2023,OFS,BS,차입금,"10,952,598,525",,
310156,49180,셀루메드,2023,CFS,BS,계약자산(미청구공사),"9,686,121,023",,
310156,49180,셀루메드,2023,CFS,BS,유동자산,"50,057,098,243",,
310156,49180,셀루메드,2023,OFS,BS,유동부채,"23,443,245,393",,
310156,49180,셀루메드,2023,OFS,BS,재고자산,"7,762,469,228",,
310156,49180,셀루메드,2023,OFS,BS,부채총계,"27,167,041,479",,
310156,49180,셀루메드,2023,OFS,BS,유형자산,"3,224,724,583",,
310156,49180,셀루메드,2023,OFS,BS,충당부채,"7,220,808,336",,
310156,49180,셀루메드,2023,OFS,BS,매출채권,"7,338,685,546",,
310156,49180,셀루메드,2023,OFS,CF,영업활동현금흐름,"-2,674,569,285",,
310156,49180,셀루메드,2023,OFS,CF,당기순이익,"-28,482,742,210",,
310156,49180,셀루메드,2023,OFS,CIS,매출원가,"11,331,862,005",,
310156,49180,셀루메드,2023,OFS,CIS,매출총이익,"3,813,884,867",,
310156,49180,셀루메드,2023,OFS,CIS,매출액,"15,145,746,872",,
310156,49180,셀루메드,2023,CFS,CIS,판매비와관리비,"16,089,871,998",,
310156,49180,셀루메드,2024,CFS,BS,자산총계,"70,224,655,342",,
310156,49180,셀루메드,2024,OFS,BS,차입금,"3,743,062,213",,
310156,49180,셀루메드,2024,CFS,BS,계약자산(미청구공사),"17,352,198,933",,
310156,49180,셀루메드,2024,CFS,BS,유동자산,"52,293,162,637",,
310156,49180,셀루메드,2024,OFS,BS,유동부채,"30,945,681,981",,
310156,49180,셀루메드,2024,OFS,BS,재고자산,"7,059,378,757",,
310156,49180,셀루메드,2024,OFS,BS,부채총계,"33,127,144,581",,
310156,49180,셀루메드,2024,OFS,BS,유형자산,"3,053,814,284",,
310156,49180,셀루메드,2024,OFS,BS,충당부채,"24,256,964,318",,
310156,49180,셀루메드,2024,OFS,BS,매출채권,"4,575,347,692",,
310156,49180,셀루메드,2024,OFS,CF,영업활동현금흐름,"-4,221,742,176",,
310156,49180,셀루메드,2024,OFS,CF,당기순이익,"-32,435,668,409",,
310156,49180,셀루메드,2024,OFS,CIS,매출원가,"9,198,361,771",,
310156,49180,셀루메드,2024,OFS,CIS,매출총이익,"1,968,400,362",,
310156,49180,셀루메드,2024,OFS,CIS,매출액,"11,166,762,133",,
310156,49180,셀루메드,2024,CFS,CIS,판매비와관리비,"16,321,098,407",,
310156,49180,셀루메드,2025,CFS,BS,자산총계,"60,929,423,046",,
310156,49180,셀루메드,2025,OFS,BS,차입금,"5,709,794,048",,
310156,49180,셀루메드,2025,CFS,BS,계약자산(미청구공사),"14,798,959,552",,
310156,49180,셀루메드,2025,CFS,BS,유동자산,"45,363,855,218",,
310156,49180,셀루메드,2025,OFS,BS,유동부채,"24,660,942,603",,
310156,49180,셀루메드,2025,OFS,BS,재고자산,"6,942,501,173",,
310156,49180,셀루메드,2025,OFS,BS,부채총계,"26,315,809,726",,
310156,49180,셀루메드,2025,OFS,BS,유형자산,"3,854,415,743",,
310156,49180,셀루메드,2025,OFS,BS,충당부채,"13,301,912",,
310156,49180,셀루메드,2025,OFS,BS,매출채권,"2,382,027,163",,
310156,49180,셀루메드,2025,OFS,CF,영업활동현금흐름,"-6,207,572,949",,
310156,49180,셀루메드,2025,OFS,CF,당기순이익,"-6,804,230,766",,
310156,49180,셀루메드,2025,OFS,CIS,매출원가,"10,674,076,931",,
310156,49180,셀루메드,2025,OFS,CIS,매출총이익,"1,362,915,507",,
310156,49180,셀루메드,2025,OFS,CIS,매출액,"12,036,992,438",,
310156,49180,셀루메드,2025,CFS,CIS,판매비와관리비,"11,681,020,960",,
318662,56730,CNT85,2023,OFS,BS,자산총계,"107,587,779,409",,
318662,56730,CNT85,2023,OFS,BS,차입금,"1,520,000,000",,
318662,56730,CNT85,2023,OFS,BS,유동자산,"75,902,090,604",,
318662,56730,CNT85,2023,OFS,BS,유동부채,"33,615,405,377",,
318662,56730,CNT85,2023,OFS,BS,재고자산,"6,137,787,697",,
318662,56730,CNT85,2023,OFS,BS,부채총계,"35,288,590,987",,
318662,56730,CNT85,2023,OFS,BS,유형자산,"4,340,263,355",,
318662,56730,CNT85,2023,OFS,BS,충당부채,"1,659,791,963",,
318662,56730,CNT85,2023,OFS,BS,매출채권,"1,698,646,160",,
318662,56730,CNT85,2023,OFS,CF,영업활동현금흐름,"11,367,378,720",,
318662,56730,CNT85,2023,OFS,CF,당기순이익,"8,366,913,761",,
318662,56730,CNT85,2023,OFS,CIS,매출원가,"44,468,328,189",,
318662,56730,CNT85,2023,OFS,CIS,매출총이익,"5,701,580,809",,
318662,56730,CNT85,2023,OFS,CIS,매출액,"50,169,908,998",,
318662,56730,CNT85,2023,OFS,CIS,판매비와관리비,"4,820,469,790",,
318662,56730,CNT85,2024,OFS,BS,자산총계,"89,519,620,287",,
318662,56730,CNT85,2024,OFS,BS,차입금,"1,520,000,000",,
318662,56730,CNT85,2024,OFS,BS,유동자산,"61,808,833,334",,
318662,56730,CNT85,2024,OFS,BS,유동부채,"16,302,245,179",,
318662,56730,CNT85,2024,OFS,BS,재고자산,"3,954,692,483",,
318662,56730,CNT85,2024,OFS,BS,부채총계,"18,408,006,814",,
318662,56730,CNT85,2024,OFS,BS,유형자산,"4,933,929,225",,
318662,56730,CNT85,2024,OFS,BS,충당부채,"331,817,563",,
318662,56730,CNT85,2024,OFS,BS,매출채권,"862,631,222",,
318662,56730,CNT85,2024,OFS,CF,영업활동현금흐름,"-11,070,293,423",,
318662,56730,CNT85,2024,OFS,CF,당기순이익,"-1,348,542,109",,
318662,56730,CNT85,2024,OFS,CIS,매출원가,"62,548,722,776",,
318662,56730,CNT85,2024,OFS,CIS,매출총이익,"4,490,140,481",,
318662,56730,CNT85,2024,OFS,CIS,매출액,"67,038,863,257",,
318662,56730,CNT85,2024,OFS,CIS,판매비와관리비,"5,897,033,972",,
318662,56730,CNT85,2025,OFS,BS,자산총계,"85,091,981,963",,
318662,56730,CNT85,2025,OFS,BS,차입금,"4,075,000,000",,
318662,56730,CNT85,2025,OFS,BS,유동자산,"61,839,991,246",,
318662,56730,CNT85,2025,OFS,BS,유동부채,"25,385,229,086",,
318662,56730,CNT85,2025,OFS,BS,재고자산,"3,611,868,539",,
318662,56730,CNT85,2025,OFS,BS,부채총계,"26,630,115,434",,
318662,56730,CNT85,2025,OFS,BS,유형자산,"2,564,233,585",,
318662,56730,CNT85,2025,OFS,BS,충당부채,"2,802,845,916",,
318662,56730,CNT85,2025,OFS,BS,매출채권,"2,001,372,803",,
318662,56730,CNT85,2025,OFS,CF,영업활동현금흐름,"-8,298,831,561",,
318662,56730,CNT85,2025,OFS,CF,당기순이익,"-12,661,918,176",,
318662,56730,CNT85,2025,OFS,CIS,매출원가,"47,186,740,238",,
318662,56730,CNT85,2025,OFS,CIS,매출총이익,"314,135,911",,
318662,56730,CNT85,2025,OFS,CIS,매출액,"47,500,876,149",,
318662,56730,CNT85,2025,OFS,CIS,판매비와관리비,"11,583,466,637",,
350312,39570,HDC랩스,2023,CFS,BS,자산총계,"383,332,487,352",,
350312,39570,HDC랩스,2023,OFS,BS,차입금,"41,338,887",,
350312,39570,HDC랩스,2023,CFS,BS,계약자산(미청구공사),"26,866,319,999",,
350312,39570,HDC랩스,2023,CFS,BS,유동자산,"301,271,355,046",,
350312,39570,HDC랩스,2023,OFS,BS,유동부채,"113,186,083,363",,
350312,39570,HDC랩스,2023,OFS,BS,재고자산,"9,179,065,540",,
350312,39570,HDC랩스,2023,OFS,BS,부채총계,"124,809,984,439",,
350312,39570,HDC랩스,2023,OFS,BS,유형자산,"9,612,034,732",,
350312,39570,HDC랩스,2023,OFS,BS,충당부채,"67,842,016",,
350312,39570,HDC랩스,2023,OFS,BS,매출채권,"112,649,797,836",,
350312,39570,HDC랩스,2023,CFS,CF,영업활동현금흐름,"23,301,293,882",,
350312,39570,HDC랩스,2023,OFS,CIS,매출원가,"552,672,320,745",,
350312,39570,HDC랩스,2023,OFS,CIS,매출총이익,"53,609,568,552",,
350312,39570,HDC랩스,2023,OFS,CIS,당기순이익,"13,436,162,522",,
350312,39570,HDC랩스,2023,OFS,CIS,매출액,"606,281,889,297",,
350312,39570,HDC랩스,2023,CFS,CIS,판매비와관리비,"43,096,354,315",,
350312,39570,HDC랩스,2024,CFS,BS,자산총계,"438,161,253,186",,
350312,39570,HDC랩스,2024,OFS,BS,차입금,0,,
350312,39570,HDC랩스,2024,CFS,BS,계약자산(미청구공사),"32,456,199,889",,
350312,39570,HDC랩스,2024,CFS,BS,유동자산,"293,294,214,752",,
350312,39570,HDC랩스,2024,OFS,BS,유동부채,"115,916,024,109",,
350312,39570,HDC랩스,2024,OFS,BS,재고자산,"8,284,612,316",,
350312,39570,HDC랩스,2024,OFS,BS,부채총계,"125,102,679,989",,
350312,39570,HDC랩스,2024,OFS,BS,유형자산,"9,017,084,521",,
350312,39570,HDC랩스,2024,OFS,BS,충당부채,"170,157,670",,
350312,39570,HDC랩스,2024,OFS,BS,매출채권,"122,572,048,248",,
350312,39570,HDC랩스,2024,CFS,CF,영업활동현금흐름,"6,600,157,419",,
350312,39570,HDC랩스,2024,OFS,CIS,매출원가,"573,410,340,240",,
350312,39570,HDC랩스,2024,OFS,CIS,매출총이익,"55,397,436,741",,
350312,39570,HDC랩스,2024,OFS,CIS,당기순이익,"10,503,634,272",,
350312,39570,HDC랩스,2024,OFS,CIS,매출액,"628,807,776,981",,
350312,39570,HDC랩스,2024,CFS,CIS,판매비와관리비,"48,995,716,393",,
350312,39570,HDC랩스,2025,CFS,BS,자산총계,"441,412,758,024",,
350312,39570,HDC랩스,2025,OFS,BS,차입금,0,,
350312,39570,HDC랩스,2025,CFS,BS,계약자산(미청구공사),"16,730,971,610",,
350312,39570,HDC랩스,2025,CFS,BS,유동자산,"279,279,225,102",,
350312,39570,HDC랩스,2025,OFS,BS,유동부채,"121,162,131,158",,
350312,39570,HDC랩스,2025,OFS,BS,재고자산,"7,086,585,735",,
350312,39570,HDC랩스,2025,OFS,BS,부채총계,"125,722,461,210",,
350312,39570,HDC랩스,2025,OFS,BS,유형자산,"8,796,160,014",,
350312,39570,HDC랩스,2025,OFS,BS,충당부채,"192,280,115",,
350312,39570,HDC랩스,2025,OFS,BS,매출채권,"97,026,981,785",,
350312,39570,HDC랩스,2025,CFS,CF,영업활동현금흐름,"56,552,244,199",,
350312,39570,HDC랩스,2025,OFS,CIS,매출원가,"587,758,814,185",,
350312,39570,HDC랩스,2025,OFS,CIS,매출총이익,"57,781,290,727",,
350312,39570,HDC랩스,2025,OFS,CIS,당기순이익,"14,123,972,345",,
350312,39570,HDC랩스,2025,OFS,CIS,매출액,"645,540,104,912",,
350312,39570,HDC랩스,2025,CFS,CIS,판매비와관리비,"47,332,153,416",,
362159,65950,웰크론,2023,CFS,BS,자산총계,"281,587,939,472",,
362159,65950,웰크론,2023,OFS,BS,차입금,"12,100,580,000",,
362159,65950,웰크론,2023,CFS,BS,유동자산,"151,439,126,738",,
362159,65950,웰크론,2023,OFS,BS,유동부채,"36,535,547,289",,
362159,65950,웰크론,2023,CFS,BS,재고자산,"16,000,183,194",,
362159,65950,웰크론,2023,OFS,BS,부채총계,"54,474,398,085",,
362159,65950,웰크론,2023,OFS,BS,유형자산,"52,257,127,627",,
362159,65950,웰크론,2023,OFS,BS,충당부채,"25,730,964",,
362159,65950,웰크론,2023,CFS,BS,매출채권,"96,783,423,494",,
362159,65950,웰크론,2023,OFS,CF,영업활동현금흐름,"6,506,190,567",,
362159,65950,웰크론,2023,OFS,CF,당기순이익,"-1,251,075,131",,
362159,65950,웰크론,2023,OFS,CIS,매출원가,"46,982,952,840",,
362159,65950,웰크론,2023,OFS,CIS,매출총이익,"40,032,706,852",,
362159,65950,웰크론,2023,OFS,CIS,매출액,"87,015,659,692",,
362159,65950,웰크론,2023,CFS,CIS,판매비와관리비,"45,552,016,459",,
362159,65950,웰크론,2024,CFS,BS,자산총계,"382,066,204,999",,
362159,65950,웰크론,2024,CFS,BS,유동자산,"156,327,870,538",,
362159,65950,웰크론,2024,OFS,BS,유동부채,"54,221,314,278",,
362159,65950,웰크론,2024,CFS,BS,재고자산,"19,446,982,386",,
362159,65950,웰크론,2024,OFS,BS,부채총계,"63,267,348,279",,
362159,65950,웰크론,2024,OFS,BS,유형자산,"50,530,191,249",,
362159,65950,웰크론,2024,OFS,BS,충당부채,"25,926,949",,
362159,65950,웰크론,2024,CFS,BS,매출채권,"89,761,875,809",,
362159,65950,웰크론,2024,OFS,CF,차입금,"32,200,000,000",,
362159,65950,웰크론,2024,OFS,CF,영업활동현금흐름,"4,287,344,246",,
362159,65950,웰크론,2024,OFS,CF,당기순이익,"394,921,432",,
362159,65950,웰크론,2024,OFS,CIS,매출원가,"45,242,896,820",,
362159,65950,웰크론,2024,OFS,CIS,매출총이익,"38,610,992,909",,
362159,65950,웰크론,2024,OFS,CIS,매출액,"83,853,889,729",,
362159,65950,웰크론,2024,CFS,CIS,판매비와관리비,"53,468,358,311",,
362159,65950,웰크론,2025,CFS,BS,자산총계,"329,124,032,087",,
362159,65950,웰크론,2025,CFS,BS,유동자산,"104,320,014,772",,
362159,65950,웰크론,2025,OFS,BS,유동부채,"58,794,227,775",,
362159,65950,웰크론,2025,CFS,BS,재고자산,"19,835,503,151",,
362159,65950,웰크론,2025,OFS,BS,부채총계,"68,091,454,879",,
362159,65950,웰크론,2025,OFS,BS,유형자산,"49,529,747,269",,
362159,65950,웰크론,2025,OFS,BS,충당부채,"23,047,725",,
362159,65950,웰크론,2025,CFS,BS,매출채권,"48,920,744,130",,
362159,65950,웰크론,2025,OFS,CF,차입금,"16,099,949,120",,
362159,65950,웰크론,2025,OFS,CF,영업활동현금흐름,"6,833,105,886",,
362159,65950,웰크론,2025,OFS,CF,당기순이익,"-2,668,504,764",,
362159,65950,웰크론,2025,OFS,CIS,매출원가,"52,876,680,046",,
362159,65950,웰크론,2025,OFS,CIS,매출총이익,"42,213,448,324",,
362159,65950,웰크론,2025,OFS,CIS,매출액,"95,090,128,370",,
362159,65950,웰크론,2025,CFS,CIS,판매비와관리비,"58,829,854,536",,
363246,46940,우원개발,2023,CFS,BS,자산총계,"191,495,999,217",,
363246,46940,우원개발,2023,OFS,BS,차입금,"2,000,000,000",,
363246,46940,우원개발,2023,CFS,BS,유동자산,"102,506,532,167",,
363246,46940,우원개발,2023,OFS,BS,유동부채,"58,842,945,709",,
363246,46940,우원개발,2023,OFS,BS,재고자산,"3,067,298,808",,
363246,46940,우원개발,2023,OFS,BS,부채총계,"71,084,618,128",,
363246,46940,우원개발,2023,OFS,BS,유형자산,"13,614,262,620",,
363246,46940,우원개발,2023,OFS,BS,충당부채,"865,718,473",,
363246,46940,우원개발,2023,OFS,BS,매출채권,"42,379,743,712",,
363246,46940,우원개발,2023,OFS,CF,영업활동현금흐름,"9,060,613,085",,
363246,46940,우원개발,2023,OFS,CF,감가상각비,"2,383,872,184",,
363246,46940,우원개발,2023,OFS,CF,당기순이익,"2,875,381,335",,
363246,46940,우원개발,2023,CFS,CIS,매출원가,"237,359,743,568",,
363246,46940,우원개발,2023,CFS,CIS,매출총이익,"15,148,825,855",,
363246,46940,우원개발,2023,CFS,CIS,매출액,"252,508,569,423",,
363246,46940,우원개발,2023,CFS,CIS,판매비와관리비,"13,790,845,058",,
363246,46940,우원개발,2024,CFS,BS,자산총계,"229,136,136,410",,
363246,46940,우원개발,2024,OFS,BS,차입금,"2,000,000,000",,
363246,46940,우원개발,2024,CFS,BS,유동자산,"135,313,173,985",,
363246,46940,우원개발,2024,OFS,BS,유동부채,"95,958,116,123",,
363246,46940,우원개발,2024,OFS,BS,재고자산,"4,084,425,654",,
363246,46940,우원개발,2024,OFS,BS,부채총계,"103,788,352,996",,
363246,46940,우원개발,2024,OFS,BS,유형자산,"14,464,721,423",,
363246,46940,우원개발,2024,OFS,BS,충당부채,"1,075,363,674",,
363246,46940,우원개발,2024,OFS,BS,매출채권,"61,105,391,074",,
363246,46940,우원개발,2024,OFS,CF,영업활동현금흐름,"22,302,872,487",,
363246,46940,우원개발,2024,OFS,CF,감가상각비,"2,452,020,676",,
363246,46940,우원개발,2024,OFS,CF,당기순이익,"5,888,590,672",,
363246,46940,우원개발,2024,CFS,CIS,매출원가,"285,222,629,339",,
363246,46940,우원개발,2024,CFS,CIS,매출총이익,"17,620,147,097",,
363246,46940,우원개발,2024,CFS,CIS,매출액,"302,842,776,436",,
363246,46940,우원개발,2024,CFS,CIS,판매비와관리비,"14,793,890,180",,
363246,46940,우원개발,2025,CFS,BS,자산총계,"264,149,989,242",,
363246,46940,우원개발,2025,OFS,BS,차입금,0,,
363246,46940,우원개발,2025,CFS,BS,유동자산,"152,359,643,570",,
363246,46940,우원개발,2025,OFS,BS,유동부채,"72,234,100,466",,
363246,46940,우원개발,2025,OFS,BS,재고자산,"8,642,407,065",,
363246,46940,우원개발,2025,OFS,BS,부채총계,"87,249,202,693",,
363246,46940,우원개발,2025,OFS,BS,유형자산,"14,892,127,826",,
363246,46940,우원개발,2025,OFS,BS,충당부채,"800,891,006",,
363246,46940,우원개발,2025,OFS,BS,매출채권,"51,293,679,116",,
363246,46940,우원개발,2025,OFS,CF,영업활동현금흐름,"57,716,786,191",,
363246,46940,우원개발,2025,OFS,CF,감가상각비,"2,504,556,977",,
363246,46940,우원개발,2025,OFS,CF,당기순이익,"50,359,973,332",,
363246,46940,우원개발,2025,CFS,CIS,매출원가,"291,604,137,145",,
363246,46940,우원개발,2025,CFS,CIS,매출총이익,"84,745,214,980",,
363246,46940,우원개발,2025,CFS,CIS,매출액,"376,349,352,125",,
363246,46940,우원개발,2025,CFS,CIS,판매비와관리비,"17,556,309,384",,
364254,85810,알티캐스트,2023,CFS,BS,자산총계,"50,186,096,762",,
364254,85810,알티캐스트,2023,CFS,BS,차입금,"196,000,000",,
364254,85810,알티캐스트,2023,CFS,BS,계약자산(미청구공사),"30,348,420",,
364254,85810,알티캐스트,2023,CFS,BS,유동자산,"10,325,095,091",,
364254,85810,알티캐스트,2023,OFS,BS,유동부채,"10,830,537,078",,
364254,85810,알티캐스트,2023,CFS,BS,재고자산,0,,
364254,85810,알티캐스트,2023,OFS,BS,부채총계,"18,762,449,004",,
364254,85810,알티캐스트,2023,CFS,BS,유형자산,"211,919,856",,
364254,85810,알티캐스트,2023,OFS,BS,충당부채,0,,
364254,85810,알티캐스트,2023,CFS,BS,매출채권,"7,575,297,874",,
364254,85810,알티캐스트,2023,OFS,CF,영업활동현금흐름,"-1,998,636,057",,
364254,85810,알티캐스트,2023,OFS,CF,당기순이익,"-26,803,499,678",,
364254,85810,알티캐스트,2023,OFS,CIS,매출원가,"3,371,433,569",,
364254,85810,알티캐스트,2023,OFS,CIS,매출총이익,"2,401,273,793",,
364254,85810,알티캐스트,2023,OFS,CIS,매출액,"5,772,707,362",,
364254,85810,알티캐스트,2023,CFS,CIS,판매비와관리비,"6,133,804,223",,
364254,85810,알티캐스트,2024,CFS,BS,자산총계,"44,793,510,448",,
364254,85810,알티캐스트,2024,CFS,BS,차입금,0,,
364254,85810,알티캐스트,2024,CFS,BS,계약자산(미청구공사),"264,962,217",,
364254,85810,알티캐스트,2024,CFS,BS,유동자산,"28,081,879,472",,
364254,85810,알티캐스트,2024,OFS,BS,유동부채,"6,866,519,873",,
364254,85810,알티캐스트,2024,CFS,BS,재고자산,0,,
364254,85810,알티캐스트,2024,OFS,BS,부채총계,"7,382,034,806",,
364254,85810,알티캐스트,2024,CFS,BS,유형자산,"75,597,499",,
364254,85810,알티캐스트,2024,OFS,BS,충당부채,"477,500,000",,
364254,85810,알티캐스트,2024,CFS,BS,매출채권,"4,006,894,780",,
364254,85810,알티캐스트,2024,OFS,CF,영업활동현금흐름,"-3,363,842,052",,
364254,85810,알티캐스트,2024,OFS,CF,당기순이익,"-17,008,512,665",,
364254,85810,알티캐스트,2024,OFS,CIS,매출원가,"3,260,484,853",,
364254,85810,알티캐스트,2024,OFS,CIS,매출총이익,"2,423,977,841",,
364254,85810,알티캐스트,2024,OFS,CIS,매출액,"5,684,462,694",,
364254,85810,알티캐스트,2024,CFS,CIS,판매비와관리비,"6,442,592,047",,
364254,85810,알티캐스트,2025,CFS,BS,자산총계,"74,855,772,755",,
364254,85810,알티캐스트,2025,CFS,BS,차입금,"3,500,000,000",,
364254,85810,알티캐스트,2025,CFS,BS,계약자산(미청구공사),"4,287,318,285",,
364254,85810,알티캐스트,2025,CFS,BS,유동자산,"38,890,862,525",,
364254,85810,알티캐스트,2025,OFS,BS,유동부채,"1,316,231,973",,
364254,85810,알티캐스트,2025,OFS,BS,부채총계,"1,597,812,013",,
364254,85810,알티캐스트,2025,CFS,BS,유형자산,"2,193,040,120",,
364254,85810,알티캐스트,2025,OFS,BS,충당부채,0,,
364254,85810,알티캐스트,2025,CFS,BS,매출채권,"13,215,275,673",,
364254,85810,알티캐스트,2025,OFS,CF,영업활동현금흐름,"-3,187,200,131",,
364254,85810,알티캐스트,2025,OFS,CF,당기순이익,"-4,633,862,143",,
364254,85810,알티캐스트,2025,OFS,CIS,매출원가,"3,240,357,395",,
364254,85810,알티캐스트,2025,OFS,CIS,매출총이익,"2,228,551,368",,
364254,85810,알티캐스트,2025,OFS,CIS,매출액,"5,468,908,763",,
364254,85810,알티캐스트,2025,CFS,CIS,판매비와관리비,"10,127,509,883",,
367844,317400,자이에스앤디,2023,CFS,BS,자산총계,"1,569,164,880,846",,
367844,317400,자이에스앤디,2023,CFS,BS,계약자산(미청구공사),"125,845,324,473",,
367844,317400,자이에스앤디,2023,CFS,BS,유동자산,"1,129,482,170,288",,
367844,317400,자이에스앤디,2023,OFS,BS,유동부채,"167,817,596,088",,
367844,317400,자이에스앤디,2023,CFS,BS,재고자산,"18,676,387,514",,
367844,317400,자이에스앤디,2023,OFS,BS,부채총계,"289,242,914,391",,
367844,317400,자이에스앤디,2023,OFS,BS,유형자산,"2,596,967,990",,
367844,317400,자이에스앤디,2023,OFS,BS,충당부채,"3,702,376,883",,
367844,317400,자이에스앤디,2023,CFS,BS,매출채권,"467,898,630,133",,
367844,317400,자이에스앤디,2023,OFS,CF,차입금,"84,240,000",,
367844,317400,자이에스앤디,2023,OFS,CF,영업활동현금흐름,"59,664,690,961",,
367844,317400,자이에스앤디,2023,OFS,CIS,매출원가,"521,443,258,344",,
367844,317400,자이에스앤디,2023,OFS,CIS,매출총이익,"33,657,273,629",,
367844,317400,자이에스앤디,2023,OFS,CIS,당기순이익,"17,774,324,499",,
367844,317400,자이에스앤디,2023,OFS,CIS,매출액,"555,100,531,973",,
367844,317400,자이에스앤디,2023,CFS,CIS,판매비와관리비,"81,304,573,965",,
367844,317400,자이에스앤디,2024,CFS,BS,자산총계,"1,305,235,716,477",,
367844,317400,자이에스앤디,2024,CFS,BS,계약자산(미청구공사),"87,686,938,544",,
367844,317400,자이에스앤디,2024,CFS,BS,유동자산,"870,460,896,599",,
367844,317400,자이에스앤디,2024,OFS,BS,유동부채,"161,867,969,559",,
367844,317400,자이에스앤디,2024,CFS,BS,재고자산,"57,540,894,959",,
367844,317400,자이에스앤디,2024,OFS,BS,부채총계,"355,256,361,094",,
367844,317400,자이에스앤디,2024,OFS,BS,유형자산,"2,779,202,287",,
367844,317400,자이에스앤디,2024,OFS,BS,충당부채,"8,539,416,776",,
367844,317400,자이에스앤디,2024,CFS,BS,매출채권,"437,887,578,532",,
367844,317400,자이에스앤디,2024,OFS,CF,차입금,0,,
367844,317400,자이에스앤디,2024,OFS,CF,영업활동현금흐름,"-92,981,229,142",,
367844,317400,자이에스앤디,2024,OFS,CIS,매출원가,"523,536,369,400",,
367844,317400,자이에스앤디,2024,OFS,CIS,매출총이익,"7,076,525,091",,
367844,317400,자이에스앤디,2024,OFS,CIS,당기순이익,"-8,795,023,029",,
367844,317400,자이에스앤디,2024,OFS,CIS,매출액,"530,612,894,491",,
367844,317400,자이에스앤디,2024,CFS,CIS,판매비와관리비,"84,715,267,141",,
367844,317400,자이에스앤디,2025,CFS,BS,자산총계,"1,189,917,477,862",,
367844,317400,자이에스앤디,2025,CFS,BS,계약자산(미청구공사),"33,958,859,794",,
367844,317400,자이에스앤디,2025,CFS,BS,유동자산,"833,210,291,045",,
367844,317400,자이에스앤디,2025,OFS,BS,유동부채,"142,197,018,340",,
367844,317400,자이에스앤디,2025,CFS,BS,재고자산,"58,238,085,268",,
367844,317400,자이에스앤디,2025,OFS,BS,부채총계,"281,361,993,576",,
367844,317400,자이에스앤디,2025,OFS,BS,유형자산,"1,623,635,537",,
367844,317400,자이에스앤디,2025,OFS,BS,충당부채,"2,735,963,123",,
367844,317400,자이에스앤디,2025,CFS,BS,매출채권,"355,462,251,881",,
367844,317400,자이에스앤디,2025,OFS,CF,차입금,"42,715,000",,
367844,317400,자이에스앤디,2025,OFS,CF,영업활동현금흐름,"-25,282,431,150",,
367844,317400,자이에스앤디,2025,OFS,CIS,매출원가,"398,982,350,682",,
367844,317400,자이에스앤디,2025,OFS,CIS,매출총이익,"54,929,938,634",,
367844,317400,자이에스앤디,2025,OFS,CIS,당기순이익,"38,225,273,308",,
367844,317400,자이에스앤디,2025,OFS,CIS,매출액,"453,912,289,316",,
367844,317400,자이에스앤디,2025,CFS,CIS,판매비와관리비,"120,475,478,294",,
389998,66980,한성크린텍,2023,CFS,BS,자산총계,"283,036,505,209",,
389998,66980,한성크린텍,2023,OFS,BS,차입금,"27,000,000,000",,
389998,66980,한성크린텍,2023,CFS,BS,계약자산(미청구공사),"103,945,621,677",,
389998,66980,한성크린텍,2023,CFS,BS,유동자산,"145,203,960,216",,
389998,66980,한성크린텍,2023,OFS,BS,유동부채,"116,861,770,810",,
389998,66980,한성크린텍,2023,CFS,BS,재고자산,0,,
389998,66980,한성크린텍,2023,OFS,BS,부채총계,"124,183,574,332",,
389998,66980,한성크린텍,2023,OFS,BS,유형자산,"2,636,660,289",,
389998,66980,한성크린텍,2023,OFS,BS,충당부채,"8,954,516",,
389998,66980,한성크린텍,2023,OFS,BS,매출채권,"23,585,252,783",,
389998,66980,한성크린텍,2023,OFS,CF,영업활동현금흐름,"-33,974,884,013",,
389998,66980,한성크린텍,2023,OFS,CIS,매출원가,"49,790,966,894",,
389998,66980,한성크린텍,2023,OFS,CIS,매출총이익,"9,675,911,470",,
389998,66980,한성크린텍,2023,OFS,CIS,당기순이익,"897,606,753",,
389998,66980,한성크린텍,2023,OFS,CIS,매출액,"59,466,878,364",,
389998,66980,한성크린텍,2023,CFS,CIS,판매비와관리비,"19,866,484,116",,
389998,66980,한성크린텍,2024,CFS,BS,자산총계,"176,176,845,822",,
389998,66980,한성크린텍,2024,OFS,BS,차입금,"16,220,000,000",,
389998,66980,한성크린텍,2024,CFS,BS,계약자산(미청구공사),"24,279,965,265",,
389998,66980,한성크린텍,2024,CFS,BS,유동자산,"70,559,564,628",,
389998,66980,한성크린텍,2024,OFS,BS,유동부채,"76,983,348,877",,
389998,66980,한성크린텍,2024,CFS,BS,재고자산,0,,
389998,66980,한성크린텍,2024,OFS,BS,부채총계,"82,381,693,811",,
389998,66980,한성크린텍,2024,OFS,BS,유형자산,"2,409,683,579",,
389998,66980,한성크린텍,2024,OFS,BS,충당부채,"1,010,045",,
389998,66980,한성크린텍,2024,OFS,BS,매출채권,"11,763,537,506",,
389998,66980,한성크린텍,2024,OFS,CF,영업활동현금흐름,"15,479,213,543",,
389998,66980,한성크린텍,2024,OFS,CIS,매출원가,"122,972,265,566",,
389998,66980,한성크린텍,2024,OFS,CIS,매출총이익,"-46,234,432,421",,
389998,66980,한성크린텍,2024,OFS,CIS,당기순이익,"-78,181,702,267",,
389998,66980,한성크린텍,2024,OFS,CIS,매출액,"76,737,833,145",,
389998,66980,한성크린텍,2024,CFS,CIS,판매비와관리비,"17,177,726,639",,
389998,66980,한성크린텍,2025,CFS,BS,자산총계,"156,788,608,600",,
389998,66980,한성크린텍,2025,OFS,BS,차입금,"7,300,000,000",,
389998,66980,한성크린텍,2025,CFS,BS,계약자산(미청구공사),"21,090,497,840",,
389998,66980,한성크린텍,2025,CFS,BS,유동자산,"56,973,642,294",,
389998,66980,한성크린텍,2025,OFS,BS,유동부채,"51,755,815,743",,
389998,66980,한성크린텍,2025,CFS,BS,재고자산,"60,072,378",,
389998,66980,한성크린텍,2025,OFS,BS,부채총계,"67,949,462,973",,
389998,66980,한성크린텍,2025,OFS,BS,유형자산,"5,372,866,619",,
389998,66980,한성크린텍,2025,OFS,BS,충당부채,"417,810",,
389998,66980,한성크린텍,2025,OFS,BS,매출채권,"9,899,926,780",,
389998,66980,한성크린텍,2025,OFS,CF,영업활동현금흐름,"3,299,473,424",,
389998,66980,한성크린텍,2025,OFS,CIS,매출원가,"117,028,865,879",,
389998,66980,한성크린텍,2025,OFS,CIS,매출총이익,"6,845,617,566",,
389998,66980,한성크린텍,2025,OFS,CIS,당기순이익,"54,786,799",,
389998,66980,한성크린텍,2025,OFS,CIS,매출액,"123,874,483,445",,
389998,66980,한성크린텍,2025,CFS,CIS,판매비와관리비,"14,990,098,449",,
410997,69140,누리플랜,2023,CFS,BS,자산총계,"151,449,212,103",,
410997,69140,누리플랜,2023,OFS,BS,차입금,"9,658,994,198",,
410997,69140,누리플랜,2023,CFS,BS,계약자산(미청구공사),"2,802,360,543",,
410997,69140,누리플랜,2023,CFS,BS,유동자산,"55,546,967,559",,
410997,69140,누리플랜,2023,OFS,BS,유동부채,"25,515,810,283",,
410997,69140,누리플랜,2023,CFS,BS,재고자산,"22,624,858,023",,
410997,69140,누리플랜,2023,OFS,BS,부채총계,"29,346,566,578",,
410997,69140,누리플랜,2023,CFS,BS,유형자산,"87,855,310,096",,
410997,69140,누리플랜,2023,OFS,BS,충당부채,"1,097,118,928",,
410997,69140,누리플랜,2023,CFS,BS,매출채권,"16,809,314,477",,
410997,69140,누리플랜,2023,OFS,CF,영업활동현금흐름,"-9,165,123,512",,
410997,69140,누리플랜,2023,OFS,CIS,매출원가,"23,264,119,624",,
410997,69140,누리플랜,2023,OFS,CIS,매출총이익,"1,799,237,384",,
410997,69140,누리플랜,2023,OFS,CIS,당기순이익,"-6,149,023,642",,
410997,69140,누리플랜,2023,OFS,CIS,매출액,"25,063,357,008",,
410997,69140,누리플랜,2023,CFS,CIS,판매비와관리비,"21,722,284,596",,
410997,69140,누리플랜,2024,CFS,BS,자산총계,"147,475,175,847",,
410997,69140,누리플랜,2024,OFS,BS,차입금,"9,371,397,315",,
410997,69140,누리플랜,2024,CFS,BS,계약자산(미청구공사),"4,227,148,749",,
410997,69140,누리플랜,2024,CFS,BS,유동자산,"54,194,924,178",,
410997,69140,누리플랜,2024,OFS,BS,유동부채,"27,656,046,924",,
410997,69140,누리플랜,2024,CFS,BS,재고자산,"16,991,343,836",,
410997,69140,누리플랜,2024,OFS,BS,부채총계,"31,450,084,656",,
410997,69140,누리플랜,2024,CFS,BS,유형자산,"85,621,800,749",,
410997,69140,누리플랜,2024,OFS,BS,충당부채,"837,509,568",,
410997,69140,누리플랜,2024,CFS,BS,매출채권,"21,053,073,301",,
410997,69140,누리플랜,2024,OFS,CF,영업활동현금흐름,"-323,781,984",,
410997,69140,누리플랜,2024,OFS,CIS,매출원가,"20,229,630,492",,
410997,69140,누리플랜,2024,OFS,CIS,매출총이익,"6,119,971,798",,
410997,69140,누리플랜,2024,OFS,CIS,당기순이익,"2,010,025,997",,
410997,69140,누리플랜,2024,OFS,CIS,매출액,"26,349,602,290",,
410997,69140,누리플랜,2024,CFS,CIS,판매비와관리비,"19,311,988,747",,
410997,69140,누리플랜,2025,CFS,BS,자산총계,"140,291,796,553",,
410997,69140,누리플랜,2025,OFS,BS,차입금,"8,920,000,000",,
410997,69140,누리플랜,2025,CFS,BS,계약자산(미청구공사),"4,671,809,762",,
410997,69140,누리플랜,2025,CFS,BS,유동자산,"49,374,919,470",,
410997,69140,누리플랜,2025,OFS,BS,유동부채,"20,472,438,334",,
410997,69140,누리플랜,2025,CFS,BS,재고자산,"17,411,541,365",,
410997,69140,누리플랜,2025,OFS,BS,부채총계,"23,424,553,303",,
410997,69140,누리플랜,2025,CFS,BS,유형자산,"84,339,883,719",,
410997,69140,누리플랜,2025,OFS,BS,충당부채,"85,391,842",,
410997,69140,누리플랜,2025,CFS,BS,매출채권,"15,138,209,278",,
410997,69140,누리플랜,2025,OFS,CF,영업활동현금흐름,"2,350,903,313",,
410997,69140,누리플랜,2025,OFS,CIS,매출원가,"27,634,783,674",,
410997,69140,누리플랜,2025,OFS,CIS,매출총이익,"9,885,539,416",,
410997,69140,누리플랜,2025,OFS,CIS,당기순이익,"2,999,988,386",,
410997,69140,누리플랜,2025,OFS,CIS,매출액,"37,520,323,090",,
410997,69140,누리플랜,2025,CFS,CIS,판매비와관리비,"19,676,730,317",,
411808,418550,제이오,2023,CFS,BS,자산총계,"196,535,692,319",,
411808,418550,제이오,2023,CFS,BS,차입금,"27,250,000,000",,
411808,418550,제이오,2023,CFS,BS,계약자산(미청구공사),"6,371,120,635",,
411808,418550,제이오,2023,CFS,BS,유동자산,"50,569,663,902",,
411808,418550,제이오,2023,CFS,BS,유동부채,"33,319,299,554",,
411808,418550,제이오,2023,CFS,BS,재고자산,"4,750,205,374",,
411808,418550,제이오,2023,CFS,BS,부채총계,"61,869,659,101",,
411808,418550,제이오,2023,CFS,BS,유형자산,"132,866,142,552",,
411808,418550,제이오,2023,CFS,BS,충당부채,"1,674,065,897",,
411808,418550,제이오,2023,CFS,BS,매출채권,"9,683,782,702",,
411808,418550,제이오,2023,CFS,CF,영업활동현금흐름,"27,631,848,872",,
411808,418550,제이오,2023,CFS,CF,당기순이익,"17,419,292,082",,
411808,418550,제이오,2023,OFS,CIS,매출원가,"94,934,152,235",,
411808,418550,제이오,2023,OFS,CIS,매출총이익,"19,559,810,732",,
411808,418550,제이오,2023,OFS,CIS,매출액,"114,493,962,967",,
411808,418550,제이오,2023,CFS,CIS,판매비와관리비,"7,536,970,584",,
411808,418550,제이오,2024,CFS,BS,자산총계,"222,582,339,653",,
411808,418550,제이오,2024,CFS,BS,차입금,"28,843,750,000",,
411808,418550,제이오,2024,CFS,BS,계약자산(미청구공사),"2,241,366,384",,
411808,418550,제이오,2024,CFS,BS,유동자산,"60,966,122,941",,
411808,418550,제이오,2024,CFS,BS,유동부채,"14,330,256,814",,
411808,418550,제이오,2024,CFS,BS,재고자산,"9,962,959,535",,
411808,418550,제이오,2024,CFS,BS,부채총계,"44,152,561,015",,
411808,418550,제이오,2024,CFS,BS,유형자산,"152,749,321,051",,
411808,418550,제이오,2024,CFS,BS,충당부채,"838,947,904",,
411808,418550,제이오,2024,CFS,BS,매출채권,"7,035,157,043",,
411808,418550,제이오,2024,CFS,CF,영업활동현금흐름,"-4,907,467,880",,
411808,418550,제이오,2024,CFS,CF,당기순이익,"-8,874,026,012",,
411808,418550,제이오,2024,OFS,CIS,매출원가,"80,580,396,776",,
411808,418550,제이오,2024,OFS,CIS,매출총이익,"2,293,268,737",,
411808,418550,제이오,2024,OFS,CIS,매출액,"82,873,665,513",,
411808,418550,제이오,2024,CFS,CIS,판매비와관리비,"7,749,879,069",,
411808,418550,제이오,2025,CFS,BS,자산총계,"207,580,158,653",,
411808,418550,제이오,2025,CFS,BS,차입금,"25,468,750,000",,
411808,418550,제이오,2025,CFS,BS,계약자산(미청구공사),"1,461,151,411",,
411808,418550,제이오,2025,CFS,BS,유동자산,"59,144,868,942",,
411808,418550,제이오,2025,CFS,BS,유동부채,"10,900,233,313",,
411808,418550,제이오,2025,CFS,BS,재고자산,"11,393,459,537",,
411808,418550,제이오,2025,CFS,BS,부채총계,"37,349,475,016",,
411808,418550,제이오,2025,CFS,BS,유형자산,"143,861,952,081",,
411808,418550,제이오,2025,CFS,BS,충당부채,"558,976,161",,
411808,418550,제이오,2025,CFS,BS,매출채권,"6,586,059,319",,
411808,418550,제이오,2025,CFS,CF,영업활동현금흐름,"872,118,298",,
411808,418550,제이오,2025,CFS,CF,당기순이익,"-7,444,009,476",,
411808,418550,제이오,2025,OFS,CIS,매출원가,"53,328,795,609",,
411808,418550,제이오,2025,OFS,CIS,매출총이익,"1,844,947,776",,
411808,418550,제이오,2025,OFS,CIS,매출액,"55,173,743,385",,
411808,418550,제이오,2025,CFS,CIS,판매비와관리비,"6,077,162,997",,
413523,53690,한미글로벌,2023,CFS,BS,자산총계,"398,871,055,382",,
413523,53690,한미글로벌,2023,OFS,BS,차입금,"25,421,191,766",,
413523,53690,한미글로벌,2023,CFS,BS,유동자산,"219,266,361,301",,
413523,53690,한미글로벌,2023,OFS,BS,유동부채,"49,122,272,675",,
413523,53690,한미글로벌,2023,CFS,BS,재고자산,"41,885,362,803",,
413523,53690,한미글로벌,2023,OFS,BS,부채총계,"50,586,449,054",,
413523,53690,한미글로벌,2023,OFS,BS,유형자산,"1,233,421,601",,
413523,53690,한미글로벌,2023,OFS,BS,충당부채,"1,327,257,051",,
413523,53690,한미글로벌,2023,OFS,BS,매출채권,"33,018,901,296",,
413523,53690,한미글로벌,2023,OFS,CF,영업활동현금흐름,"2,946,125,683",,
413523,53690,한미글로벌,2023,OFS,CIS,매출원가,"127,983,069,223",,
413523,53690,한미글로벌,2023,OFS,CIS,매출총이익,"42,658,267,683",,
413523,53690,한미글로벌,2023,OFS,CIS,당기순이익,"11,233,144,594",,
413523,53690,한미글로벌,2023,OFS,CIS,매출액,"170,641,336,906",,
413523,53690,한미글로벌,2023,OFS,CIS,판매비와관리비,"30,601,685,327",,
413523,53690,한미글로벌,2024,CFS,BS,자산총계,"470,883,954,867",,
413523,53690,한미글로벌,2024,OFS,BS,차입금,"22,500,000,000",,
413523,53690,한미글로벌,2024,CFS,BS,유동자산,"262,561,392,432",,
413523,53690,한미글로벌,2024,OFS,BS,유동부채,"48,768,119,410",,
413523,53690,한미글로벌,2024,CFS,BS,재고자산,"56,515,690,177",,
413523,53690,한미글로벌,2024,OFS,BS,부채총계,"53,637,728,617",,
413523,53690,한미글로벌,2024,OFS,BS,유형자산,"3,370,105,863",,
413523,53690,한미글로벌,2024,OFS,BS,충당부채,"110,651,897",,
413523,53690,한미글로벌,2024,OFS,BS,매출채권,"35,948,174,524",,
413523,53690,한미글로벌,2024,OFS,CF,영업활동현금흐름,"16,912,980,726",,
413523,53690,한미글로벌,2024,OFS,CIS,매출원가,"129,098,907,691",,
413523,53690,한미글로벌,2024,OFS,CIS,매출총이익,"42,888,370,585",,
413523,53690,한미글로벌,2024,OFS,CIS,당기순이익,"10,726,058,945",,
413523,53690,한미글로벌,2024,OFS,CIS,매출액,"171,987,278,276",,
413523,53690,한미글로벌,2024,OFS,CIS,판매비와관리비,"34,788,831,094",,
413523,53690,한미글로벌,2025,CFS,BS,자산총계,"446,633,467,522",,
413523,53690,한미글로벌,2025,OFS,BS,차입금,"25,000,000,000",,
413523,53690,한미글로벌,2025,CFS,BS,유동자산,"222,426,001,026",,
413523,53690,한미글로벌,2025,OFS,BS,유동부채,"50,816,513,774",,
413523,53690,한미글로벌,2025,CFS,BS,재고자산,"18,234,170,890",,
413523,53690,한미글로벌,2025,OFS,BS,부채총계,"56,218,176,808",,
413523,53690,한미글로벌,2025,OFS,BS,유형자산,"4,189,367,937",,
413523,53690,한미글로벌,2025,OFS,BS,충당부채,"110,651,897",,
413523,53690,한미글로벌,2025,OFS,CF,영업활동현금흐름,"14,473,575,638",,
413523,53690,한미글로벌,2025,OFS,CIS,매출원가,"123,654,650,389",,
413523,53690,한미글로벌,2025,OFS,CIS,매출총이익,"40,579,161,162",,
413523,53690,한미글로벌,2025,OFS,CIS,당기순이익,"6,495,802,986",,
413523,53690,한미글로벌,2025,OFS,CIS,매출액,"164,233,811,551",,
413523,53690,한미글로벌,2025,OFS,CIS,판매비와관리비,"34,161,649,733",,
426068,69920,엑시온그룹,2023,OFS,BS,자산총계,"45,206,451,601",,
426068,69920,엑시온그룹,2023,OFS,BS,유동자산,"36,929,346,504",,
426068,69920,엑시온그룹,2023,OFS,BS,유동부채,"3,199,127,416",,
426068,69920,엑시온그룹,2023,OFS,BS,재고자산,"754,651,202",,
426068,69920,엑시온그룹,2023,OFS,BS,부채총계,"3,367,775,132",,
426068,69920,엑시온그룹,2023,OFS,BS,유형자산,0,,
426068,69920,엑시온그룹,2023,OFS,BS,충당부채,"56,707,748",,
426068,69920,엑시온그룹,2023,OFS,BS,매출채권,"537,893,029",,
426068,69920,엑시온그룹,2023,OFS,CF,영업활동현금흐름,"485,039,298",,
426068,69920,엑시온그룹,2023,OFS,CF,감가상각비,"126,230,209",,
426068,69920,엑시온그룹,2023,OFS,CF,당기순이익,"-15,290,002,575",,
426068,69920,엑시온그룹,2023,OFS,CIS,매출원가,"4,025,449,064",,
426068,69920,엑시온그룹,2023,OFS,CIS,매출총이익,"621,295,742",,
426068,69920,엑시온그룹,2023,OFS,CIS,매출액,"4,646,744,806",,
426068,69920,엑시온그룹,2023,OFS,CIS,판매비와관리비,"12,188,347,571",,
426068,69920,엑시온그룹,2024,OFS,BS,자산총계,"58,139,774,712",,
426068,69920,엑시온그룹,2024,OFS,BS,차입금,"2,674,000,000",,
426068,69920,엑시온그룹,2024,OFS,BS,유동자산,"27,117,918,352",,
426068,69920,엑시온그룹,2024,OFS,BS,유동부채,"12,259,980,076",,
426068,69920,엑시온그룹,2024,OFS,BS,재고자산,"770,841,022",,
426068,69920,엑시온그룹,2024,OFS,BS,부채총계,"13,124,140,949",,
426068,69920,엑시온그룹,2024,OFS,BS,충당부채,"80,525,042",,
426068,69920,엑시온그룹,2024,OFS,BS,매출채권,"347,793,447",,
426068,69920,엑시온그룹,2024,OFS,CF,영업활동현금흐름,"-9,577,366,297",,
426068,69920,엑시온그룹,2024,OFS,CF,감가상각비,"214,473,797",,
426068,69920,엑시온그룹,2024,OFS,CF,당기순이익,"-17,908,913,885",,
426068,69920,엑시온그룹,2024,OFS,CIS,매출원가,"3,822,771,195",,
426068,69920,엑시온그룹,2024,OFS,CIS,매출총이익,"921,333,594",,
426068,69920,엑시온그룹,2024,OFS,CIS,매출액,"4,744,104,789",,
426068,69920,엑시온그룹,2024,OFS,CIS,판매비와관리비,"11,000,646,341",,
426068,69920,엑시온그룹,2025,OFS,BS,자산총계,"77,532,839,296",,
426068,69920,엑시온그룹,2025,OFS,BS,차입금,"4,473,000,000",,
426068,69920,엑시온그룹,2025,OFS,BS,계약자산(미청구공사),"5,154,988,534",,
426068,69920,엑시온그룹,2025,OFS,BS,유동자산,"18,648,541,893",,
426068,69920,엑시온그룹,2025,OFS,BS,유동부채,"34,701,191,699",,
426068,69920,엑시온그룹,2025,OFS,BS,재고자산,"244,714,171",,
426068,69920,엑시온그룹,2025,OFS,BS,부채총계,"39,486,940,212",,
426068,69920,엑시온그룹,2025,OFS,BS,유형자산,"473,043,548",,
426068,69920,엑시온그룹,2025,OFS,BS,매출채권,"7,356,586,615",,
426068,69920,엑시온그룹,2025,OFS,CF,충당부채,"-2,835,572,776",,
426068,69920,엑시온그룹,2025,OFS,CF,영업활동현금흐름,"-9,111,020,928",,
426068,69920,엑시온그룹,2025,OFS,CF,감가상각비,"359,461,630",,
426068,69920,엑시온그룹,2025,OFS,CF,당기순이익,"-22,406,418,047",,
426068,69920,엑시온그룹,2025,OFS,CIS,매출원가,"22,159,968,544",,
426068,69920,엑시온그룹,2025,OFS,CIS,매출총이익,"1,844,490,210",,
426068,69920,엑시온그룹,2025,OFS,CIS,매출액,"24,004,458,754",,
426068,69920,엑시온그룹,2025,OFS,CIS,판매비와관리비,"7,753,152,033",,
485177,94820,일진파워,2023,CFS,BS,자산총계,"193,043,041,242",,
485177,94820,일진파워,2023,CFS,BS,유동자산,"96,215,468,314",,
485177,94820,일진파워,2023,OFS,BS,유동부채,"19,137,987,914",,
485177,94820,일진파워,2023,OFS,BS,부채총계,"37,533,400,936",,
485177,94820,일진파워,2023,OFS,BS,유형자산,"19,338,250,729",,
485177,94820,일진파워,2023,CFS,BS,매출채권,"38,067,158,591",,
485177,94820,일진파워,2023,OFS,CF,영업활동현금흐름,"3,747,415,597",,
485177,94820,일진파워,2023,OFS,CF,당기순이익,"9,580,223,266",,
485177,94820,일진파워,2023,OFS,CIS,매출원가,"90,122,085,916",,
485177,94820,일진파워,2023,OFS,CIS,매출총이익,"15,596,293,298",,
485177,94820,일진파워,2023,OFS,CIS,매출액,"105,718,379,214",,
485177,94820,일진파워,2023,CFS,CIS,판매비와관리비,"11,938,695,224",,
485177,94820,일진파워,2024,CFS,BS,자산총계,"270,453,827,629",,
485177,94820,일진파워,2024,CFS,BS,차입금,"73,500,000,000",,
485177,94820,일진파워,2024,CFS,BS,유동자산,"90,027,111,859",,
485177,94820,일진파워,2024,OFS,BS,유동부채,"19,693,697,317",,
485177,94820,일진파워,2024,OFS,BS,부채총계,"43,945,406,605",,
485177,94820,일진파워,2024,OFS,BS,유형자산,"15,912,775,460",,
485177,94820,일진파워,2024,CFS,BS,매출채권,"39,637,212,569",,
485177,94820,일진파워,2024,OFS,CF,영업활동현금흐름,"9,976,729,306",,
485177,94820,일진파워,2024,OFS,CF,당기순이익,"10,462,518,758",,
485177,94820,일진파워,2024,OFS,CIS,매출원가,"101,244,126,768",,
485177,94820,일진파워,2024,OFS,CIS,매출총이익,"17,987,798,193",,
485177,94820,일진파워,2024,OFS,CIS,매출액,"119,231,924,961",,
485177,94820,일진파워,2024,CFS,CIS,판매비와관리비,"14,523,556,907",,
485177,94820,일진파워,2025,CFS,BS,자산총계,"329,098,066,672",,
485177,94820,일진파워,2025,CFS,BS,차입금,"5,411,491,453",,
485177,94820,일진파워,2025,CFS,BS,유동자산,"126,499,025,081",,
485177,94820,일진파워,2025,OFS,BS,유동부채,"37,015,082,834",,
485177,94820,일진파워,2025,OFS,BS,부채총계,"63,064,764,846",,
485177,94820,일진파워,2025,OFS,BS,유형자산,"15,856,232,637",,
485177,94820,일진파워,2025,CFS,BS,매출채권,"46,653,925,398",,
485177,94820,일진파워,2025,OFS,CF,영업활동현금흐름,"15,357,656,866",,
485177,94820,일진파워,2025,OFS,CF,당기순이익,"18,443,980,711",,
485177,94820,일진파워,2025,OFS,CIS,매출원가,"131,858,553,503",,
485177,94820,일진파워,2025,OFS,CIS,매출총이익,"20,818,822,933",,
485177,94820,일진파워,2025,OFS,CIS,매출액,"152,677,376,436",,
485177,94820,일진파워,2025,CFS,CIS,판매비와관리비,"13,461,539,909",,
487546,76080,웰크론한텍,2023,CFS,BS,자산총계,"150,982,176,633",,
487546,76080,웰크론한텍,2023,CFS,BS,유동자산,"113,788,323,332",,
487546,76080,웰크론한텍,2023,CFS,BS,유동부채,"85,314,365,445",,
487546,76080,웰크론한텍,2023,CFS,BS,재고자산,"925,702,526",,
487546,76080,웰크론한텍,2023,CFS,BS,부채총계,"87,188,033,446",,
487546,76080,웰크론한텍,2023,CFS,BS,유형자산,"13,986,129,939",,
487546,76080,웰크론한텍,2023,CFS,BS,충당부채,"7,364,765,772",,
487546,76080,웰크론한텍,2023,CFS,BS,매출채권,"85,666,877,815",,
487546,76080,웰크론한텍,2023,OFS,CF,차입금,"54,500,000,000",,
487546,76080,웰크론한텍,2023,CFS,CF,영업활동현금흐름,"-24,697,673,270",,
487546,76080,웰크론한텍,2023,OFS,CF,감가상각비,"1,587,026,692",,
487546,76080,웰크론한텍,2023,CFS,CF,당기순이익,"-4,607,406,315",,
487546,76080,웰크론한텍,2023,OFS,CIS,매출원가,"312,646,159,145",,
487546,76080,웰크론한텍,2023,OFS,CIS,매출총이익,"6,419,430,908",,
487546,76080,웰크론한텍,2023,OFS,CIS,매출액,"319,065,590,053",,
487546,76080,웰크론한텍,2023,CFS,CIS,판매비와관리비,"6,781,016,932",,
487546,76080,웰크론한텍,2024,CFS,BS,자산총계,"170,957,693,590",,
487546,76080,웰크론한텍,2024,CFS,BS,유동자산,"114,171,425,545",,
487546,76080,웰크론한텍,2024,CFS,BS,유동부채,"111,451,761,366",,
487546,76080,웰크론한텍,2024,CFS,BS,재고자산,"4,414,398,252",,
487546,76080,웰크론한텍,2024,CFS,BS,부채총계,"113,659,852,626",,
487546,76080,웰크론한텍,2024,CFS,BS,유형자산,"13,468,058,956",,
487546,76080,웰크론한텍,2024,CFS,BS,충당부채,"7,352,276,139",,
487546,76080,웰크론한텍,2024,CFS,BS,매출채권,"79,787,366,374",,
487546,76080,웰크론한텍,2024,OFS,CF,차입금,"72,650,000,000",,
487546,76080,웰크론한텍,2024,CFS,CF,영업활동현금흐름,"-8,508,377,485",,
487546,76080,웰크론한텍,2024,OFS,CF,감가상각비,"1,545,904,502",,
487546,76080,웰크론한텍,2024,CFS,CF,당기순이익,"-6,680,903,057",,
487546,76080,웰크론한텍,2024,OFS,CIS,매출원가,"242,143,937,248",,
487546,76080,웰크론한텍,2024,OFS,CIS,매출총이익,"14,261,733,762",,
487546,76080,웰크론한텍,2024,OFS,CIS,매출액,"256,405,671,010",,
487546,76080,웰크론한텍,2024,CFS,CIS,판매비와관리비,"13,842,844,565",,
487546,76080,웰크론한텍,2025,CFS,BS,자산총계,"114,976,273,514",,
487546,76080,웰크론한텍,2025,CFS,BS,유동자산,"61,129,323,363",,
487546,76080,웰크론한텍,2025,CFS,BS,유동부채,"99,517,417,291",,
487546,76080,웰크론한텍,2025,CFS,BS,재고자산,0,,
487546,76080,웰크론한텍,2025,CFS,BS,부채총계,"101,305,496,290",,
487546,76080,웰크론한텍,2025,CFS,BS,유형자산,"12,947,413,785",,
487546,76080,웰크론한텍,2025,CFS,BS,충당부채,"26,477,073,978",,
487546,76080,웰크론한텍,2025,CFS,BS,매출채권,"40,468,922,959",,
487546,76080,웰크론한텍,2025,OFS,CF,차입금,"28,750,000,000",,
487546,76080,웰크론한텍,2025,CFS,CF,영업활동현금흐름,"14,870,364,486",,
487546,76080,웰크론한텍,2025,CFS,CF,당기순이익,"-43,438,311,728",,
487546,76080,웰크론한텍,2025,OFS,CIS,매출원가,"159,964,710,039",,
487546,76080,웰크론한텍,2025,OFS,CIS,매출총이익,"2,431,974,630",,
487546,76080,웰크론한텍,2025,OFS,CIS,매출액,"162,396,684,669",,
487546,76080,웰크론한텍,2025,CFS,CIS,판매비와관리비,"22,957,071,280",,
633835,97230,HJ중공업,2023,CFS,BS,자산총계,"2,890,585,000,000",,
633835,97230,HJ중공업,2023,OFS,BS,차입금,0,,
633835,97230,HJ중공업,2023,CFS,BS,계약자산(미청구공사),"387,498,000,000",,
633835,97230,HJ중공업,2023,CFS,BS,유동자산,"1,727,429,000,000",,
633835,97230,HJ중공업,2023,OFS,BS,유동부채,"2,122,908,000,000",,
633835,97230,HJ중공업,2023,CFS,BS,재고자산,"135,297,000,000",,
633835,97230,HJ중공업,2023,OFS,BS,부채총계,"2,544,208,000,000",,
633835,97230,HJ중공업,2023,CFS,BS,유형자산,"745,840,000,000",,
633835,97230,HJ중공업,2023,OFS,BS,충당부채,"132,953,000,000",,
633835,97230,HJ중공업,2023,CFS,BS,매출채권,"133,627,000,000",,
633835,97230,HJ중공업,2023,OFS,CF,영업활동현금흐름,"181,130,000,000",,
633835,97230,HJ중공업,2023,CFS,IS,매출원가,"2,163,956,000,000",,
633835,97230,HJ중공업,2023,CFS,IS,매출총이익,"-1,883,000,000",,
633835,97230,HJ중공업,2023,CFS,IS,당기순이익,"-114,319,000,000",,
633835,97230,HJ중공업,2023,OFS,IS,매출액,"2,161,266,000,000",,
633835,97230,HJ중공업,2023,CFS,IS,판매비와관리비,"106,904,000,000",,
633835,97230,HJ중공업,2024,CFS,BS,자산총계,"2,204,429,000,000",,
633835,97230,HJ중공업,2024,OFS,BS,차입금,"381,747,000,000",,
633835,97230,HJ중공업,2024,CFS,BS,계약자산(미청구공사),"274,766,000,000",,
633835,97230,HJ중공업,2024,CFS,BS,유동자산,"1,073,183,000,000",,
633835,97230,HJ중공업,2024,OFS,BS,유동부채,"1,554,390,000,000",,
633835,97230,HJ중공업,2024,CFS,BS,재고자산,"105,441,000,000",,
633835,97230,HJ중공업,2024,OFS,BS,부채총계,"1,858,285,000,000",,
633835,97230,HJ중공업,2024,CFS,BS,유형자산,"740,427,000,000",,
633835,97230,HJ중공업,2024,OFS,BS,충당부채,"71,805,000,000",,
633835,97230,HJ중공업,2024,CFS,BS,매출채권,"77,852,000,000",,
633835,97230,HJ중공업,2024,OFS,CF,영업활동현금흐름,"-86,200,000,000",,
633835,97230,HJ중공업,2024,CFS,IS,매출원가,"1,779,701,000,000",,
633835,97230,HJ중공업,2024,CFS,IS,매출총이익,"106,261,000,000",,
633835,97230,HJ중공업,2024,CFS,IS,당기순이익,"5,225,000,000",,
633835,97230,HJ중공업,2024,OFS,IS,매출액,"1,885,164,000,000",,
633835,97230,HJ중공업,2024,CFS,IS,판매비와관리비,"99,009,000,000",,
633835,97230,HJ중공업,2025,CFS,BS,자산총계,"2,453,082,000,000",,
633835,97230,HJ중공업,2025,OFS,BS,차입금,"270,520,000,000",,
633835,97230,HJ중공업,2025,CFS,BS,계약자산(미청구공사),"225,908,000,000",,
633835,97230,HJ중공업,2025,CFS,BS,유동자산,"1,258,882,000,000",,
633835,97230,HJ중공업,2025,OFS,BS,유동부채,"1,491,064,000,000",,
633835,97230,HJ중공업,2025,CFS,BS,재고자산,"115,769,000,000",,
633835,97230,HJ중공업,2025,OFS,BS,부채총계,"1,781,340,000,000",,
633835,97230,HJ중공업,2025,CFS,BS,유형자산,"822,328,000,000",,
633835,97230,HJ중공업,2025,OFS,BS,충당부채,"50,616,000,000",,
633835,97230,HJ중공업,2025,CFS,BS,매출채권,"111,528,000,000",,
633835,97230,HJ중공업,2025,OFS,CF,영업활동현금흐름,"5,745,000,000",,
633835,97230,HJ중공업,2025,CFS,IS,매출원가,"1,822,778,000,000",,
633835,97230,HJ중공업,2025,CFS,IS,매출총이익,"176,927,000,000",,
633835,97230,HJ중공업,2025,CFS,IS,당기순이익,"51,444,000,000",,
633835,97230,HJ중공업,2025,OFS,IS,매출액,"1,998,906,000,000",,
633835,97230,HJ중공업,2025,CFS,IS,판매비와관리비,"109,853,000,000",,
1043853,206400,베노티앤알,2023,CFS,BS,자산총계,"122,957,570,414",,
1043853,206400,베노티앤알,2023,CFS,BS,계약자산(미청구공사),"2,011,600",,
1043853,206400,베노티앤알,2023,CFS,BS,유동자산,"56,292,284,170",,
1043853,206400,베노티앤알,2023,OFS,BS,유동부채,"39,836,792,838",,
1043853,206400,베노티앤알,2023,CFS,BS,재고자산,"17,030,100",,
1043853,206400,베노티앤알,2023,OFS,BS,부채총계,"40,999,361,532",,
1043853,206400,베노티앤알,2023,OFS,BS,유형자산,"3,553,177,864",,
1043853,206400,베노티앤알,2023,OFS,BS,충당부채,"213,748,373",,
1043853,206400,베노티앤알,2023,CFS,BS,매출채권,"3,647,536,920",,
1043853,206400,베노티앤알,2023,OFS,CF,영업활동현금흐름,"-3,132,934,288",,
1043853,206400,베노티앤알,2023,OFS,CIS,매출원가,"5,860,923,661",,
1043853,206400,베노티앤알,2023,OFS,CIS,매출총이익,"1,239,742,390",,
1043853,206400,베노티앤알,2023,OFS,CIS,당기순이익,"-4,805,873,843",,
1043853,206400,베노티앤알,2023,OFS,CIS,매출액,"7,100,666,051",,
1043853,206400,베노티앤알,2023,CFS,CIS,판매비와관리비,"10,245,440,902",,
1043853,206400,베노티앤알,2024,CFS,BS,자산총계,"104,745,553,211",,
1043853,206400,베노티앤알,2024,CFS,BS,차입금,"448,714,392",,
1043853,206400,베노티앤알,2024,CFS,BS,계약자산(미청구공사),"212,516,291",,
1043853,206400,베노티앤알,2024,CFS,BS,유동자산,"52,164,009,060",,
1043853,206400,베노티앤알,2024,OFS,BS,유동부채,"6,454,632,052",,
1043853,206400,베노티앤알,2024,CFS,BS,재고자산,"67,980,571",,
1043853,206400,베노티앤알,2024,OFS,BS,부채총계,"7,491,908,028",,
1043853,206400,베노티앤알,2024,OFS,BS,유형자산,"3,315,642,755",,
1043853,206400,베노티앤알,2024,OFS,BS,충당부채,"708,052,092",,
1043853,206400,베노티앤알,2024,CFS,BS,매출채권,"1,446,054,434",,
1043853,206400,베노티앤알,2024,OFS,CF,영업활동현금흐름,"-2,221,346,918",,
1043853,206400,베노티앤알,2024,OFS,CIS,매출원가,"21,386,819,865",,
1043853,206400,베노티앤알,2024,OFS,CIS,매출총이익,"3,365,516,094",,
1043853,206400,베노티앤알,2024,OFS,CIS,당기순이익,"2,361,142,826",,
1043853,206400,베노티앤알,2024,OFS,CIS,매출액,"24,752,335,959",,
1043853,206400,베노티앤알,2024,CFS,CIS,판매비와관리비,"13,417,166,438",,
1043853,206400,베노티앤알,2025,CFS,BS,자산총계,"78,940,240,228",,
1043853,206400,베노티앤알,2025,CFS,BS,차입금,"424,376,346",,
1043853,206400,베노티앤알,2025,CFS,BS,계약자산(미청구공사),"285,765,660",,
1043853,206400,베노티앤알,2025,CFS,BS,유동자산,"28,382,589,992",,
1043853,206400,베노티앤알,2025,OFS,BS,유동부채,"3,794,840,865",,
1043853,206400,베노티앤알,2025,CFS,BS,재고자산,"64,558,578",,
1043853,206400,베노티앤알,2025,OFS,BS,부채총계,"5,324,827,405",,
1043853,206400,베노티앤알,2025,OFS,BS,유형자산,"2,624,381,909",,
1043853,206400,베노티앤알,2025,OFS,BS,충당부채,"1,532,739,241",,
1043853,206400,베노티앤알,2025,CFS,BS,매출채권,"111,457,640",,
1043853,206400,베노티앤알,2025,OFS,CF,영업활동현금흐름,"-373,741,690",,
1043853,206400,베노티앤알,2025,OFS,CIS,매출원가,"3,112,752,123",,
1043853,206400,베노티앤알,2025,OFS,CIS,매출총이익,"740,636,783",,
1043853,206400,베노티앤알,2025,OFS,CIS,당기순이익,"-21,333,615,769",,
1043853,206400,베노티앤알,2025,OFS,CIS,매출액,"3,853,388,906",,
1043853,206400,베노티앤알,2025,CFS,CIS,판매비와관리비,"6,701,791,777",,
1310269,294870,IPARK현대산업개발,2023,CFS,BS,자산총계,"7,016,268,809,820",,
1310269,294870,IPARK현대산업개발,2023,OFS,BS,차입금,"245,826,483,791",,
1310269,294870,IPARK현대산업개발,2023,CFS,BS,계약자산(미청구공사),"982,293,721,773",,
1310269,294870,IPARK현대산업개발,2023,CFS,BS,유동자산,"4,987,269,549,535",,
1310269,294870,IPARK현대산업개발,2023,OFS,BS,유동부채,"2,827,164,951,679",,
1310269,294870,IPARK현대산업개발,2023,CFS,BS,재고자산,"1,507,391,138,497",,
1310269,294870,IPARK현대산업개발,2023,OFS,BS,부채총계,"3,685,017,657,643",,
1310269,294870,IPARK현대산업개발,2023,CFS,BS,유형자산,"484,060,733,982",,
1310269,294870,IPARK현대산업개발,2023,OFS,BS,충당부채,"336,592,279,198",,
1310269,294870,IPARK현대산업개발,2023,CFS,BS,매출채권,"2,766,827,335,159",,
1310269,294870,IPARK현대산업개발,2023,CFS,CF,영업활동현금흐름,"640,164,749,834",,
1310269,294870,IPARK현대산업개발,2023,CFS,IS,매출원가,"3,810,050,687,143",,
1310269,294870,IPARK현대산업개발,2023,CFS,IS,매출총이익,"380,737,461,198",,
1310269,294870,IPARK현대산업개발,2023,CFS,IS,당기순이익,"172,890,219,224",,
1310269,294870,IPARK현대산업개발,2023,OFS,IS,매출액,"4,162,688,610,909",,
1310269,294870,IPARK현대산업개발,2023,OFS,IS,판매비와관리비,"166,081,152,420",,
1310269,294870,IPARK현대산업개발,2024,CFS,BS,자산총계,"7,461,863,865,856",,
1310269,294870,IPARK현대산업개발,2024,OFS,BS,차입금,"332,304,707,437",,
1310269,294870,IPARK현대산업개발,2024,CFS,BS,계약자산(미청구공사),"760,905,003,167",,
1310269,294870,IPARK현대산업개발,2024,CFS,BS,유동자산,"5,380,387,938,712",,
1310269,294870,IPARK현대산업개발,2024,OFS,BS,유동부채,"3,109,035,490,990",,
1310269,294870,IPARK현대산업개발,2024,CFS,BS,재고자산,"1,854,262,476,017",,
1310269,294870,IPARK현대산업개발,2024,OFS,BS,부채총계,"3,943,585,337,240",,
1310269,294870,IPARK현대산업개발,2024,CFS,BS,유형자산,"485,111,254,895",,
1310269,294870,IPARK현대산업개발,2024,OFS,BS,충당부채,"352,462,363,981",,
1310269,294870,IPARK현대산업개발,2024,CFS,BS,매출채권,"2,506,971,183,202",,
1310269,294870,IPARK현대산업개발,2024,CFS,CF,영업활동현금흐름,"314,398,841,679",,
1310269,294870,IPARK현대산업개발,2024,CFS,IS,매출원가,"3,854,196,096,076",,
1310269,294870,IPARK현대산업개발,2024,CFS,IS,매출총이익,"402,037,105,707",,
1310269,294870,IPARK현대산업개발,2024,CFS,IS,당기순이익,"155,717,171,971",,
1310269,294870,IPARK현대산업개발,2024,OFS,IS,매출액,"4,211,372,871,874",,
1310269,294870,IPARK현대산업개발,2024,OFS,IS,판매비와관리비,"192,436,066,965",,
1310269,294870,IPARK현대산업개발,2025,CFS,BS,자산총계,"7,599,100,705,541",,
1310269,294870,IPARK현대산업개발,2025,OFS,BS,차입금,"459,188,733,307",,
1310269,294870,IPARK현대산업개발,2025,CFS,BS,계약자산(미청구공사),"418,124,896,288",,
1310269,294870,IPARK현대산업개발,2025,CFS,BS,유동자산,"4,718,349,193,562",,
1310269,294870,IPARK현대산업개발,2025,OFS,BS,유동부채,"2,867,594,735,818",,
1310269,294870,IPARK현대산업개발,2025,CFS,BS,재고자산,"1,505,675,943,730",,
1310269,294870,IPARK현대산업개발,2025,OFS,BS,부채총계,"3,959,251,786,251",,
1310269,294870,IPARK현대산업개발,2025,CFS,BS,유형자산,"839,278,392,972",,
1310269,294870,IPARK현대산업개발,2025,OFS,BS,충당부채,"290,144,470,029",,
1310269,294870,IPARK현대산업개발,2025,CFS,BS,매출채권,"2,241,431,393,100",,
1310269,294870,IPARK현대산업개발,2025,CFS,CF,영업활동현금흐름,"2,808,096,213",,
1310269,294870,IPARK현대산업개발,2025,CFS,IS,매출원가,"3,555,315,920,301",,
1310269,294870,IPARK현대산업개발,2025,CFS,IS,매출총이익,"591,691,068,495",,
1310269,294870,IPARK현대산업개발,2025,CFS,IS,당기순이익,"158,148,718,419",,
1310269,294870,IPARK현대산업개발,2025,OFS,IS,매출액,"4,089,292,656,338",,
1310269,294870,IPARK현대산업개발,2025,OFS,IS,판매비와관리비,"204,461,537,660",,
1524093,375500,DL이앤씨,2023,CFS,BS,자산총계,"9,344,058,758,180",,
1524093,375500,DL이앤씨,2023,CFS,BS,계약자산(미청구공사),"889,274,063,236",,
1524093,375500,DL이앤씨,2023,CFS,BS,유동자산,"5,782,745,971,638",,
1524093,375500,DL이앤씨,2023,OFS,BS,유동부채,"2,689,378,548,711",,
1524093,375500,DL이앤씨,2023,OFS,BS,재고자산,"297,231,459,371",,
1524093,375500,DL이앤씨,2023,OFS,BS,부채총계,"3,037,313,896,162",,
1524093,375500,DL이앤씨,2023,OFS,BS,유형자산,"124,171,550,044",,
1524093,375500,DL이앤씨,2023,OFS,BS,충당부채,"222,327,426,425",,
1524093,375500,DL이앤씨,2023,OFS,BS,매출채권,"976,130,605,717",,
1524093,375500,DL이앤씨,2023,CFS,CF,차입금,"168,027,150,000",,
1524093,375500,DL이앤씨,2023,OFS,CF,영업활동현금흐름,"235,268,330,921",,
1524093,375500,DL이앤씨,2023,CFS,IS,매출원가,"7,208,953,031,303",,
1524093,375500,DL이앤씨,2023,CFS,IS,매출총이익,"782,110,585,377",,
1524093,375500,DL이앤씨,2023,CFS,IS,당기순이익,"202,169,475,522",,
1524093,375500,DL이앤씨,2023,OFS,IS,매출액,"5,168,107,014,553",,
1524093,375500,DL이앤씨,2023,OFS,IS,판매비와관리비,"330,646,634,797",,
1524093,375500,DL이앤씨,2024,CFS,BS,자산총계,"9,712,402,219,987",,
1524093,375500,DL이앤씨,2024,CFS,BS,계약자산(미청구공사),"886,153,686,865",,
1524093,375500,DL이앤씨,2024,CFS,BS,유동자산,"6,005,539,219,289",,
1524093,375500,DL이앤씨,2024,OFS,BS,유동부채,"2,292,372,591,242",,
1524093,375500,DL이앤씨,2024,OFS,BS,재고자산,"287,338,446,592",,
1524093,375500,DL이앤씨,2024,OFS,BS,부채총계,"2,851,611,963,140",,
1524093,375500,DL이앤씨,2024,OFS,BS,유형자산,"31,980,685,381",,
1524093,375500,DL이앤씨,2024,OFS,BS,충당부채,"31,708,376,329",,
1524093,375500,DL이앤씨,2024,OFS,BS,매출채권,"1,105,174,732,926",,
1524093,375500,DL이앤씨,2024,CFS,CF,차입금,"168,878,000,000",,
1524093,375500,DL이앤씨,2024,OFS,CF,영업활동현금흐름,"-140,202,586,164",,
1524093,375500,DL이앤씨,2024,CFS,IS,매출원가,"7,472,677,266,880",,
1524093,375500,DL이앤씨,2024,CFS,IS,매출총이익,"845,765,168,177",,
1524093,375500,DL이앤씨,2024,CFS,IS,당기순이익,"229,223,745,163",,
1524093,375500,DL이앤씨,2024,OFS,IS,매출액,"5,307,105,965,255",,
1524093,375500,DL이앤씨,2024,OFS,IS,판매비와관리비,"402,133,279,764",,
1524093,375500,DL이앤씨,2025,CFS,BS,자산총계,"9,669,288,095,980",,
1524093,375500,DL이앤씨,2025,CFS,BS,계약자산(미청구공사),"628,631,370,681",,
1524093,375500,DL이앤씨,2025,CFS,BS,유동자산,"5,634,748,961,558",,
1524093,375500,DL이앤씨,2025,OFS,BS,유동부채,"2,319,859,725,958",,
1524093,375500,DL이앤씨,2025,OFS,BS,재고자산,"283,022,361,721",,
1524093,375500,DL이앤씨,2025,OFS,BS,부채총계,"2,671,767,854,459",,
1524093,375500,DL이앤씨,2025,OFS,BS,유형자산,"32,679,915,642",,
1524093,375500,DL이앤씨,2025,OFS,BS,충당부채,"123,535,360,771",,
1524093,375500,DL이앤씨,2025,OFS,BS,매출채권,"1,137,954,430,368",,
1524093,375500,DL이앤씨,2025,CFS,CF,차입금,0,,
1524093,375500,DL이앤씨,2025,OFS,CF,영업활동현금흐름,"179,105,769,678",,
1524093,375500,DL이앤씨,2025,CFS,IS,매출원가,"6,502,256,853,441",,
1524093,375500,DL이앤씨,2025,CFS,IS,매출총이익,"900,168,273,219",,
1524093,375500,DL이앤씨,2025,CFS,IS,당기순이익,"370,189,019,489",,
1524093,375500,DL이앤씨,2025,OFS,IS,매출액,"4,750,115,447,932",,
1524093,375500,DL이앤씨,2025,OFS,IS,판매비와관리비,"362,386,775,540",,