corp_code,stock_code,corp_name,year,fs_div,sj_div,account_name,amount,memo,updated_at
00874803,211270,AP위성,2025,OFS,CIS,매출액,"47,812,373,057",원천계정명: 수익(매출액),2026-07-09
00874803,211270,AP위성,2025,OFS,CIS,영업이익,"-4,301,222,143",원천계정명: 영업이익(손실),2026-07-09
00874803,211270,AP위성,2025,OFS,CF,영업활동현금흐름,"-4,460,659,186",,2026-07-09
00874803,211270,AP위성,2025,,,계약자산,,"표준 매칭 없음, 유사계정: 대손충당금, 단기미청구공사|단기미청구공사, 총액",2026-07-09
00874803,211270,AP위성,2025,,,계약부채,,"표준 매칭 없음, 유사계정: 단기초과청구공사",2026-07-09
00874803,211270,AP위성,2025,OFS,BS,매출채권,"21,384,979,676","합산 원천계정: 단기미수금, 총액|대손충당금, 단기미수금|대손충당금, 매출채권|매출채권|매출채권 및 기타유동채권|부가가치세대급금|장기매출채권 및 기타비유동채권, 총액",2026-07-09
00874803,211270,AP위성,2025,OFS,BS,재고자산,"16,486,278,400",원천계정명: 유동재고자산,2026-07-09
00874803,211270,AP위성,2024,OFS,CIS,매출액,"58,631,773,787",원천계정명: 수익(매출액),2026-07-09
00874803,211270,AP위성,2024,OFS,CIS,영업이익,"7,300,333,201",원천계정명: 영업이익(손실),2026-07-09
00874803,211270,AP위성,2024,OFS,CF,영업활동현금흐름,"-7,110,307,117",,2026-07-09
00874803,211270,AP위성,2024,,,계약자산,,"표준 매칭 없음, 유사계정: 대손충당금, 단기미청구공사|단기미청구공사, 총액",2026-07-09
00874803,211270,AP위성,2024,,,계약부채,,"표준 매칭 없음, 유사계정: 단기초과청구공사",2026-07-09
00874803,211270,AP위성,2024,OFS,BS,매출채권,"18,862,371,040","합산 원천계정: 단기미수금, 총액|대손충당금, 단기미수금|대손충당금, 매출채권|매출채권|매출채권 및 기타유동채권|부가가치세대급금|장기매출채권 및 기타비유동채권, 총액",2026-07-09
00874803,211270,AP위성,2024,OFS,BS,재고자산,"21,103,318,380",원천계정명: 유동재고자산,2026-07-09
00874803,211270,AP위성,2023,OFS,CIS,매출액,"49,434,135,093",원천계정명: 수익(매출액),2026-07-09
00874803,211270,AP위성,2023,OFS,CIS,영업이익,"10,071,432,183",원천계정명: 영업이익(손실),2026-07-09
00874803,211270,AP위성,2023,OFS,CF,영업활동현금흐름,"28,310,238,978",,2026-07-09
00874803,211270,AP위성,2023,,,계약자산,,"표준 매칭 없음, 유사계정: 대손충당금, 단기미청구공사|단기미청구공사",2026-07-09
00874803,211270,AP위성,2023,,,계약부채,,"표준 매칭 없음, 유사계정: 단기초과청구공사",2026-07-09
00874803,211270,AP위성,2023,OFS,BS,매출채권,"17,573,056,914","합산 원천계정: 단기미수금|대손충당금, 단기미수금|대손충당금, 매출채권|매출채권|매출채권 및 기타유동채권|부가가치세대급금|장기매출채권 및 기타비유동채권",2026-07-09
00874803,211270,AP위성,2023,OFS,BS,재고자산,"25,145,721,055",원천계정명: 유동재고자산,2026-07-09
00874803,211270,AP위성,2022,OFS,CIS,매출액,"53,604,126,086",원천계정명: 수익(매출액),2026-07-09
00874803,211270,AP위성,2022,OFS,CIS,영업이익,"4,494,271,143",원천계정명: 영업이익(손실),2026-07-09
00874803,211270,AP위성,2022,OFS,CF,영업활동현금흐름,"7,638,559,894",,2026-07-09
00874803,211270,AP위성,2022,,,계약자산,,"표준 매칭 없음, 유사계정: 단기미청구공사",2026-07-09
00874803,211270,AP위성,2022,,,계약부채,,"표준 매칭 없음, 유사계정: 단기초과청구공사",2026-07-09
00874803,211270,AP위성,2022,OFS,BS,매출채권,"27,671,377,152",합산 원천계정: 단기미수금|대손충당금|매출채권|매출채권 및 기타유동채권|부가가치세대급금|장기매출채권 및 기타비유동채권,2026-07-09
00874803,211270,AP위성,2022,OFS,BS,재고자산,"11,054,861,375",,2026-07-09
00874803,211270,AP위성,2021,OFS,CIS,매출액,"40,201,720,460",원천계정명: 수익(매출액),2026-07-09
00874803,211270,AP위성,2021,OFS,CIS,영업이익,"842,198,469",원천계정명: 영업이익(손실),2026-07-09
00874803,211270,AP위성,2021,OFS,CF,영업활동현금흐름,"-1,505,269,983",,2026-07-09
00874803,211270,AP위성,2021,,,계약자산,,"표준 매칭 없음, 유사계정: 단기미청구공사",2026-07-09
00874803,211270,AP위성,2021,,,계약부채,,"표준 매칭 없음, 유사계정: 단기초과청구공사",2026-07-09
00874803,211270,AP위성,2021,OFS,BS,매출채권,"34,547,058,533",합산 원천계정: 단기미수금|대손충당금|매출채권|매출채권 및 기타유동채권|부가가치세대급금|장기매출채권 및 기타비유동채권,2026-07-09
00874803,211270,AP위성,2021,OFS,BS,재고자산,"10,928,927,149",,2026-07-09
01390344,329180,HD현대중공업,2025,CFS,CIS,매출액,"17,580,633,257,000",,2026-07-09
01390344,329180,HD현대중공업,2025,CFS,CIS,영업이익,"2,037,510,103,000",,2026-07-09
01390344,329180,HD현대중공업,2025,CFS,CF,영업활동현금흐름,"3,510,392,442,000",원천계정명: 영업활동으로 인한 순현금흐름,2026-07-09
01390344,329180,HD현대중공업,2025,CFS,BS,계약자산,"6,433,996,709,000",합산 원천계정: 계약자산|확정계약자산,2026-07-09
01390344,329180,HD현대중공업,2025,CFS,BS,계약부채,"10,844,050,215,000",합산 원천계정: 계약부채|장기계약부채|확정계약부채,2026-07-09
01390344,329180,HD현대중공업,2025,CFS,BS,매출채권,"1,806,002,446,000",합산 원천계정: 매출채권및기타채권|장기매출채권및기타채권,2026-07-09
01390344,329180,HD현대중공업,2025,CFS,BS,재고자산,"2,016,750,847,000",,2026-07-09
01390344,329180,HD현대중공업,2024,CFS,CIS,매출액,"14,486,453,544,000",,2026-07-09
01390344,329180,HD현대중공업,2024,CFS,CIS,영업이익,"705,223,483,000",원천계정명: 영업이익(손실),2026-07-09
01390344,329180,HD현대중공업,2024,CFS,CF,영업활동현금흐름,"2,883,882,708,000",원천계정명: 영업활동으로 인한 순현금흐름,2026-07-09
01390344,329180,HD현대중공업,2024,CFS,BS,계약자산,"5,390,385,121,000",합산 원천계정: 계약자산|확정계약자산,2026-07-09
01390344,329180,HD현대중공업,2024,CFS,BS,계약부채,"7,728,322,673,000",합산 원천계정: 계약부채|장기계약부채|확정계약부채,2026-07-09
01390344,329180,HD현대중공업,2024,CFS,BS,매출채권,"1,785,402,427,000",합산 원천계정: 매출채권및기타채권|장기매출채권및기타채권,2026-07-09
01390344,329180,HD현대중공업,2024,CFS,BS,재고자산,"1,510,905,566,000",,2026-07-09
01390344,329180,HD현대중공업,2023,CFS,CIS,매출액,"11,963,925,991,000",,2026-07-09
01390344,329180,HD현대중공업,2023,CFS,CIS,영업이익,"178,639,965,000",원천계정명: 영업이익(손실),2026-07-09
01390344,329180,HD현대중공업,2023,CFS,CF,영업활동현금흐름,"168,837,181,000",,2026-07-09
01390344,329180,HD현대중공업,2023,CFS,BS,계약자산,"3,760,318,556,000",합산 원천계정: 계약자산|확정계약자산,2026-07-09
01390344,329180,HD현대중공업,2023,CFS,BS,계약부채,"6,052,222,970,000",합산 원천계정: 계약부채|장기계약부채|확정계약부채,2026-07-09
01390344,329180,HD현대중공업,2023,CFS,BS,매출채권,"1,554,641,177,000",합산 원천계정: 매출채권및기타채권|장기매출채권 및 기타채권,2026-07-09
01390344,329180,HD현대중공업,2023,CFS,BS,재고자산,"1,309,807,342,000",,2026-07-09
01390344,329180,HD현대중공업,2022,CFS,CIS,매출액,"9,045,480,488,000",,2026-07-09
01390344,329180,HD현대중공업,2022,CFS,CIS,영업이익,"-289,151,153,000",원천계정명: 영업이익(손실),2026-07-09
01390344,329180,HD현대중공업,2022,CFS,CF,영업활동현금흐름,"71,218,400,000",원천계정명: 영업활동으로 인한 순현금흐름,2026-07-09
01390344,329180,HD현대중공업,2022,CFS,BS,계약자산,"3,588,791,698,000",합산 원천계정: 계약자산|확정계약자산,2026-07-09
01390344,329180,HD현대중공업,2022,CFS,BS,계약부채,"5,063,627,293,000",합산 원천계정: 계약부채|장기계약부채|확정계약부채,2026-07-09
01390344,329180,HD현대중공업,2022,CFS,BS,매출채권,"1,312,753,394,000",합산 원천계정: 매출채권 및 기타채권|장기매출채권 및 기타채권,2026-07-09
01390344,329180,HD현대중공업,2022,CFS,BS,재고자산,"1,377,137,503,000",,2026-07-09
01390344,329180,HD현대중공업,2021,CFS,CIS,매출액,"8,311,275,924,000",,2026-07-09
01390344,329180,HD현대중공업,2021,CFS,CIS,영업이익,"-800,262,777,000",원천계정명: 영업이익(손실),2026-07-09
01390344,329180,HD현대중공업,2021,CFS,CF,영업활동현금흐름,"762,061,398,000",원천계정명: 영업활동으로 인한 순현금흐름,2026-07-09
01390344,329180,HD현대중공업,2021,CFS,BS,계약자산,"3,079,168,517,000",합산 원천계정: 계약자산|확정계약자산,2026-07-09
01390344,329180,HD현대중공업,2021,CFS,BS,계약부채,"2,628,387,149,000",합산 원천계정: 계약부채|장기계약부채|확정계약부채,2026-07-09
01390344,329180,HD현대중공업,2021,CFS,BS,매출채권,"1,071,373,380,000",합산 원천계정: 매출채권 및 기타채권|장기매출채권 및 기타채권,2026-07-09
01390344,329180,HD현대중공업,2021,CFS,BS,재고자산,"898,666,745,000",,2026-07-09
00633835,097230,HJ중공업,2025,CFS,IS,매출액,"1,999,705,000,000",,2026-07-09
00633835,097230,HJ중공업,2025,CFS,IS,영업이익,"67,074,000,000",원천계정명: 영업이익(손실),2026-07-09
00633835,097230,HJ중공업,2025,CFS,CF,영업활동현금흐름,"6,330,000,000",,2026-07-09
00633835,097230,HJ중공업,2025,CFS,BS,계약자산,"225,908,000,000",,2026-07-09
00633835,097230,HJ중공업,2025,CFS,BS,계약부채,"542,275,000,000",,2026-07-09
00633835,097230,HJ중공업,2025,CFS,BS,매출채권,"182,938,000,000","합산 원천계정: 매출채권|미수금|장기미수금, 총액|장기성매출채권",2026-07-09
00633835,097230,HJ중공업,2025,CFS,BS,재고자산,"115,769,000,000",,2026-07-09
00633835,097230,HJ중공업,2024,CFS,IS,매출액,"1,885,962,000,000",,2026-07-09
00633835,097230,HJ중공업,2024,CFS,IS,영업이익,"7,252,000,000",원천계정명: 영업이익(손실),2026-07-09
00633835,097230,HJ중공업,2024,CFS,CF,영업활동현금흐름,"-86,365,000,000",,2026-07-09
00633835,097230,HJ중공업,2024,CFS,BS,계약자산,"274,766,000,000",,2026-07-09
00633835,097230,HJ중공업,2024,CFS,BS,계약부채,"507,566,000,000",,2026-07-09
00633835,097230,HJ중공업,2024,CFS,BS,매출채권,"140,270,000,000","합산 원천계정: 매출채권|미수금|장기미수금, 총액|장기성매출채권",2026-07-09
00633835,097230,HJ중공업,2024,CFS,BS,재고자산,"105,441,000,000",,2026-07-09
00633835,097230,HJ중공업,2023,CFS,IS,매출액,"2,162,073,000,000",,2026-07-09
00633835,097230,HJ중공업,2023,CFS,IS,영업이익,"-108,787,000,000",원천계정명: 영업이익(손실),2026-07-09
00633835,097230,HJ중공업,2023,CFS,CF,영업활동현금흐름,"154,788,000,000",,2026-07-09
00633835,097230,HJ중공업,2023,CFS,BS,계약자산,"387,498,000,000",,2026-07-09
00633835,097230,HJ중공업,2023,CFS,BS,계약부채,"616,653,000,000",,2026-07-09
00633835,097230,HJ중공업,2023,CFS,BS,매출채권,"187,650,000,000",합산 원천계정: 매출채권|미수금|장기미수금|장기성매출채권,2026-07-09
00633835,097230,HJ중공업,2023,CFS,BS,재고자산,"135,297,000,000",,2026-07-09
00633835,097230,HJ중공업,2022,CFS,IS,매출액,"1,788,163,000,000",,2026-07-09
00633835,097230,HJ중공업,2022,CFS,IS,영업이익,"6,625,000,000",원천계정명: 영업이익(손실),2026-07-09
00633835,097230,HJ중공업,2022,CFS,CF,영업활동현금흐름,"84,575,000,000",,2026-07-09
00633835,097230,HJ중공업,2022,CFS,BS,계약자산,"233,295,000,000",,2026-07-09
00633835,097230,HJ중공업,2022,CFS,BS,계약부채,"472,547,000,000",,2026-07-09
00633835,097230,HJ중공업,2022,CFS,BS,매출채권,"191,243,000,000",합산 원천계정: 매출채권|미수금|장기매출채권|장기미수금,2026-07-09
00633835,097230,HJ중공업,2022,CFS,BS,재고자산,"200,698,000,000",,2026-07-09
00633835,097230,HJ중공업,2021,CFS,IS,매출액,"1,706,532,000,000",,2026-07-09
00633835,097230,HJ중공업,2021,CFS,IS,영업이익,"-108,991,000,000",원천계정명: 영업이익(손실),2026-07-09
00633835,097230,HJ중공업,2021,CFS,CF,영업활동현금흐름,"-110,633,000,000",,2026-07-09
00633835,097230,HJ중공업,2021,CFS,BS,계약자산,"267,748,000,000",,2026-07-09
00633835,097230,HJ중공업,2021,CFS,BS,계약부채,"298,803,000,000",,2026-07-09
00633835,097230,HJ중공업,2021,CFS,BS,매출채권,"126,285,000,000",합산 원천계정: 매출채권|미수금|장기매출채권|장기미수금,2026-07-09
00633835,097230,HJ중공업,2021,CFS,BS,재고자산,"147,110,000,000",,2026-07-09
00503668,079550,LIG디펜스앤에어로스페이스,2025,CFS,CIS,매출액,"4,306,936,127,418",원천계정명: 수익(매출액),2026-07-09
00503668,079550,LIG디펜스앤에어로스페이스,2025,CFS,CIS,영업이익,"319,442,306,790",원천계정명: 영업이익(손실),2026-07-09
00503668,079550,LIG디펜스앤에어로스페이스,2025,CFS,CF,영업활동현금흐름,"-584,305,263,675",,2026-07-09
00503668,079550,LIG디펜스앤에어로스페이스,2025,CFS,BS,계약자산,"1,070,682,241,300",원천계정명: 유동계약자산,2026-07-09
00503668,079550,LIG디펜스앤에어로스페이스,2025,CFS,BS,계약부채,"3,833,514,990,213",합산 원천계정: 비유동계약부채|유동계약부채,2026-07-09
00503668,079550,LIG디펜스앤에어로스페이스,2025,CFS,BS,매출채권,"521,341,453,400",합산 원천계정: 매출채권|비유동매출채권,2026-07-09
00503668,079550,LIG디펜스앤에어로스페이스,2025,CFS,BS,재고자산,"593,084,124,214",원천계정명: 유동재고자산,2026-07-09
00503668,079550,LIG디펜스앤에어로스페이스,2024,CFS,CIS,매출액,"3,276,339,508,425",원천계정명: 수익(매출액),2026-07-09
00503668,079550,LIG디펜스앤에어로스페이스,2024,CFS,CIS,영업이익,"229,779,392,271",원천계정명: 영업이익(손실),2026-07-09
00503668,079550,LIG디펜스앤에어로스페이스,2024,CFS,CF,영업활동현금흐름,"951,948,218,386",,2026-07-09
00503668,079550,LIG디펜스앤에어로스페이스,2024,CFS,BS,계약자산,"458,999,591,583",원천계정명: 유동계약자산,2026-07-09
00503668,079550,LIG디펜스앤에어로스페이스,2024,CFS,BS,계약부채,"3,459,097,413,931",합산 원천계정: 비유동계약부채|유동계약부채,2026-07-09
00503668,079550,LIG디펜스앤에어로스페이스,2024,CFS,BS,매출채권,"368,858,021,663",합산 원천계정: 매출채권|비유동매출채권,2026-07-09
00503668,079550,LIG디펜스앤에어로스페이스,2024,CFS,BS,재고자산,"363,527,737,579",원천계정명: 유동재고자산,2026-07-09
00503668,079550,LIG디펜스앤에어로스페이스,2023,CFS,CIS,매출액,"2,308,571,092,877",원천계정명: 수익(매출액),2026-07-09
00503668,079550,LIG디펜스앤에어로스페이스,2023,CFS,CIS,영업이익,"186,378,438,940",원천계정명: 영업이익(손실),2026-07-09
00503668,079550,LIG디펜스앤에어로스페이스,2023,CFS,CF,영업활동현금흐름,"467,285,196,126",,2026-07-09
00503668,079550,LIG디펜스앤에어로스페이스,2023,CFS,BS,계약자산,"409,263,662,072",원천계정명: 유동계약자산,2026-07-09
00503668,079550,LIG디펜스앤에어로스페이스,2023,CFS,BS,계약부채,"1,856,623,972,398",원천계정명: 유동계약부채,2026-07-09
00503668,079550,LIG디펜스앤에어로스페이스,2023,CFS,BS,매출채권,"287,633,187,131",합산 원천계정: 매출채권|장기매출채권,2026-07-09
00503668,079550,LIG디펜스앤에어로스페이스,2023,CFS,BS,재고자산,"228,919,620,086",원천계정명: 유동재고자산,2026-07-09
00503668,079550,LIG디펜스앤에어로스페이스,2022,CFS,CIS,매출액,"2,220,751,868,438",원천계정명: 수익(매출액),2026-07-09
00503668,079550,LIG디펜스앤에어로스페이스,2022,CFS,CIS,영업이익,"179,111,737,872",원천계정명: 영업이익(손실),2026-07-09
00503668,079550,LIG디펜스앤에어로스페이스,2022,CFS,CF,영업활동현금흐름,"456,521,222,995",,2026-07-09
00503668,079550,LIG디펜스앤에어로스페이스,2022,CFS,BS,계약자산,"435,351,382,992",원천계정명: 유동계약자산,2026-07-09
00503668,079550,LIG디펜스앤에어로스페이스,2022,CFS,BS,계약부채,"1,351,790,524,197",원천계정명: 유동계약부채,2026-07-09
00503668,079550,LIG디펜스앤에어로스페이스,2022,CFS,BS,매출채권,"187,160,947,756",,2026-07-09
00503668,079550,LIG디펜스앤에어로스페이스,2022,CFS,BS,재고자산,"230,836,873,287",,2026-07-09
00503668,079550,LIG디펜스앤에어로스페이스,2021,CFS,CIS,매출액,"1,822,194,315,440",원천계정명: 수익(매출액),2026-07-09
00503668,079550,LIG디펜스앤에어로스페이스,2021,CFS,CIS,영업이익,"97,201,006,836",원천계정명: 영업이익(손실),2026-07-09
00503668,079550,LIG디펜스앤에어로스페이스,2021,CFS,CF,영업활동현금흐름,"135,245,427,200",,2026-07-09
00503668,079550,LIG디펜스앤에어로스페이스,2021,CFS,BS,계약자산,"402,820,865,313",원천계정명: 유동계약자산,2026-07-09
00503668,079550,LIG디펜스앤에어로스페이스,2021,CFS,BS,계약부채,"878,663,245,965",원천계정명: 유동계약부채,2026-07-09
00503668,079550,LIG디펜스앤에어로스페이스,2021,CFS,BS,매출채권,"129,461,847,586",,2026-07-09
00503668,079550,LIG디펜스앤에어로스페이스,2021,CFS,BS,재고자산,"218,623,676,919",,2026-07-09
01078178,218410,RFHIC,2025,CFS,CIS,매출액,"185,803,786,324",,2026-07-09
01078178,218410,RFHIC,2025,CFS,CIS,영업이익,"30,889,493,523",,2026-07-09
01078178,218410,RFHIC,2025,CFS,CF,영업활동현금흐름,"29,499,225,878",,2026-07-09
01078178,218410,RFHIC,2025,,,계약자산,,"표준 매칭 없음, 유사계정: 계약부채|장기계약부채",2026-07-09
01078178,218410,RFHIC,2025,CFS,BS,계약부채,"52,574,083,908",합산 원천계정: 계약부채|장기계약부채,2026-07-09
01078178,218410,RFHIC,2025,CFS,BS,매출채권,"46,527,006,122",합산 원천계정: 매출채권및기타채권|장기매출채권 및 기타비유동채권,2026-07-09
01078178,218410,RFHIC,2025,CFS,BS,재고자산,"88,708,201,471",,2026-07-09
01078178,218410,RFHIC,2024,CFS,CIS,매출액,"114,875,963,020",원천계정명: 수익(매출액),2026-07-09
01078178,218410,RFHIC,2024,CFS,CIS,영업이익,"1,529,788,265",원천계정명: 영업이익(손실),2026-07-09
01078178,218410,RFHIC,2024,CFS,CF,영업활동현금흐름,"32,421,992,405",,2026-07-09
01078178,218410,RFHIC,2024,,,계약자산,,"표준 매칭 없음, 유사계정: 계약부채|장기계약부채",2026-07-09
01078178,218410,RFHIC,2024,CFS,BS,계약부채,"37,492,560,481",합산 원천계정: 계약부채|장기계약부채,2026-07-09
01078178,218410,RFHIC,2024,CFS,BS,매출채권,"26,901,676,345",합산 원천계정: 매출채권및기타채권|장기매출채권및기타채권,2026-07-09
01078178,218410,RFHIC,2024,CFS,BS,재고자산,"75,009,158,166",,2026-07-09
01078178,218410,RFHIC,2023,CFS,CIS,매출액,"111,432,998,779",원천계정명: 수익(매출액),2026-07-09
01078178,218410,RFHIC,2023,CFS,CIS,영업이익,"303,024,279",원천계정명: 영업이익(손실),2026-07-09
01078178,218410,RFHIC,2023,CFS,CF,영업활동현금흐름,"15,959,063,595",,2026-07-09
01078178,218410,RFHIC,2023,,,계약자산,,"표준 매칭 없음, 유사계정: 계약부채",2026-07-09
01078178,218410,RFHIC,2023,CFS,BS,계약부채,"27,586,283,884",,2026-07-09
01078178,218410,RFHIC,2023,CFS,BS,매출채권,"18,443,351,138",합산 원천계정: 매출채권및기타채권|장기매출채권및기타채권,2026-07-09
01078178,218410,RFHIC,2023,CFS,BS,재고자산,"78,795,213,136",,2026-07-09
01078178,218410,RFHIC,2022,CFS,CIS,매출액,"108,032,898,603",원천계정명: 수익(매출액),2026-07-09
01078178,218410,RFHIC,2022,CFS,CIS,영업이익,"802,971,835",원천계정명: 영업이익(손실),2026-07-09
01078178,218410,RFHIC,2022,CFS,CF,영업활동현금흐름,"3,968,742,424",,2026-07-09
01078178,218410,RFHIC,2022,,,계약자산,,"표준 매칭 없음, 유사계정: 유동계약부채",2026-07-09
01078178,218410,RFHIC,2022,CFS,BS,계약부채,"20,814,419,391",원천계정명: 유동계약부채,2026-07-09
01078178,218410,RFHIC,2022,CFS,BS,매출채권,"19,408,340,199",합산 원천계정: 매출채권 및 기타유동채권|장기매출채권 및 기타비유동채권,2026-07-09
01078178,218410,RFHIC,2022,CFS,BS,재고자산,"83,184,461,798",,2026-07-09
01078178,218410,RFHIC,2021,CFS,CIS,매출액,"101,561,301,412",원천계정명: 수익(매출액),2026-07-09
01078178,218410,RFHIC,2021,CFS,CIS,영업이익,"4,363,911,122",원천계정명: 영업이익(손실),2026-07-09
01078178,218410,RFHIC,2021,CFS,CF,영업활동현금흐름,"22,097,622,804",,2026-07-09
01078178,218410,RFHIC,2021,,,계약자산,,"표준 매칭 없음, 유사계정: 유동계약부채",2026-07-09
01078178,218410,RFHIC,2021,CFS,BS,계약부채,"24,679,327,655",원천계정명: 유동계약부채,2026-07-09
01078178,218410,RFHIC,2021,CFS,BS,매출채권,"16,510,063,200",합산 원천계정: 매출채권 및 기타유동채권|장기매출채권 및 기타비유동채권,2026-07-09
01078178,218410,RFHIC,2021,CFS,BS,재고자산,"78,586,395,406",,2026-07-09
01343665,327260,RF머트리얼즈,2025,CFS,CIS,매출액,"64,084,381,231",,2026-07-09
01343665,327260,RF머트리얼즈,2025,CFS,CIS,영업이익,"7,370,290,585",원천계정명: 영업이익(손실),2026-07-09
01343665,327260,RF머트리얼즈,2025,CFS,CF,영업활동현금흐름,"7,160,653,825",,2026-07-09
01343665,327260,RF머트리얼즈,2025,,,계약자산,,"표준 매칭 없음, 유사계정: 계약부채",2026-07-09
01343665,327260,RF머트리얼즈,2025,CFS,BS,계약부채,"14,381,128,779",,2026-07-09
01343665,327260,RF머트리얼즈,2025,CFS,BS,매출채권,"16,700,090,516",합산 원천계정: 매출채권 및 기타유동채권|장기매출채권 및 기타비유동채권,2026-07-09
01343665,327260,RF머트리얼즈,2025,CFS,BS,재고자산,"14,865,993,812",,2026-07-09
01343665,327260,RF머트리얼즈,2024,CFS,CIS,매출액,"44,496,976,185",,2026-07-09
01343665,327260,RF머트리얼즈,2024,CFS,CIS,영업이익,"-1,452,952,139",원천계정명: 영업이익(손실),2026-07-09
01343665,327260,RF머트리얼즈,2024,CFS,CF,영업활동현금흐름,"2,005,448,558",,2026-07-09
01343665,327260,RF머트리얼즈,2024,,,계약자산,,"표준 매칭 없음, 유사계정: 계약부채",2026-07-09
01343665,327260,RF머트리얼즈,2024,CFS,BS,계약부채,"12,710,768,967",,2026-07-09
01343665,327260,RF머트리얼즈,2024,CFS,BS,매출채권,"11,068,279,017",합산 원천계정: 매출채권 및 기타유동채권|장기매출채권 및 기타비유동채권,2026-07-09
01343665,327260,RF머트리얼즈,2024,CFS,BS,재고자산,"11,946,651,070",,2026-07-09
01343665,327260,RF머트리얼즈,2023,CFS,CIS,매출액,"47,911,985,391",,2026-07-09
01343665,327260,RF머트리얼즈,2023,CFS,CIS,영업이익,"-34,626,044",원천계정명: 영업이익(손실),2026-07-09
01343665,327260,RF머트리얼즈,2023,CFS,CF,영업활동현금흐름,"5,180,473,165",,2026-07-09
01343665,327260,RF머트리얼즈,2023,,,계약자산,,"표준 매칭 없음, 유사계정: 계약부채",2026-07-09
01343665,327260,RF머트리얼즈,2023,CFS,BS,계약부채,"10,453,646,172",,2026-07-09
01343665,327260,RF머트리얼즈,2023,CFS,BS,매출채권,"7,397,326,796",합산 원천계정: 매출채권 및 기타유동채권|장기매출채권 및 기타비유동채권,2026-07-09
01343665,327260,RF머트리얼즈,2023,CFS,BS,재고자산,"11,265,265,133",,2026-07-09
01343665,327260,RF머트리얼즈,2022,CFS,CIS,매출액,"50,442,251,582",원천계정명: 수익(매출액),2026-07-09
01343665,327260,RF머트리얼즈,2022,CFS,CIS,영업이익,"2,733,808,458",원천계정명: 영업이익(손실),2026-07-09
01343665,327260,RF머트리얼즈,2022,CFS,CF,영업활동현금흐름,"4,596,666,029",,2026-07-09
01343665,327260,RF머트리얼즈,2022,,,계약자산,,"표준 매칭 없음, 유사계정: 유동계약부채",2026-07-09
01343665,327260,RF머트리얼즈,2022,CFS,BS,계약부채,"7,174,423,859",원천계정명: 유동계약부채,2026-07-09
01343665,327260,RF머트리얼즈,2022,CFS,BS,매출채권,"7,108,172,674",합산 원천계정: 매출채권 및 기타유동채권|장기매출채권 및 기타비유동채권,2026-07-09
01343665,327260,RF머트리얼즈,2022,CFS,BS,재고자산,"9,328,546,160",,2026-07-09
01343665,327260,RF머트리얼즈,2021,CFS,CIS,매출액,"37,771,227,715",원천계정명: 수익(매출액),2026-07-09
01343665,327260,RF머트리얼즈,2021,CFS,CIS,영업이익,"-28,083,434",원천계정명: 영업이익(손실),2026-07-09
01343665,327260,RF머트리얼즈,2021,CFS,CF,영업활동현금흐름,"3,963,890,558",,2026-07-09
01343665,327260,RF머트리얼즈,2021,,,계약자산,,"표준 매칭 없음, 유사계정: 유동계약부채",2026-07-09
01343665,327260,RF머트리얼즈,2021,CFS,BS,계약부채,"7,812,412,760",원천계정명: 유동계약부채,2026-07-09
01343665,327260,RF머트리얼즈,2021,CFS,BS,매출채권,"6,686,182,574",합산 원천계정: 매출채권 및 기타유동채권|장기매출채권 및 기타비유동채권,2026-07-09
01343665,327260,RF머트리얼즈,2021,CFS,BS,재고자산,"10,030,029,986",,2026-07-09
01286476,474610,RF시스템즈,2025,OFS,CIS,매출액,"38,174,363,248",원천계정명: 수익(매출액),2026-07-09
01286476,474610,RF시스템즈,2025,OFS,CIS,영업이익,"4,056,230,151",원천계정명: 영업이익(손실),2026-07-09
01286476,474610,RF시스템즈,2025,OFS,CF,영업활동현금흐름,"4,105,146,424",,2026-07-09
01286476,474610,RF시스템즈,2025,,,계약자산,,"표준 매칭 없음, 유사계정: 계약부채",2026-07-09
01286476,474610,RF시스템즈,2025,OFS,BS,계약부채,"14,261,746,131",,2026-07-09
01286476,474610,RF시스템즈,2025,OFS,BS,매출채권,"10,816,784,440",합산 원천계정: 매출채권 및 기타채권|장기매출채권 및 기타채권,2026-07-09
01286476,474610,RF시스템즈,2025,OFS,BS,재고자산,"9,655,918,815",,2026-07-09
01286476,474610,RF시스템즈,2024,OFS,CIS,매출액,"32,672,118,780",원천계정명: 수익(매출액),2026-07-09
01286476,474610,RF시스템즈,2024,OFS,CIS,영업이익,"1,685,721,027",원천계정명: 영업이익(손실),2026-07-09
01286476,474610,RF시스템즈,2024,OFS,CF,영업활동현금흐름,"1,211,618,909",,2026-07-09
01286476,474610,RF시스템즈,2024,,,계약자산,,"표준 매칭 없음, 유사계정: 계약부채",2026-07-09
01286476,474610,RF시스템즈,2024,OFS,BS,계약부채,"12,532,177,791",,2026-07-09
01286476,474610,RF시스템즈,2024,OFS,BS,매출채권,"7,993,803,564",합산 원천계정: 매출채권 및 기타유동채권|장기매출채권 및 기타비유동채권,2026-07-09
01286476,474610,RF시스템즈,2024,OFS,BS,재고자산,"6,994,200,303",,2026-07-09
01286476,474610,RF시스템즈,2023,,,매출액,,해당 연도 원천 재무제표 없음 (보유연도: 2024|2025),2026-07-09
01286476,474610,RF시스템즈,2023,,,영업이익,,해당 연도 원천 재무제표 없음 (보유연도: 2024|2025),2026-07-09
01286476,474610,RF시스템즈,2023,,,영업활동현금흐름,,해당 연도 원천 재무제표 없음 (보유연도: 2024|2025),2026-07-09
01286476,474610,RF시스템즈,2023,,,계약자산,,해당 연도 원천 재무제표 없음 (보유연도: 2024|2025),2026-07-09
01286476,474610,RF시스템즈,2023,,,계약부채,,해당 연도 원천 재무제표 없음 (보유연도: 2024|2025),2026-07-09
01286476,474610,RF시스템즈,2023,,,매출채권,,해당 연도 원천 재무제표 없음 (보유연도: 2024|2025),2026-07-09
01286476,474610,RF시스템즈,2023,,,재고자산,,해당 연도 원천 재무제표 없음 (보유연도: 2024|2025),2026-07-09
01286476,474610,RF시스템즈,2022,,,매출액,,해당 연도 원천 재무제표 없음 (보유연도: 2024|2025),2026-07-09
01286476,474610,RF시스템즈,2022,,,영업이익,,해당 연도 원천 재무제표 없음 (보유연도: 2024|2025),2026-07-09
01286476,474610,RF시스템즈,2022,,,영업활동현금흐름,,해당 연도 원천 재무제표 없음 (보유연도: 2024|2025),2026-07-09
01286476,474610,RF시스템즈,2022,,,계약자산,,해당 연도 원천 재무제표 없음 (보유연도: 2024|2025),2026-07-09
01286476,474610,RF시스템즈,2022,,,계약부채,,해당 연도 원천 재무제표 없음 (보유연도: 2024|2025),2026-07-09
01286476,474610,RF시스템즈,2022,,,매출채권,,해당 연도 원천 재무제표 없음 (보유연도: 2024|2025),2026-07-09
01286476,474610,RF시스템즈,2022,,,재고자산,,해당 연도 원천 재무제표 없음 (보유연도: 2024|2025),2026-07-09
01286476,474610,RF시스템즈,2021,,,매출액,,해당 연도 원천 재무제표 없음 (보유연도: 2024|2025),2026-07-09
01286476,474610,RF시스템즈,2021,,,영업이익,,해당 연도 원천 재무제표 없음 (보유연도: 2024|2025),2026-07-09
01286476,474610,RF시스템즈,2021,,,영업활동현금흐름,,해당 연도 원천 재무제표 없음 (보유연도: 2024|2025),2026-07-09
01286476,474610,RF시스템즈,2021,,,계약자산,,해당 연도 원천 재무제표 없음 (보유연도: 2024|2025),2026-07-09
01286476,474610,RF시스템즈,2021,,,계약부채,,해당 연도 원천 재무제표 없음 (보유연도: 2024|2025),2026-07-09
01286476,474610,RF시스템즈,2021,,,매출채권,,해당 연도 원천 재무제표 없음 (보유연도: 2024|2025),2026-07-09
01286476,474610,RF시스템즈,2021,,,재고자산,,해당 연도 원천 재무제표 없음 (보유연도: 2024|2025),2026-07-09
00134477,003570,SNT다이내믹스,2025,CFS,CIS,매출액,"712,021,619,474",,2026-07-09
00134477,003570,SNT다이내믹스,2025,CFS,CIS,영업이익,"85,457,001,419",,2026-07-09
00134477,003570,SNT다이내믹스,2025,CFS,CF,영업활동현금흐름,"-59,125,830,346",원천계정명: 영업활동으로 인한 현금흐름,2026-07-09
00134477,003570,SNT다이내믹스,2025,,,계약자산,,해당 연도 재무제표에 해당 계정 없음,2026-07-09
00134477,003570,SNT다이내믹스,2025,,,계약부채,,해당 연도 재무제표에 해당 계정 없음,2026-07-09
00134477,003570,SNT다이내믹스,2025,CFS,BS,매출채권,"190,421,528,501",합산 원천계정: 매출채권및기타채권|장기매출채권및기타채권,2026-07-09
00134477,003570,SNT다이내믹스,2025,CFS,BS,재고자산,"163,603,373,060",,2026-07-09
00134477,003570,SNT다이내믹스,2024,CFS,CIS,매출액,"614,453,293,151",,2026-07-09
00134477,003570,SNT다이내믹스,2024,CFS,CIS,영업이익,"110,508,614,595",,2026-07-09
00134477,003570,SNT다이내믹스,2024,CFS,CF,영업활동현금흐름,"-10,025,232,083",원천계정명: 영업활동으로 인한 현금흐름,2026-07-09
00134477,003570,SNT다이내믹스,2024,,,계약자산,,해당 연도 재무제표에 해당 계정 없음,2026-07-09
00134477,003570,SNT다이내믹스,2024,,,계약부채,,해당 연도 재무제표에 해당 계정 없음,2026-07-09
00134477,003570,SNT다이내믹스,2024,CFS,BS,매출채권,"87,932,599,759",합산 원천계정: 매출채권및기타채권|장기매출채권및기타채권,2026-07-09
00134477,003570,SNT다이내믹스,2024,CFS,BS,재고자산,"128,288,671,062",,2026-07-09
00134477,003570,SNT다이내믹스,2023,CFS,CIS,매출액,"485,954,273,334",,2026-07-09
00134477,003570,SNT다이내믹스,2023,CFS,CIS,영업이익,"41,595,970,398",원천계정명: 영업이익(손실),2026-07-09
00134477,003570,SNT다이내믹스,2023,CFS,CF,영업활동현금흐름,"108,924,475,855",,2026-07-09
00134477,003570,SNT다이내믹스,2023,,,계약자산,,해당 연도 재무제표에 해당 계정 없음,2026-07-09
00134477,003570,SNT다이내믹스,2023,,,계약부채,,해당 연도 재무제표에 해당 계정 없음,2026-07-09
00134477,003570,SNT다이내믹스,2023,CFS,BS,매출채권,"112,076,079,488",합산 원천계정: 매출채권 및 기타채권|장기매출채권 및 기타채권,2026-07-09
00134477,003570,SNT다이내믹스,2023,CFS,BS,재고자산,"110,637,606,165",,2026-07-09
00134477,003570,SNT다이내믹스,2022,CFS,CIS,매출액,"408,024,698,269",,2026-07-09
00134477,003570,SNT다이내믹스,2022,CFS,CIS,영업이익,"25,764,818,854",원천계정명: 영업이익(손실),2026-07-09
00134477,003570,SNT다이내믹스,2022,CFS,CF,영업활동현금흐름,"19,209,350,641",,2026-07-09
00134477,003570,SNT다이내믹스,2022,,,계약자산,,해당 연도 재무제표에 해당 계정 없음,2026-07-09
00134477,003570,SNT다이내믹스,2022,,,계약부채,,해당 연도 재무제표에 해당 계정 없음,2026-07-09
00134477,003570,SNT다이내믹스,2022,CFS,BS,매출채권,"100,954,040,352",합산 원천계정: 매출채권 및 기타채권|장기매출채권 및 기타채권,2026-07-09
00134477,003570,SNT다이내믹스,2022,CFS,BS,재고자산,"130,164,845,940",,2026-07-09
00134477,003570,SNT다이내믹스,2021,CFS,CIS,매출액,"335,954,012,592",,2026-07-09
00134477,003570,SNT다이내믹스,2021,CFS,CIS,영업이익,"20,587,466,954",원천계정명: 영업이익(손실),2026-07-09
00134477,003570,SNT다이내믹스,2021,CFS,CF,영업활동현금흐름,"1,598,438,949",,2026-07-09
00134477,003570,SNT다이내믹스,2021,,,계약자산,,해당 연도 재무제표에 해당 계정 없음,2026-07-09
00134477,003570,SNT다이내믹스,2021,,,계약부채,,해당 연도 재무제표에 해당 계정 없음,2026-07-09
00134477,003570,SNT다이내믹스,2021,CFS,BS,매출채권,"56,764,595,214",합산 원천계정: 매출채권 및 기타채권|장기매출채권 및 기타채권,2026-07-09
00134477,003570,SNT다이내믹스,2021,CFS,BS,재고자산,"86,190,432,452",,2026-07-09
00398792,064960,SNT모티브,2025,CFS,CIS,매출액,"1,006,373,968,570",,2026-07-09
00398792,064960,SNT모티브,2025,CFS,CIS,영업이익,"102,552,954,912",,2026-07-09
00398792,064960,SNT모티브,2025,CFS,CF,영업활동현금흐름,"73,771,249,147",원천계정명: 영업활동으로인한현금흐름,2026-07-09
00398792,064960,SNT모티브,2025,,,계약자산,,해당 연도 재무제표에 해당 계정 없음,2026-07-09
00398792,064960,SNT모티브,2025,,,계약부채,,해당 연도 재무제표에 해당 계정 없음,2026-07-09
00398792,064960,SNT모티브,2025,CFS,BS,매출채권,"197,701,416,714",합산 원천계정: 매출채권 및 기타유동채권|장기매출채권및기타채권,2026-07-09
00398792,064960,SNT모티브,2025,CFS,BS,재고자산,"167,574,509,462",,2026-07-09
00398792,064960,SNT모티브,2024,CFS,CIS,매출액,"968,898,049,440",,2026-07-09
00398792,064960,SNT모티브,2024,CFS,CIS,영업이익,"98,128,121,434",,2026-07-09
00398792,064960,SNT모티브,2024,CFS,CF,영업활동현금흐름,"130,073,380,804",원천계정명: 영업활동으로인한현금흐름,2026-07-09
00398792,064960,SNT모티브,2024,,,계약자산,,해당 연도 재무제표에 해당 계정 없음,2026-07-09
00398792,064960,SNT모티브,2024,,,계약부채,,해당 연도 재무제표에 해당 계정 없음,2026-07-09
00398792,064960,SNT모티브,2024,CFS,BS,매출채권,"202,312,849,322",합산 원천계정: 매출채권및기타채권|장기매출채권및기타채권,2026-07-09
00398792,064960,SNT모티브,2024,CFS,BS,재고자산,"157,819,209,699",,2026-07-09
00398792,064960,SNT모티브,2023,CFS,CIS,매출액,"1,136,280,172,201",원천계정명: 수익(매출액),2026-07-09
00398792,064960,SNT모티브,2023,CFS,CIS,영업이익,"116,628,673,833",,2026-07-09
00398792,064960,SNT모티브,2023,CFS,CF,영업활동현금흐름,"96,544,956,174",,2026-07-09
00398792,064960,SNT모티브,2023,,,계약자산,,해당 연도 재무제표에 해당 계정 없음,2026-07-09
00398792,064960,SNT모티브,2023,,,계약부채,,해당 연도 재무제표에 해당 계정 없음,2026-07-09
00398792,064960,SNT모티브,2023,CFS,BS,매출채권,"214,722,385,881",합산 원천계정: 매출채권 및 기타유동채권|장기매출채권 및 기타비유동채권,2026-07-09
00398792,064960,SNT모티브,2023,CFS,BS,재고자산,"164,498,214,056",원천계정명: 유동재고자산,2026-07-09
00398792,064960,SNT모티브,2022,CFS,CIS,매출액,"1,044,860,611,248",원천계정명: 수익(매출액),2026-07-09
00398792,064960,SNT모티브,2022,CFS,CIS,영업이익,"111,925,067,671",,2026-07-09
00398792,064960,SNT모티브,2022,CFS,CF,영업활동현금흐름,"108,541,712,300",,2026-07-09
00398792,064960,SNT모티브,2022,,,계약자산,,해당 연도 재무제표에 해당 계정 없음,2026-07-09
00398792,064960,SNT모티브,2022,,,계약부채,,해당 연도 재무제표에 해당 계정 없음,2026-07-09
00398792,064960,SNT모티브,2022,CFS,BS,매출채권,"246,376,269,501",합산 원천계정: 매출채권 및 기타유동채권|장기매출채권 및 기타비유동채권,2026-07-09
00398792,064960,SNT모티브,2022,CFS,BS,재고자산,"168,732,408,437",,2026-07-09
00398792,064960,SNT모티브,2021,CFS,CIS,매출액,"941,744,683,893",원천계정명: 수익(매출액),2026-07-09
00398792,064960,SNT모티브,2021,CFS,CIS,영업이익,"91,595,252,246",,2026-07-09
00398792,064960,SNT모티브,2021,CFS,CF,영업활동현금흐름,"59,647,721,979",,2026-07-09
00398792,064960,SNT모티브,2021,,,계약자산,,해당 연도 재무제표에 해당 계정 없음,2026-07-09
00398792,064960,SNT모티브,2021,,,계약부채,,해당 연도 재무제표에 해당 계정 없음,2026-07-09
00398792,064960,SNT모티브,2021,CFS,BS,매출채권,"175,133,785,443",합산 원천계정: 매출채권 및 기타유동채권|장기매출채권 및 기타비유동채권,2026-07-09
00398792,064960,SNT모티브,2021,CFS,BS,재고자산,"140,024,135,917",,2026-07-09
00480455,077970,STX엔진,2025,CFS,CIS,매출액,"789,341,914,687",,2026-07-09
00480455,077970,STX엔진,2025,CFS,CIS,영업이익,"69,592,939,476",원천계정명: 영업이익(손실),2026-07-09
00480455,077970,STX엔진,2025,CFS,CF,영업활동현금흐름,"72,871,045,623",원천계정명: 영업활동 현금흐름,2026-07-09
00480455,077970,STX엔진,2025,CFS,BS,계약자산,"24,268,637,182",,2026-07-09
00480455,077970,STX엔진,2025,CFS,BS,계약부채,"16,414,208,068",,2026-07-09
00480455,077970,STX엔진,2025,CFS,BS,매출채권,"143,478,026,065",합산 원천계정: 기타채권|매출채권|장기매출채권,2026-07-09
00480455,077970,STX엔진,2025,CFS,BS,재고자산,"337,393,697,123",,2026-07-09
00480455,077970,STX엔진,2024,CFS,CIS,매출액,"724,609,807,886",,2026-07-09
00480455,077970,STX엔진,2024,CFS,CIS,영업이익,"42,236,835,042",원천계정명: 영업이익(손실),2026-07-09
00480455,077970,STX엔진,2024,CFS,CF,영업활동현금흐름,"36,712,198,026",원천계정명: 영업활동 현금흐름,2026-07-09
00480455,077970,STX엔진,2024,CFS,BS,계약자산,"10,372,017,605",합산 원천계정: 계약자산|확정계약자산,2026-07-09
00480455,077970,STX엔진,2024,CFS,BS,계약부채,"21,720,439,839",합산 원천계정: 계약부채|확정계약부채,2026-07-09
00480455,077970,STX엔진,2024,CFS,BS,매출채권,"94,222,889,758",합산 원천계정: 기타채권|매출채권|장기매출채권,2026-07-09
00480455,077970,STX엔진,2024,CFS,BS,재고자산,"276,995,241,590",,2026-07-09
00480455,077970,STX엔진,2023,CFS,CIS,매출액,"630,377,000,000",,2026-07-09
00480455,077970,STX엔진,2023,CFS,CIS,영업이익,"18,868,000,000",원천계정명: 영업이익(손실),2026-07-09
00480455,077970,STX엔진,2023,CFS,CF,영업활동현금흐름,"-13,277,000,000",,2026-07-09
00480455,077970,STX엔진,2023,CFS,BS,계약자산,"6,051,000,000",합산 원천계정: 계약자산|확정계약자산,2026-07-09
00480455,077970,STX엔진,2023,CFS,BS,계약부채,"13,439,000,000",합산 원천계정: 계약부채|확정계약부채,2026-07-09
00480455,077970,STX엔진,2023,CFS,BS,매출채권,"140,581,000,000",합산 원천계정: 기타채권|매출채권|장기매출채권,2026-07-09
00480455,077970,STX엔진,2023,CFS,BS,재고자산,"205,831,000,000",,2026-07-09
00480455,077970,STX엔진,2022,CFS,CIS,매출액,"544,021,000,000",,2026-07-09
00480455,077970,STX엔진,2022,CFS,CIS,영업이익,"-8,816,000,000",원천계정명: 영업손익,2026-07-09
00480455,077970,STX엔진,2022,CFS,CF,영업활동현금흐름,"26,578,000,000",,2026-07-09
00480455,077970,STX엔진,2022,CFS,BS,계약자산,"16,067,000,000",합산 원천계정: 계약자산|확정계약자산,2026-07-09
00480455,077970,STX엔진,2022,CFS,BS,계약부채,"25,313,000,000",합산 원천계정: 계약부채|유동확정계약부채,2026-07-09
00480455,077970,STX엔진,2022,CFS,BS,매출채권,"114,840,000,000",합산 원천계정: 기타채권|매출채권|장기매출채권,2026-07-09
00480455,077970,STX엔진,2022,CFS,BS,재고자산,"188,620,000,000",,2026-07-09
00480455,077970,STX엔진,2021,CFS,CIS,매출액,"493,455,000,000",,2026-07-09
00480455,077970,STX엔진,2021,CFS,CIS,영업이익,"3,644,000,000",원천계정명: 영업손익,2026-07-09
00480455,077970,STX엔진,2021,CFS,CF,영업활동현금흐름,"18,199,000,000",,2026-07-09
00480455,077970,STX엔진,2021,CFS,BS,계약자산,"17,017,000,000",합산 원천계정: 계약자산|비유동확정계약자산|확정계약자산,2026-07-09
00480455,077970,STX엔진,2021,CFS,BS,계약부채,"19,819,000,000",,2026-07-09
00480455,077970,STX엔진,2021,CFS,BS,매출채권,"100,624,000,000",합산 원천계정: 기타채권|매출채권|장기성기타채권|장기성매출채권,2026-07-09
00480455,077970,STX엔진,2021,CFS,BS,재고자산,"181,566,000,000",,2026-07-09
00677486,0015G0,그린광학,2025,CFS,CIS,매출액,"41,751,906,908",,2026-07-09
00677486,0015G0,그린광학,2025,CFS,CIS,영업이익,"2,202,413,577",원천계정명: 영업이익(손실),2026-07-09
00677486,0015G0,그린광학,2025,CFS,CF,영업활동현금흐름,"-8,073,349,902",,2026-07-09
00677486,0015G0,그린광학,2025,,,계약자산,,"표준 매칭 없음, 유사계정: 유동계약부채|비유동계약부채",2026-07-09
00677486,0015G0,그린광학,2025,CFS,BS,계약부채,"11,268,919,971",합산 원천계정: 비유동계약부채|유동계약부채,2026-07-09
00677486,0015G0,그린광학,2025,CFS,BS,매출채권,"8,434,112,669",원천계정명: 매출채권 및 기타채권,2026-07-09
00677486,0015G0,그린광학,2025,CFS,BS,재고자산,"29,762,587,745",,2026-07-09
00677486,0015G0,그린광학,2024,,,매출액,,해당 연도 원천 재무제표 없음 (보유연도: 2025),2026-07-09
00677486,0015G0,그린광학,2024,,,영업이익,,해당 연도 원천 재무제표 없음 (보유연도: 2025),2026-07-09
00677486,0015G0,그린광학,2024,,,영업활동현금흐름,,해당 연도 원천 재무제표 없음 (보유연도: 2025),2026-07-09
00677486,0015G0,그린광학,2024,,,계약자산,,해당 연도 원천 재무제표 없음 (보유연도: 2025),2026-07-09
00677486,0015G0,그린광학,2024,,,계약부채,,해당 연도 원천 재무제표 없음 (보유연도: 2025),2026-07-09
00677486,0015G0,그린광학,2024,,,매출채권,,해당 연도 원천 재무제표 없음 (보유연도: 2025),2026-07-09
00677486,0015G0,그린광학,2024,,,재고자산,,해당 연도 원천 재무제표 없음 (보유연도: 2025),2026-07-09
00677486,0015G0,그린광학,2023,,,매출액,,해당 연도 원천 재무제표 없음 (보유연도: 2025),2026-07-09
00677486,0015G0,그린광학,2023,,,영업이익,,해당 연도 원천 재무제표 없음 (보유연도: 2025),2026-07-09
00677486,0015G0,그린광학,2023,,,영업활동현금흐름,,해당 연도 원천 재무제표 없음 (보유연도: 2025),2026-07-09
00677486,0015G0,그린광학,2023,,,계약자산,,해당 연도 원천 재무제표 없음 (보유연도: 2025),2026-07-09
00677486,0015G0,그린광학,2023,,,계약부채,,해당 연도 원천 재무제표 없음 (보유연도: 2025),2026-07-09
00677486,0015G0,그린광학,2023,,,매출채권,,해당 연도 원천 재무제표 없음 (보유연도: 2025),2026-07-09
00677486,0015G0,그린광학,2023,,,재고자산,,해당 연도 원천 재무제표 없음 (보유연도: 2025),2026-07-09
00677486,0015G0,그린광학,2022,,,매출액,,해당 연도 원천 재무제표 없음 (보유연도: 2025),2026-07-09
00677486,0015G0,그린광학,2022,,,영업이익,,해당 연도 원천 재무제표 없음 (보유연도: 2025),2026-07-09
00677486,0015G0,그린광학,2022,,,영업활동현금흐름,,해당 연도 원천 재무제표 없음 (보유연도: 2025),2026-07-09
00677486,0015G0,그린광학,2022,,,계약자산,,해당 연도 원천 재무제표 없음 (보유연도: 2025),2026-07-09
00677486,0015G0,그린광학,2022,,,계약부채,,해당 연도 원천 재무제표 없음 (보유연도: 2025),2026-07-09
00677486,0015G0,그린광학,2022,,,매출채권,,해당 연도 원천 재무제표 없음 (보유연도: 2025),2026-07-09
00677486,0015G0,그린광학,2022,,,재고자산,,해당 연도 원천 재무제표 없음 (보유연도: 2025),2026-07-09
00677486,0015G0,그린광학,2021,,,매출액,,해당 연도 원천 재무제표 없음 (보유연도: 2025),2026-07-09
00677486,0015G0,그린광학,2021,,,영업이익,,해당 연도 원천 재무제표 없음 (보유연도: 2025),2026-07-09
00677486,0015G0,그린광학,2021,,,영업활동현금흐름,,해당 연도 원천 재무제표 없음 (보유연도: 2025),2026-07-09
00677486,0015G0,그린광학,2021,,,계약자산,,해당 연도 원천 재무제표 없음 (보유연도: 2025),2026-07-09
00677486,0015G0,그린광학,2021,,,계약부채,,해당 연도 원천 재무제표 없음 (보유연도: 2025),2026-07-09
00677486,0015G0,그린광학,2021,,,매출채권,,해당 연도 원천 재무제표 없음 (보유연도: 2025),2026-07-09
00677486,0015G0,그린광학,2021,,,재고자산,,해당 연도 원천 재무제표 없음 (보유연도: 2025),2026-07-09
00258421,035460,기산텔레콤,2025,CFS,CIS,매출액,"99,473,228,556",원천계정명: 수익(매출액),2026-07-09
00258421,035460,기산텔레콤,2025,CFS,CIS,영업이익,"8,077,508,374",원천계정명: 영업이익(손실),2026-07-09
00258421,035460,기산텔레콤,2025,CFS,CF,영업활동현금흐름,"-3,495,443,494",,2026-07-09
00258421,035460,기산텔레콤,2025,,,계약자산,,해당 연도 재무제표에 해당 계정 없음,2026-07-09
00258421,035460,기산텔레콤,2025,,,계약부채,,해당 연도 재무제표에 해당 계정 없음,2026-07-09
00258421,035460,기산텔레콤,2025,CFS,BS,매출채권,"35,112,112,065","합산 원천계정: 매출채권 및 기타유동채권|장기매출채권 및 기타비유동채권, 총액",2026-07-09
00258421,035460,기산텔레콤,2025,CFS,BS,재고자산,"27,771,841,334",원천계정명: 유동재고자산,2026-07-09
00258421,035460,기산텔레콤,2024,CFS,CIS,매출액,"93,077,993,766",원천계정명: 수익(매출액),2026-07-09
00258421,035460,기산텔레콤,2024,CFS,CIS,영업이익,"4,946,654,869",원천계정명: 영업이익(손실),2026-07-09
00258421,035460,기산텔레콤,2024,CFS,CF,영업활동현금흐름,"12,438,295,117",,2026-07-09
00258421,035460,기산텔레콤,2024,,,계약자산,,해당 연도 재무제표에 해당 계정 없음,2026-07-09
00258421,035460,기산텔레콤,2024,,,계약부채,,해당 연도 재무제표에 해당 계정 없음,2026-07-09
00258421,035460,기산텔레콤,2024,CFS,BS,매출채권,"20,635,776,286","합산 원천계정: 매출채권 및 기타유동채권|장기매출채권 및 기타비유동채권, 총액",2026-07-09
00258421,035460,기산텔레콤,2024,CFS,BS,재고자산,"27,028,881,618",원천계정명: 유동재고자산,2026-07-09
00258421,035460,기산텔레콤,2023,CFS,CIS,매출액,"73,884,674,502",원천계정명: 수익(매출액),2026-07-09
00258421,035460,기산텔레콤,2023,CFS,CIS,영업이익,"4,410,201,203",원천계정명: 영업이익(손실),2026-07-09
00258421,035460,기산텔레콤,2023,CFS,CF,영업활동현금흐름,"537,974,839",,2026-07-09
00258421,035460,기산텔레콤,2023,,,계약자산,,해당 연도 재무제표에 해당 계정 없음,2026-07-09
00258421,035460,기산텔레콤,2023,,,계약부채,,해당 연도 재무제표에 해당 계정 없음,2026-07-09
00258421,035460,기산텔레콤,2023,CFS,BS,매출채권,"13,037,585,946",합산 원천계정: 매출채권 및 기타유동채권|장기매출채권 및 기타비유동채권,2026-07-09
00258421,035460,기산텔레콤,2023,CFS,BS,재고자산,"34,423,894,885",원천계정명: 유동재고자산,2026-07-09
00258421,035460,기산텔레콤,2022,CFS,CIS,매출액,"67,802,637,797",원천계정명: 수익(매출액),2026-07-09
00258421,035460,기산텔레콤,2022,CFS,CIS,영업이익,"4,615,718,774",원천계정명: 영업이익(손실),2026-07-09
00258421,035460,기산텔레콤,2022,CFS,CF,영업활동현금흐름,"-3,773,399,196",,2026-07-09
00258421,035460,기산텔레콤,2022,,,계약자산,,해당 연도 재무제표에 해당 계정 없음,2026-07-09
00258421,035460,기산텔레콤,2022,,,계약부채,,해당 연도 재무제표에 해당 계정 없음,2026-07-09
00258421,035460,기산텔레콤,2022,CFS,BS,매출채권,"18,706,779,516",합산 원천계정: 매출채권 및 기타유동채권|장기매출채권 및 기타비유동채권,2026-07-09
00258421,035460,기산텔레콤,2022,CFS,BS,재고자산,"22,407,875,329",,2026-07-09
00258421,035460,기산텔레콤,2021,CFS,CIS,매출액,"61,875,159,635",원천계정명: 수익(매출액),2026-07-09
00258421,035460,기산텔레콤,2021,CFS,CIS,영업이익,"-992,643,976",원천계정명: 영업이익(손실),2026-07-09
00258421,035460,기산텔레콤,2021,CFS,CF,영업활동현금흐름,"1,309,335,501",,2026-07-09
00258421,035460,기산텔레콤,2021,,,계약자산,,해당 연도 재무제표에 해당 계정 없음,2026-07-09
00258421,035460,기산텔레콤,2021,,,계약부채,,해당 연도 재무제표에 해당 계정 없음,2026-07-09
00258421,035460,기산텔레콤,2021,CFS,BS,매출채권,"15,909,113,742",합산 원천계정: 매출채권 및 기타유동채권|장기매출채권 및 기타비유동채권,2026-07-09
00258421,035460,기산텔레콤,2021,CFS,BS,재고자산,"17,041,259,015",,2026-07-09
00106641,000270,기아,2025,CFS,IS,매출액,"114,140,919,000,000",,2026-07-09
00106641,000270,기아,2025,CFS,IS,영업이익,"9,078,148,000,000",,2026-07-09
00106641,000270,기아,2025,CFS,CF,영업활동현금흐름,"9,054,140,000,000",,2026-07-09
00106641,000270,기아,2025,,,계약자산,,해당 연도 재무제표에 해당 계정 없음,2026-07-09
00106641,000270,기아,2025,,,계약부채,,해당 연도 재무제표에 해당 계정 없음,2026-07-09
00106641,000270,기아,2025,CFS,BS,매출채권,"6,782,352,000,000",합산 원천계정: 단기 매출채권|단기 미수금|장기 매출채권,2026-07-09
00106641,000270,기아,2025,CFS,BS,재고자산,"14,666,201,000,000",,2026-07-09
00106641,000270,기아,2024,CFS,IS,매출액,"107,448,752,000,000",,2026-07-09
00106641,000270,기아,2024,CFS,IS,영업이익,"12,667,139,000,000",,2026-07-09
00106641,000270,기아,2024,CFS,CF,영업활동현금흐름,"12,564,368,000,000",,2026-07-09
00106641,000270,기아,2024,,,계약자산,,해당 연도 재무제표에 해당 계정 없음,2026-07-09
00106641,000270,기아,2024,,,계약부채,,해당 연도 재무제표에 해당 계정 없음,2026-07-09
00106641,000270,기아,2024,CFS,BS,매출채권,"6,719,028,000,000",합산 원천계정: 매출채권|미수금|장기성매출채권,2026-07-09
00106641,000270,기아,2024,CFS,BS,재고자산,"12,419,084,000,000",,2026-07-09
00106641,000270,기아,2023,CFS,IS,매출액,"99,808,420,000,000",,2026-07-09
00106641,000270,기아,2023,CFS,IS,영업이익,"11,607,873,000,000",,2026-07-09
00106641,000270,기아,2023,CFS,CF,영업활동현금흐름,"11,296,526,000,000",,2026-07-09
00106641,000270,기아,2023,,,계약자산,,해당 연도 재무제표에 해당 계정 없음,2026-07-09
00106641,000270,기아,2023,,,계약부채,,해당 연도 재무제표에 해당 계정 없음,2026-07-09
00106641,000270,기아,2023,CFS,BS,매출채권,"2,478,670,000,000",합산 원천계정: 매출채권|장기성매출채권,2026-07-09
00106641,000270,기아,2023,CFS,BS,재고자산,"11,272,875,000,000",,2026-07-09
00106641,000270,기아,2022,CFS,IS,매출액,"86,559,029,000,000",,2026-07-09
00106641,000270,기아,2022,CFS,IS,영업이익,"7,233,120,000,000",,2026-07-09
00106641,000270,기아,2022,CFS,CF,영업활동현금흐름,"9,333,186,000,000",,2026-07-09
00106641,000270,기아,2022,,,계약자산,,해당 연도 재무제표에 해당 계정 없음,2026-07-09
00106641,000270,기아,2022,,,계약부채,,해당 연도 재무제표에 해당 계정 없음,2026-07-09
00106641,000270,기아,2022,CFS,BS,매출채권,"4,770,556,000,000",합산 원천계정: 매출채권|미수금|장기성매출채권,2026-07-09
00106641,000270,기아,2022,CFS,BS,재고자산,"9,103,825,000,000",,2026-07-09
00106641,000270,기아,2021,CFS,IS,매출액,"69,862,366,000,000",,2026-07-09
00106641,000270,기아,2021,CFS,IS,영업이익,"5,065,685,000,000",,2026-07-09
00106641,000270,기아,2021,CFS,CF,영업활동현금흐름,"7,359,670,000,000",,2026-07-09
00106641,000270,기아,2021,,,계약자산,,해당 연도 재무제표에 해당 계정 없음,2026-07-09
00106641,000270,기아,2021,,,계약부채,,해당 연도 재무제표에 해당 계정 없음,2026-07-09
00106641,000270,기아,2021,CFS,BS,매출채권,"3,741,537,000,000",합산 원천계정: 매출채권|미수금|장기성매출채권,2026-07-09
00106641,000270,기아,2021,CFS,BS,재고자산,"7,087,685,000,000",,2026-07-09
01787355,478340,나라스페이스테크놀로지,2025,OFS,CIS,매출액,"13,236,859,805",,2026-07-09
01787355,478340,나라스페이스테크놀로지,2025,OFS,CIS,영업이익,"-5,460,961,314",원천계정명: 영업이익(손실),2026-07-09
01787355,478340,나라스페이스테크놀로지,2025,OFS,CF,영업활동현금흐름,"-3,529,463,523",,2026-07-09
01787355,478340,나라스페이스테크놀로지,2025,OFS,BS,계약자산,"21,539,783",,2026-07-09
01787355,478340,나라스페이스테크놀로지,2025,OFS,BS,계약부채,"3,316,126,649",합산 원천계정: 계약부채|비유동계약부채,2026-07-09
01787355,478340,나라스페이스테크놀로지,2025,OFS,BS,매출채권,"79,036,504",,2026-07-09
01787355,478340,나라스페이스테크놀로지,2025,OFS,BS,재고자산,"2,308,232,609",,2026-07-09
01787355,478340,나라스페이스테크놀로지,2024,,,매출액,,해당 연도 원천 재무제표 없음 (보유연도: 2025),2026-07-09
01787355,478340,나라스페이스테크놀로지,2024,,,영업이익,,해당 연도 원천 재무제표 없음 (보유연도: 2025),2026-07-09
01787355,478340,나라스페이스테크놀로지,2024,,,영업활동현금흐름,,해당 연도 원천 재무제표 없음 (보유연도: 2025),2026-07-09
01787355,478340,나라스페이스테크놀로지,2024,,,계약자산,,해당 연도 원천 재무제표 없음 (보유연도: 2025),2026-07-09
01787355,478340,나라스페이스테크놀로지,2024,,,계약부채,,해당 연도 원천 재무제표 없음 (보유연도: 2025),2026-07-09
01787355,478340,나라스페이스테크놀로지,2024,,,매출채권,,해당 연도 원천 재무제표 없음 (보유연도: 2025),2026-07-09
01787355,478340,나라스페이스테크놀로지,2024,,,재고자산,,해당 연도 원천 재무제표 없음 (보유연도: 2025),2026-07-09
01787355,478340,나라스페이스테크놀로지,2023,,,매출액,,해당 연도 원천 재무제표 없음 (보유연도: 2025),2026-07-09
01787355,478340,나라스페이스테크놀로지,2023,,,영업이익,,해당 연도 원천 재무제표 없음 (보유연도: 2025),2026-07-09
01787355,478340,나라스페이스테크놀로지,2023,,,영업활동현금흐름,,해당 연도 원천 재무제표 없음 (보유연도: 2025),2026-07-09
01787355,478340,나라스페이스테크놀로지,2023,,,계약자산,,해당 연도 원천 재무제표 없음 (보유연도: 2025),2026-07-09
01787355,478340,나라스페이스테크놀로지,2023,,,계약부채,,해당 연도 원천 재무제표 없음 (보유연도: 2025),2026-07-09
01787355,478340,나라스페이스테크놀로지,2023,,,매출채권,,해당 연도 원천 재무제표 없음 (보유연도: 2025),2026-07-09
01787355,478340,나라스페이스테크놀로지,2023,,,재고자산,,해당 연도 원천 재무제표 없음 (보유연도: 2025),2026-07-09
01787355,478340,나라스페이스테크놀로지,2022,,,매출액,,해당 연도 원천 재무제표 없음 (보유연도: 2025),2026-07-09
01787355,478340,나라스페이스테크놀로지,2022,,,영업이익,,해당 연도 원천 재무제표 없음 (보유연도: 2025),2026-07-09
01787355,478340,나라스페이스테크놀로지,2022,,,영업활동현금흐름,,해당 연도 원천 재무제표 없음 (보유연도: 2025),2026-07-09
01787355,478340,나라스페이스테크놀로지,2022,,,계약자산,,해당 연도 원천 재무제표 없음 (보유연도: 2025),2026-07-09
01787355,478340,나라스페이스테크놀로지,2022,,,계약부채,,해당 연도 원천 재무제표 없음 (보유연도: 2025),2026-07-09
01787355,478340,나라스페이스테크놀로지,2022,,,매출채권,,해당 연도 원천 재무제표 없음 (보유연도: 2025),2026-07-09
01787355,478340,나라스페이스테크놀로지,2022,,,재고자산,,해당 연도 원천 재무제표 없음 (보유연도: 2025),2026-07-09
01787355,478340,나라스페이스테크놀로지,2021,,,매출액,,해당 연도 원천 재무제표 없음 (보유연도: 2025),2026-07-09
01787355,478340,나라스페이스테크놀로지,2021,,,영업이익,,해당 연도 원천 재무제표 없음 (보유연도: 2025),2026-07-09
01787355,478340,나라스페이스테크놀로지,2021,,,영업활동현금흐름,,해당 연도 원천 재무제표 없음 (보유연도: 2025),2026-07-09
01787355,478340,나라스페이스테크놀로지,2021,,,계약자산,,해당 연도 원천 재무제표 없음 (보유연도: 2025),2026-07-09
01787355,478340,나라스페이스테크놀로지,2021,,,계약부채,,해당 연도 원천 재무제표 없음 (보유연도: 2025),2026-07-09
01787355,478340,나라스페이스테크놀로지,2021,,,매출채권,,해당 연도 원천 재무제표 없음 (보유연도: 2025),2026-07-09
01787355,478340,나라스페이스테크놀로지,2021,,,재고자산,,해당 연도 원천 재무제표 없음 (보유연도: 2025),2026-07-09
00577335,129920,대성하이텍,2025,CFS,CIS,매출액,"95,216,185,446",원천계정명: 수익(매출액),2026-07-09
00577335,129920,대성하이텍,2025,CFS,CIS,영업이익,"-2,295,340,664",원천계정명: 영업이익(손실),2026-07-09
00577335,129920,대성하이텍,2025,CFS,CF,영업활동현금흐름,"-4,788,624,940",,2026-07-09
00577335,129920,대성하이텍,2025,,,계약자산,,해당 연도 재무제표에 해당 계정 없음,2026-07-09
00577335,129920,대성하이텍,2025,,,계약부채,,해당 연도 재무제표에 해당 계정 없음,2026-07-09
00577335,129920,대성하이텍,2025,CFS,BS,매출채권,"24,648,100,844",,2026-07-09
00577335,129920,대성하이텍,2025,CFS,BS,재고자산,"51,564,034,069",원천계정명: 유동재고자산,2026-07-09
00577335,129920,대성하이텍,2024,CFS,CIS,매출액,"92,831,306,875",원천계정명: 수익(매출액),2026-07-09
00577335,129920,대성하이텍,2024,CFS,CIS,영업이익,"-13,136,615,453",원천계정명: 영업이익(손실),2026-07-09
00577335,129920,대성하이텍,2024,CFS,CF,영업활동현금흐름,"4,154,983,440",,2026-07-09
00577335,129920,대성하이텍,2024,,,계약자산,,해당 연도 재무제표에 해당 계정 없음,2026-07-09
00577335,129920,대성하이텍,2024,,,계약부채,,해당 연도 재무제표에 해당 계정 없음,2026-07-09
00577335,129920,대성하이텍,2024,CFS,BS,매출채권,"21,342,741,015",,2026-07-09
00577335,129920,대성하이텍,2024,CFS,BS,재고자산,"58,777,054,753",원천계정명: 유동재고자산,2026-07-09
00577335,129920,대성하이텍,2023,CFS,CIS,매출액,"92,797,688,898",원천계정명: 수익(매출액),2026-07-09
00577335,129920,대성하이텍,2023,CFS,CIS,영업이익,"-6,581,048,283",원천계정명: 영업이익(손실),2026-07-09
00577335,129920,대성하이텍,2023,CFS,CF,영업활동현금흐름,"-18,315,386,082",,2026-07-09
00577335,129920,대성하이텍,2023,,,계약자산,,해당 연도 재무제표에 해당 계정 없음,2026-07-09
00577335,129920,대성하이텍,2023,,,계약부채,,해당 연도 재무제표에 해당 계정 없음,2026-07-09
00577335,129920,대성하이텍,2023,CFS,BS,매출채권,"31,897,743,013",,2026-07-09
00577335,129920,대성하이텍,2023,CFS,BS,재고자산,"65,481,436,785",원천계정명: 유동재고자산,2026-07-09
00577335,129920,대성하이텍,2022,CFS,CIS,매출액,"128,372,242,344",원천계정명: 수익(매출액),2026-07-09
00577335,129920,대성하이텍,2022,CFS,CIS,영업이익,"11,477,824,071",원천계정명: 영업이익(손실),2026-07-09
00577335,129920,대성하이텍,2022,CFS,CF,영업활동현금흐름,"-2,838,796,849",,2026-07-09
00577335,129920,대성하이텍,2022,,,계약자산,,해당 연도 재무제표에 해당 계정 없음,2026-07-09
00577335,129920,대성하이텍,2022,,,계약부채,,해당 연도 재무제표에 해당 계정 없음,2026-07-09
00577335,129920,대성하이텍,2022,CFS,BS,매출채권,"25,507,087,083",,2026-07-09
00577335,129920,대성하이텍,2022,CFS,BS,재고자산,"61,124,178,611",,2026-07-09
00577335,129920,대성하이텍,2021,,,매출액,,해당 연도 원천 재무제표 없음 (보유연도: 2022|2023|2024|2025),2026-07-09
00577335,129920,대성하이텍,2021,,,영업이익,,해당 연도 원천 재무제표 없음 (보유연도: 2022|2023|2024|2025),2026-07-09
00577335,129920,대성하이텍,2021,,,영업활동현금흐름,,해당 연도 원천 재무제표 없음 (보유연도: 2022|2023|2024|2025),2026-07-09
00577335,129920,대성하이텍,2021,,,계약자산,,해당 연도 원천 재무제표 없음 (보유연도: 2022|2023|2024|2025),2026-07-09
00577335,129920,대성하이텍,2021,,,계약부채,,해당 연도 원천 재무제표 없음 (보유연도: 2022|2023|2024|2025),2026-07-09
00577335,129920,대성하이텍,2021,,,매출채권,,해당 연도 원천 재무제표 없음 (보유연도: 2022|2023|2024|2025),2026-07-09
00577335,129920,대성하이텍,2021,,,재고자산,,해당 연도 원천 재무제표 없음 (보유연도: 2022|2023|2024|2025),2026-07-09
00113526,003490,대한항공,2025,CFS,CIS,매출액,"25,225,542,379,502",원천계정명: 매출,2026-07-09
00113526,003490,대한항공,2025,CFS,CIS,영업이익,"1,113,589,428,051",,2026-07-09
00113526,003490,대한항공,2025,CFS,CF,영업활동현금흐름,"4,075,191,178,550",원천계정명: 영업활동으로 인한 현금흐름,2026-07-09
00113526,003490,대한항공,2025,CFS,BS,계약자산,"109,383,517,796",원천계정명: 미청구공사,2026-07-09
00113526,003490,대한항공,2025,CFS,BS,계약부채,"3,807,360,724,557",합산 원천계정: 유동성이연수익|이연수익|초과청구공사,2026-07-09
00113526,003490,대한항공,2025,CFS,BS,매출채권,"2,254,295,125,369",합산 원천계정: 리스채권|매출채권및기타채권|유동성리스채권|장기매출채권및기타채권,2026-07-09
00113526,003490,대한항공,2025,CFS,BS,재고자산,"1,448,919,064,257",,2026-07-09
00113526,003490,대한항공,2024,CFS,CIS,매출액,"17,870,718,495,804",원천계정명: 영업수익,2026-07-09
00113526,003490,대한항공,2024,CFS,CIS,영업이익,"2,110,200,077,994",원천계정명: 영업이익(손실),2026-07-09
00113526,003490,대한항공,2024,CFS,CF,영업활동현금흐름,"4,558,915,095,322",원천계정명: 영업활동으로 인한 현금흐름,2026-07-09
00113526,003490,대한항공,2024,CFS,BS,계약자산,"5,082,986,159",원천계정명: 미청구공사,2026-07-09
00113526,003490,대한항공,2024,CFS,BS,계약부채,"3,563,251,351,549",합산 원천계정: 유동성이연수익|이연수익|초과청구공사,2026-07-09
00113526,003490,대한항공,2024,CFS,BS,매출채권,"1,981,704,035,268",합산 원천계정: 리스채권|매출채권및기타채권|유동성리스채권|장기매출채권및기타채권,2026-07-09
00113526,003490,대한항공,2024,CFS,BS,재고자산,"1,170,692,607,613",,2026-07-09
00113526,003490,대한항공,2023,CFS,CIS,매출액,"16,111,796,106,147",원천계정명: 매출,2026-07-09
00113526,003490,대한항공,2023,CFS,CIS,영업이익,"1,790,089,190,805",원천계정명: 영업이익(손실),2026-07-09
00113526,003490,대한항공,2023,CFS,CF,영업활동현금흐름,"4,092,464,601,394",원천계정명: 영업활동으로 인한 현금흐름,2026-07-09
00113526,003490,대한항공,2023,CFS,BS,계약자산,"2,780,161,849",원천계정명: 미청구공사,2026-07-09
00113526,003490,대한항공,2023,CFS,BS,계약부채,"2,511,737,311,598",합산 원천계정: 유동성이연수익|이연수익|초과청구공사,2026-07-09
00113526,003490,대한항공,2023,CFS,BS,매출채권,"1,403,087,070,050",합산 원천계정: 리스채권|매출채권및기타채권|유동성리스채권|장기매출채권및기타채권,2026-07-09
00113526,003490,대한항공,2023,CFS,BS,재고자산,"853,580,309,361",,2026-07-09
00113526,003490,대한항공,2022,CFS,CIS,매출액,"14,096,094,819,146",원천계정명: 매출,2026-07-09
00113526,003490,대한항공,2022,CFS,CIS,영업이익,"2,830,586,753,727",원천계정명: 영업이익(손실),2026-07-09
00113526,003490,대한항공,2022,CFS,CF,영업활동현금흐름,"5,572,422,138,746",원천계정명: 영업활동으로 인한 현금흐름,2026-07-09
00113526,003490,대한항공,2022,CFS,BS,계약자산,"14,429,312,300",원천계정명: 미청구공사,2026-07-09
00113526,003490,대한항공,2022,CFS,BS,계약부채,"2,563,186,001,201",합산 원천계정: 유동성이연수익|이연수익|초과청구공사,2026-07-09
00113526,003490,대한항공,2022,CFS,BS,매출채권,"1,514,425,740,478",합산 원천계정: 리스채권|매출채권및기타채권|유동성리스채권|장기매출채권 및 기타채권,2026-07-09
00113526,003490,대한항공,2022,CFS,BS,재고자산,"730,074,501,912",,2026-07-09
00113526,003490,대한항공,2021,CFS,CIS,매출액,"9,016,824,640,301",원천계정명: 매출,2026-07-09
00113526,003490,대한항공,2021,CFS,CIS,영업이익,"1,417,968,632,826",원천계정명: 영업이익(손실),2026-07-09
00113526,003490,대한항공,2021,CFS,CF,영업활동현금흐름,"3,514,195,624,777",원천계정명: 영업활동으로 인한 현금흐름,2026-07-09
00113526,003490,대한항공,2021,CFS,BS,계약자산,"32,138,582,496",원천계정명: 미청구공사,2026-07-09
00113526,003490,대한항공,2021,CFS,BS,계약부채,"2,595,608,830,611",합산 원천계정: 유동성이연수익|이연수익|초과청구공사,2026-07-09
00113526,003490,대한항공,2021,CFS,BS,매출채권,"1,457,811,248,467",합산 원천계정: 리스채권|매출채권및기타채권|유동성리스채권|장기매출채권 및 기타채권,2026-07-09
00113526,003490,대한항공,2021,CFS,BS,재고자산,"597,063,639,357",,2026-07-09
00154718,082920,비츠로셀,2025,CFS,CIS,매출액,"243,082,541,135",,2026-07-09
00154718,082920,비츠로셀,2025,CFS,CIS,영업이익,"69,267,801,066",,2026-07-09
00154718,082920,비츠로셀,2025,CFS,CF,영업활동현금흐름,"63,585,597,685",,2026-07-09
00154718,082920,비츠로셀,2025,,,계약자산,,해당 연도 재무제표에 해당 계정 없음,2026-07-09
00154718,082920,비츠로셀,2025,,,계약부채,,해당 연도 재무제표에 해당 계정 없음,2026-07-09
00154718,082920,비츠로셀,2025,CFS,BS,매출채권,"50,308,132,358",원천계정명: 매출채권 및 기타채권,2026-07-09
00154718,082920,비츠로셀,2025,CFS,BS,재고자산,"58,622,665,377",,2026-07-09
00154718,082920,비츠로셀,2024,CFS,CIS,매출액,"210,779,361,832",,2026-07-09
00154718,082920,비츠로셀,2024,CFS,CIS,영업이익,"51,910,636,695",,2026-07-09
00154718,082920,비츠로셀,2024,CFS,CF,영업활동현금흐름,"59,770,374,275",,2026-07-09
00154718,082920,비츠로셀,2024,,,계약자산,,해당 연도 재무제표에 해당 계정 없음,2026-07-09
00154718,082920,비츠로셀,2024,,,계약부채,,해당 연도 재무제표에 해당 계정 없음,2026-07-09
00154718,082920,비츠로셀,2024,CFS,BS,매출채권,"43,477,357,298",원천계정명: 매출채권 및 기타채권,2026-07-09
00154718,082920,비츠로셀,2024,CFS,BS,재고자산,"46,114,718,376",,2026-07-09
00154718,082920,비츠로셀,2023,CFS,CIS,매출액,"176,220,480,964",원천계정명: 수익(매출액),2026-07-09
00154718,082920,비츠로셀,2023,CFS,CIS,영업이익,"37,690,323,911",,2026-07-09
00154718,082920,비츠로셀,2023,CFS,CF,영업활동현금흐름,"38,803,959,577",,2026-07-09
00154718,082920,비츠로셀,2023,,,계약자산,,해당 연도 재무제표에 해당 계정 없음,2026-07-09
00154718,082920,비츠로셀,2023,,,계약부채,,해당 연도 재무제표에 해당 계정 없음,2026-07-09
00154718,082920,비츠로셀,2023,CFS,BS,매출채권,"39,098,616,712",합산 원천계정: 매출채권 및 기타유동채권|장기매출채권 및 기타비유동채권,2026-07-09
00154718,082920,비츠로셀,2023,CFS,BS,재고자산,"40,335,191,752",,2026-07-09
00154718,082920,비츠로셀,2022,CFS,CIS,매출액,"140,980,940,372",원천계정명: 수익(매출액),2026-07-09
00154718,082920,비츠로셀,2022,CFS,CIS,영업이익,"28,825,464,743",원천계정명: 영업이익(손실),2026-07-09
00154718,082920,비츠로셀,2022,CFS,CF,영업활동현금흐름,"26,499,147,888",,2026-07-09
00154718,082920,비츠로셀,2022,,,계약자산,,해당 연도 재무제표에 해당 계정 없음,2026-07-09
00154718,082920,비츠로셀,2022,,,계약부채,,해당 연도 재무제표에 해당 계정 없음,2026-07-09
00154718,082920,비츠로셀,2022,CFS,BS,매출채권,"22,129,044,741",합산 원천계정: 매출채권 및 기타유동채권|장기매출채권 및 기타비유동채권,2026-07-09
00154718,082920,비츠로셀,2022,CFS,BS,재고자산,"43,656,541,502",,2026-07-09
00154718,082920,비츠로셀,2021,CFS,CIS,매출액,"113,249,924,593",원천계정명: 수익(매출액),2026-07-09
00154718,082920,비츠로셀,2021,CFS,CIS,영업이익,"17,422,339,204",원천계정명: 영업이익(손실),2026-07-09
00154718,082920,비츠로셀,2021,CFS,CF,영업활동현금흐름,"25,156,496,971",,2026-07-09
00154718,082920,비츠로셀,2021,,,계약자산,,해당 연도 재무제표에 해당 계정 없음,2026-07-09
00154718,082920,비츠로셀,2021,,,계약부채,,해당 연도 재무제표에 해당 계정 없음,2026-07-09
00154718,082920,비츠로셀,2021,CFS,BS,매출채권,"18,387,911,956",합산 원천계정: 매출채권 및 기타유동채권|장기매출채권 및 기타비유동채권,2026-07-09
00154718,082920,비츠로셀,2021,CFS,BS,재고자산,"31,253,020,982",,2026-07-09
00385363,065450,빅텍,2025,CFS,IS,매출액,"82,956,728,421",,2026-07-09
00385363,065450,빅텍,2025,CFS,IS,영업이익,"4,373,560,135",원천계정명: 영업이익(손실),2026-07-09
00385363,065450,빅텍,2025,CFS,CF,영업활동현금흐름,"9,095,811,131",,2026-07-09
00385363,065450,빅텍,2025,CFS,BS,계약자산,"1,907,546,781",,2026-07-09
00385363,065450,빅텍,2025,CFS,BS,계약부채,"19,527,386,098",,2026-07-09
00385363,065450,빅텍,2025,CFS,BS,매출채권,"3,102,963,408",합산 원천계정: 기타비유동채권|매출채권 및 기타유동채권|부가가치세대급금,2026-07-09
00385363,065450,빅텍,2025,CFS,BS,재고자산,"31,450,801,135",,2026-07-09
00385363,065450,빅텍,2024,CFS,IS,매출액,"71,488,568,458",,2026-07-09
00385363,065450,빅텍,2024,CFS,IS,영업이익,"1,818,525,608",원천계정명: 영업이익(손실),2026-07-09
00385363,065450,빅텍,2024,CFS,CF,영업활동현금흐름,"11,261,592,624",,2026-07-09
00385363,065450,빅텍,2024,CFS,BS,계약자산,"3,076,456,501",,2026-07-09
00385363,065450,빅텍,2024,CFS,BS,계약부채,"13,034,998,112",,2026-07-09
00385363,065450,빅텍,2024,CFS,BS,매출채권,"8,635,750,831",합산 원천계정: 기타비유동채권|매출채권 및 기타유동채권|부가가치세대급금,2026-07-09
00385363,065450,빅텍,2024,CFS,BS,재고자산,"17,684,104,402",,2026-07-09
00385363,065450,빅텍,2023,OFS,IS,매출액,"54,928,577,801",,2026-07-09
00385363,065450,빅텍,2023,OFS,IS,영업이익,"-4,338,006,419",원천계정명: 영업이익(손실),2026-07-09
00385363,065450,빅텍,2023,OFS,CF,영업활동현금흐름,"-18,647,220,742",,2026-07-09
00385363,065450,빅텍,2023,OFS,BS,계약자산,"2,652,590,061",,2026-07-09
00385363,065450,빅텍,2023,OFS,BS,계약부채,"6,369,860,240",,2026-07-09
00385363,065450,빅텍,2023,OFS,BS,매출채권,"9,615,973,239",합산 원천계정: 기타비유동채권|매출채권및기타유동채권|부가가치세대급금,2026-07-09
00385363,065450,빅텍,2023,OFS,BS,재고자산,"19,627,186,088",,2026-07-09
00385363,065450,빅텍,2022,OFS,IS,매출액,"74,374,891,497",,2026-07-09
00385363,065450,빅텍,2022,OFS,IS,영업이익,"1,652,772,174",원천계정명: 영업이익(손실),2026-07-09
00385363,065450,빅텍,2022,OFS,CF,영업활동현금흐름,"15,785,481,123",,2026-07-09
00385363,065450,빅텍,2022,OFS,BS,계약자산,"767,028,434",,2026-07-09
00385363,065450,빅텍,2022,OFS,BS,계약부채,"13,853,247,308",,2026-07-09
00385363,065450,빅텍,2022,OFS,BS,매출채권,"3,152,843,057",합산 원천계정: 기타비유동채권|매출채권 및 기타유동채권|부가가치세대급금,2026-07-09
00385363,065450,빅텍,2022,OFS,BS,재고자산,"16,336,864,373",,2026-07-09
00385363,065450,빅텍,2021,OFS,IS,매출액,"102,466,113,395",,2026-07-09
00385363,065450,빅텍,2021,OFS,IS,영업이익,"7,132,930,977",원천계정명: 영업이익(손실),2026-07-09
00385363,065450,빅텍,2021,OFS,CF,영업활동현금흐름,"-3,017,717,852",,2026-07-09
00385363,065450,빅텍,2021,OFS,BS,계약자산,"4,274,905,536",,2026-07-09
00385363,065450,빅텍,2021,OFS,BS,계약부채,"23,604,138,230",,2026-07-09
00385363,065450,빅텍,2021,OFS,BS,매출채권,"6,088,258,702",합산 원천계정: 기타비유동채권|매출채권 및 기타유동채권|부가가치세대급금,2026-07-09
00385363,065450,빅텍,2021,OFS,BS,재고자산,"32,766,031,482",,2026-07-09
00359261,072950,빛샘전자,2025,CFS,CIS,매출액,"120,858,537,424",원천계정명: 수익(매출액),2026-07-09
00359261,072950,빛샘전자,2025,CFS,CIS,영업이익,"8,989,504,942",원천계정명: 영업이익(손실),2026-07-09
00359261,072950,빛샘전자,2025,CFS,CF,영업활동현금흐름,"2,807,982,861",,2026-07-09
00359261,072950,빛샘전자,2025,,,계약자산,,해당 연도 재무제표에 해당 계정 없음,2026-07-09
00359261,072950,빛샘전자,2025,,,계약부채,,해당 연도 재무제표에 해당 계정 없음,2026-07-09
00359261,072950,빛샘전자,2025,CFS,BS,매출채권,"17,740,947,249",원천계정명: 매출채권 및 기타유동채권,2026-07-09
00359261,072950,빛샘전자,2025,CFS,BS,재고자산,"33,111,668,727",원천계정명: 유동재고자산,2026-07-09
00359261,072950,빛샘전자,2024,CFS,CIS,매출액,"85,120,717,267",원천계정명: 수익(매출액),2026-07-09
00359261,072950,빛샘전자,2024,CFS,CIS,영업이익,"5,073,498,356",원천계정명: 영업이익(손실),2026-07-09
00359261,072950,빛샘전자,2024,CFS,CF,영업활동현금흐름,"2,300,906,268",,2026-07-09
00359261,072950,빛샘전자,2024,,,계약자산,,해당 연도 재무제표에 해당 계정 없음,2026-07-09
00359261,072950,빛샘전자,2024,,,계약부채,,해당 연도 재무제표에 해당 계정 없음,2026-07-09
00359261,072950,빛샘전자,2024,CFS,BS,매출채권,"14,326,650,038",원천계정명: 매출채권 및 기타유동채권,2026-07-09
00359261,072950,빛샘전자,2024,CFS,BS,재고자산,"24,264,623,276",원천계정명: 유동재고자산,2026-07-09
00359261,072950,빛샘전자,2023,CFS,CIS,매출액,"74,104,681,649",원천계정명: 수익(매출액),2026-07-09
00359261,072950,빛샘전자,2023,CFS,CIS,영업이익,"3,667,606,421",원천계정명: 영업이익(손실),2026-07-09
00359261,072950,빛샘전자,2023,CFS,CF,영업활동현금흐름,"4,312,066,126",,2026-07-09
00359261,072950,빛샘전자,2023,,,계약자산,,해당 연도 재무제표에 해당 계정 없음,2026-07-09
00359261,072950,빛샘전자,2023,,,계약부채,,해당 연도 재무제표에 해당 계정 없음,2026-07-09
00359261,072950,빛샘전자,2023,CFS,BS,매출채권,"9,705,791,630",원천계정명: 매출채권 및 기타유동채권,2026-07-09
00359261,072950,빛샘전자,2023,CFS,BS,재고자산,"7,761,950,098",원천계정명: 유동재고자산,2026-07-09
00359261,072950,빛샘전자,2022,CFS,CIS,매출액,"93,008,781,370",원천계정명: 수익(매출액),2026-07-09
00359261,072950,빛샘전자,2022,CFS,CIS,영업이익,"2,517,704,911",원천계정명: 영업이익(손실),2026-07-09
00359261,072950,빛샘전자,2022,CFS,CF,영업활동현금흐름,"5,605,715,193",,2026-07-09
00359261,072950,빛샘전자,2022,,,계약자산,,해당 연도 재무제표에 해당 계정 없음,2026-07-09
00359261,072950,빛샘전자,2022,,,계약부채,,해당 연도 재무제표에 해당 계정 없음,2026-07-09
00359261,072950,빛샘전자,2022,CFS,BS,매출채권,"10,396,993,935",원천계정명: 매출채권 및 기타유동채권,2026-07-09
00359261,072950,빛샘전자,2022,CFS,BS,재고자산,"8,155,360,714",,2026-07-09
00359261,072950,빛샘전자,2021,CFS,CIS,매출액,"81,783,273,565",원천계정명: 수익(매출액),2026-07-09
00359261,072950,빛샘전자,2021,CFS,CIS,영업이익,"4,042,976,106",원천계정명: 영업이익(손실),2026-07-09
00359261,072950,빛샘전자,2021,CFS,CF,영업활동현금흐름,"1,207,386,096",,2026-07-09
00359261,072950,빛샘전자,2021,,,계약자산,,"표준 매칭 없음, 유사계정: 단기미청구공사",2026-07-09
00359261,072950,빛샘전자,2021,,,계약부채,,"표준 매칭 없음, 유사계정: 단기초과청구공사",2026-07-09
00359261,072950,빛샘전자,2021,CFS,BS,매출채권,"10,324,852,127",원천계정명: 매출채권 및 기타유동채권,2026-07-09
00359261,072950,빛샘전자,2021,CFS,BS,재고자산,"9,745,038,142",,2026-07-09
00141583,484590,삼양컴텍,2025,OFS,CIS,매출액,"154,607,270,230",,2026-07-09
00141583,484590,삼양컴텍,2025,OFS,CIS,영업이익,"26,631,015,664",원천계정명: 영업이익(손실),2026-07-09
00141583,484590,삼양컴텍,2025,OFS,CF,영업활동현금흐름,"17,696,005,047",,2026-07-09
00141583,484590,삼양컴텍,2025,OFS,BS,계약자산,"418,920,237",,2026-07-09
00141583,484590,삼양컴텍,2025,,,계약부채,,"표준 매칭 없음, 유사계정: 계약자산",2026-07-09
00141583,484590,삼양컴텍,2025,OFS,BS,매출채권,"34,914,789,456",합산 원천계정: 매출채권 및 기타유동채권|장기매출채권 및 기타비유동채권,2026-07-09
00141583,484590,삼양컴텍,2025,OFS,BS,재고자산,"48,056,135,336",,2026-07-09
00141583,484590,삼양컴텍,2024,,,매출액,,해당 연도 원천 재무제표 없음 (보유연도: 2025),2026-07-09
00141583,484590,삼양컴텍,2024,,,영업이익,,해당 연도 원천 재무제표 없음 (보유연도: 2025),2026-07-09
00141583,484590,삼양컴텍,2024,,,영업활동현금흐름,,해당 연도 원천 재무제표 없음 (보유연도: 2025),2026-07-09
00141583,484590,삼양컴텍,2024,,,계약자산,,해당 연도 원천 재무제표 없음 (보유연도: 2025),2026-07-09
00141583,484590,삼양컴텍,2024,,,계약부채,,해당 연도 원천 재무제표 없음 (보유연도: 2025),2026-07-09
00141583,484590,삼양컴텍,2024,,,매출채권,,해당 연도 원천 재무제표 없음 (보유연도: 2025),2026-07-09
00141583,484590,삼양컴텍,2024,,,재고자산,,해당 연도 원천 재무제표 없음 (보유연도: 2025),2026-07-09
00141583,484590,삼양컴텍,2023,,,매출액,,해당 연도 원천 재무제표 없음 (보유연도: 2025),2026-07-09
00141583,484590,삼양컴텍,2023,,,영업이익,,해당 연도 원천 재무제표 없음 (보유연도: 2025),2026-07-09
00141583,484590,삼양컴텍,2023,,,영업활동현금흐름,,해당 연도 원천 재무제표 없음 (보유연도: 2025),2026-07-09
00141583,484590,삼양컴텍,2023,,,계약자산,,해당 연도 원천 재무제표 없음 (보유연도: 2025),2026-07-09
00141583,484590,삼양컴텍,2023,,,계약부채,,해당 연도 원천 재무제표 없음 (보유연도: 2025),2026-07-09
00141583,484590,삼양컴텍,2023,,,매출채권,,해당 연도 원천 재무제표 없음 (보유연도: 2025),2026-07-09
00141583,484590,삼양컴텍,2023,,,재고자산,,해당 연도 원천 재무제표 없음 (보유연도: 2025),2026-07-09
00141583,484590,삼양컴텍,2022,,,매출액,,해당 연도 원천 재무제표 없음 (보유연도: 2025),2026-07-09
00141583,484590,삼양컴텍,2022,,,영업이익,,해당 연도 원천 재무제표 없음 (보유연도: 2025),2026-07-09
00141583,484590,삼양컴텍,2022,,,영업활동현금흐름,,해당 연도 원천 재무제표 없음 (보유연도: 2025),2026-07-09
00141583,484590,삼양컴텍,2022,,,계약자산,,해당 연도 원천 재무제표 없음 (보유연도: 2025),2026-07-09
00141583,484590,삼양컴텍,2022,,,계약부채,,해당 연도 원천 재무제표 없음 (보유연도: 2025),2026-07-09
00141583,484590,삼양컴텍,2022,,,매출채권,,해당 연도 원천 재무제표 없음 (보유연도: 2025),2026-07-09
00141583,484590,삼양컴텍,2022,,,재고자산,,해당 연도 원천 재무제표 없음 (보유연도: 2025),2026-07-09
00141583,484590,삼양컴텍,2021,,,매출액,,해당 연도 원천 재무제표 없음 (보유연도: 2025),2026-07-09
00141583,484590,삼양컴텍,2021,,,영업이익,,해당 연도 원천 재무제표 없음 (보유연도: 2025),2026-07-09
00141583,484590,삼양컴텍,2021,,,영업활동현금흐름,,해당 연도 원천 재무제표 없음 (보유연도: 2025),2026-07-09
00141583,484590,삼양컴텍,2021,,,계약자산,,해당 연도 원천 재무제표 없음 (보유연도: 2025),2026-07-09
00141583,484590,삼양컴텍,2021,,,계약부채,,해당 연도 원천 재무제표 없음 (보유연도: 2025),2026-07-09
00141583,484590,삼양컴텍,2021,,,매출채권,,해당 연도 원천 재무제표 없음 (보유연도: 2025),2026-07-09
00141583,484590,삼양컴텍,2021,,,재고자산,,해당 연도 원천 재무제표 없음 (보유연도: 2025),2026-07-09
00288343,065570,삼영이엔씨,2025,OFS,CIS,매출액,"33,261,463,483",,2026-07-09
00288343,065570,삼영이엔씨,2025,OFS,CIS,영업이익,"-194,608,893",원천계정명: 영업이익(손실),2026-07-09
00288343,065570,삼영이엔씨,2025,OFS,CF,영업활동현금흐름,"-6,602,203,262",,2026-07-09
00288343,065570,삼영이엔씨,2025,,,계약자산,,해당 연도 재무제표에 해당 계정 없음,2026-07-09
00288343,065570,삼영이엔씨,2025,,,계약부채,,해당 연도 재무제표에 해당 계정 없음,2026-07-09
00288343,065570,삼영이엔씨,2025,OFS,BS,매출채권,"6,363,687,312",합산 원천계정: 기타비유동수취채권|기타유동수취채권|매출채권,2026-07-09
00288343,065570,삼영이엔씨,2025,OFS,BS,재고자산,"19,833,542,548",,2026-07-09
00288343,065570,삼영이엔씨,2024,OFS,CIS,매출액,"36,103,058,846",,2026-07-09
00288343,065570,삼영이엔씨,2024,OFS,CIS,영업이익,"-5,933,203,085",원천계정명: 영업이익(손실),2026-07-09
00288343,065570,삼영이엔씨,2024,OFS,CF,영업활동현금흐름,"3,721,209,837",,2026-07-09
00288343,065570,삼영이엔씨,2024,,,계약자산,,해당 연도 재무제표에 해당 계정 없음,2026-07-09
00288343,065570,삼영이엔씨,2024,,,계약부채,,해당 연도 재무제표에 해당 계정 없음,2026-07-09
00288343,065570,삼영이엔씨,2024,OFS,BS,매출채권,"9,902,189,660",합산 원천계정: 기타비유동수취채권|기타유동수취채권|매출채권,2026-07-09
00288343,065570,삼영이엔씨,2024,OFS,BS,재고자산,"20,542,162,659",,2026-07-09
00288343,065570,삼영이엔씨,2023,OFS,CIS,매출액,"33,338,252,948",,2026-07-09
00288343,065570,삼영이엔씨,2023,OFS,CIS,영업이익,"-6,125,614,406",원천계정명: 영업이익(손실),2026-07-09
00288343,065570,삼영이엔씨,2023,OFS,CF,영업활동현금흐름,"-4,531,586,427",,2026-07-09
00288343,065570,삼영이엔씨,2023,,,계약자산,,해당 연도 재무제표에 해당 계정 없음,2026-07-09
00288343,065570,삼영이엔씨,2023,,,계약부채,,해당 연도 재무제표에 해당 계정 없음,2026-07-09
00288343,065570,삼영이엔씨,2023,OFS,BS,매출채권,"16,626,474,216",합산 원천계정: 기타비유동수취채권|기타유동수취채권|매출채권,2026-07-09
00288343,065570,삼영이엔씨,2023,OFS,BS,재고자산,"30,623,777,063",,2026-07-09
00288343,065570,삼영이엔씨,2022,OFS,CIS,매출액,"31,901,368,198",,2026-07-09
00288343,065570,삼영이엔씨,2022,OFS,CIS,영업이익,"-20,145,835,588",원천계정명: 영업이익(손실),2026-07-09
00288343,065570,삼영이엔씨,2022,OFS,CF,영업활동현금흐름,"-7,215,737,674",,2026-07-09
00288343,065570,삼영이엔씨,2022,,,계약자산,,해당 연도 재무제표에 해당 계정 없음,2026-07-09
00288343,065570,삼영이엔씨,2022,,,계약부채,,해당 연도 재무제표에 해당 계정 없음,2026-07-09
00288343,065570,삼영이엔씨,2022,OFS,BS,매출채권,"18,940,661,776",합산 원천계정: 기타비유동수취채권|기타유동수취채권|매출채권,2026-07-09
00288343,065570,삼영이엔씨,2022,OFS,BS,재고자산,"27,194,499,158",,2026-07-09
00288343,065570,삼영이엔씨,2021,OFS,CIS,매출액,"40,113,737,849",,2026-07-09
00288343,065570,삼영이엔씨,2021,OFS,CIS,영업이익,"1,140,806,517",원천계정명: 영업이익(손실),2026-07-09
00288343,065570,삼영이엔씨,2021,OFS,CF,영업활동현금흐름,"-3,858,832,291",,2026-07-09
00288343,065570,삼영이엔씨,2021,,,계약자산,,해당 연도 재무제표에 해당 계정 없음,2026-07-09
00288343,065570,삼영이엔씨,2021,,,계약부채,,해당 연도 재무제표에 해당 계정 없음,2026-07-09
00288343,065570,삼영이엔씨,2021,OFS,BS,매출채권,"17,498,463,890",합산 원천계정: 기타비유동수취채권|기타유동수취채권|매출채권,2026-07-09
00288343,065570,삼영이엔씨,2021,OFS,BS,재고자산,"29,727,393,497",,2026-07-09
01063884,215090,솔디펜스,2025,CFS,CIS,매출액,"26,761,166,493",원천계정명: 수익(매출액),2026-07-09
01063884,215090,솔디펜스,2025,CFS,CIS,영업이익,"1,324,012,697",원천계정명: 영업이익(손실),2026-07-09
01063884,215090,솔디펜스,2025,CFS,CF,영업활동현금흐름,"1,176,292,802",,2026-07-09
01063884,215090,솔디펜스,2025,CFS,BS,계약자산,"1,581,260,292",합산 원천계정: 비유동계약자산|유동계약자산,2026-07-09
01063884,215090,솔디펜스,2025,CFS,BS,계약부채,"1,052,169,070",원천계정명: 유동계약부채,2026-07-09
01063884,215090,솔디펜스,2025,CFS,BS,매출채권,"3,639,997,452",합산 원천계정: 매출채권 및 기타유동채권|장기매출채권 및 기타비유동채권,2026-07-09
01063884,215090,솔디펜스,2025,CFS,BS,재고자산,"11,851,420,510",원천계정명: 유동재고자산,2026-07-09
01063884,215090,솔디펜스,2024,OFS,CIS,매출액,"21,756,567,908",원천계정명: 수익(매출액),2026-07-09
01063884,215090,솔디펜스,2024,OFS,CIS,영업이익,"3,032,802,358",원천계정명: 영업이익(손실),2026-07-09
01063884,215090,솔디펜스,2024,OFS,CF,영업활동현금흐름,"4,112,846,458",,2026-07-09
01063884,215090,솔디펜스,2024,OFS,BS,계약자산,"1,205,553,634",합산 원천계정: 비유동계약자산|유동계약자산,2026-07-09
01063884,215090,솔디펜스,2024,OFS,BS,계약부채,"38,842,662",원천계정명: 유동계약부채,2026-07-09
01063884,215090,솔디펜스,2024,OFS,BS,매출채권,"1,528,619,398",합산 원천계정: 매출채권 및 기타유동채권|장기매출채권 및 기타비유동채권,2026-07-09
01063884,215090,솔디펜스,2024,OFS,BS,재고자산,"9,437,383,555",원천계정명: 유동재고자산,2026-07-09
01063884,215090,솔디펜스,2023,OFS,CIS,매출액,"16,254,001,186",원천계정명: 수익(매출액),2026-07-09
01063884,215090,솔디펜스,2023,OFS,CIS,영업이익,"-2,368,528,249",원천계정명: 영업이익(손실),2026-07-09
01063884,215090,솔디펜스,2023,OFS,CF,영업활동현금흐름,"-7,195,510,835",,2026-07-09
01063884,215090,솔디펜스,2023,OFS,BS,계약자산,"861,862,178",원천계정명: 유동계약자산,2026-07-09
01063884,215090,솔디펜스,2023,OFS,BS,계약부채,"1,050,106,359",원천계정명: 유동계약부채,2026-07-09
01063884,215090,솔디펜스,2023,OFS,BS,매출채권,"3,059,940,166",합산 원천계정: 매출채권 및 기타유동채권|장기매출채권 및 기타비유동채권,2026-07-09
01063884,215090,솔디펜스,2023,OFS,BS,재고자산,"8,533,812,799",원천계정명: 유동재고자산,2026-07-09
01063884,215090,솔디펜스,2022,OFS,CIS,매출액,"15,656,058,286",원천계정명: 수익(매출액),2026-07-09
01063884,215090,솔디펜스,2022,OFS,CIS,영업이익,"-2,850,938,242",원천계정명: 영업이익(손실),2026-07-09
01063884,215090,솔디펜스,2022,OFS,CF,영업활동현금흐름,"-5,361,205,295",,2026-07-09
01063884,215090,솔디펜스,2022,OFS,BS,계약자산,"516,796,730",원천계정명: 계약자산(미청구공사수익),2026-07-09
01063884,215090,솔디펜스,2022,OFS,BS,계약부채,"932,123,935",원천계정명: 유동계약부채,2026-07-09
01063884,215090,솔디펜스,2022,OFS,BS,매출채권,"2,693,886,260",합산 원천계정: 매출채권 및 기타유동채권|장기매출채권 및 기타비유동채권,2026-07-09
01063884,215090,솔디펜스,2022,OFS,BS,재고자산,"6,956,873,292",원천계정명: 유동재고자산,2026-07-09
01063884,215090,솔디펜스,2021,OFS,CIS,매출액,"8,659,141,443",원천계정명: 수익(매출액),2026-07-09
01063884,215090,솔디펜스,2021,OFS,CIS,영업이익,"-9,490,289,927",원천계정명: 영업이익(손실),2026-07-09
01063884,215090,솔디펜스,2021,OFS,CF,영업활동현금흐름,"-17,930,991,428",,2026-07-09
01063884,215090,솔디펜스,2021,OFS,BS,계약자산,"370,578,567",원천계정명: 계약자산(미청구공사수익),2026-07-09
01063884,215090,솔디펜스,2021,OFS,BS,계약부채,"1,192,881,923",원천계정명: 계약부채(초과청구공사수익),2026-07-09
01063884,215090,솔디펜스,2021,OFS,BS,매출채권,"3,905,305,823",합산 원천계정: 매출채권 및 기타채권|장기매출채권 및 기타채권,2026-07-09
01063884,215090,솔디펜스,2021,OFS,BS,재고자산,"5,755,102,590",,2026-07-09
00136165,013810,스페코,2025,CFS,CIS,매출액,"37,964,956,719",,2026-07-09
00136165,013810,스페코,2025,CFS,CIS,영업이익,"-460,595,979",원천계정명: 영업이익(손실),2026-07-09
00136165,013810,스페코,2025,CFS,CF,영업활동현금흐름,"-1,781,897,632",,2026-07-09
00136165,013810,스페코,2025,,,계약자산,,해당 연도 재무제표에 해당 계정 없음,2026-07-09
00136165,013810,스페코,2025,,,계약부채,,해당 연도 재무제표에 해당 계정 없음,2026-07-09
00136165,013810,스페코,2025,CFS,BS,매출채권,"5,837,180,792",,2026-07-09
00136165,013810,스페코,2025,CFS,BS,재고자산,"8,908,887,422",,2026-07-09
00136165,013810,스페코,2024,CFS,CIS,매출액,"27,191,519,908",,2026-07-09
00136165,013810,스페코,2024,CFS,CIS,영업이익,"-5,693,400,709",원천계정명: 영업이익(손실),2026-07-09
00136165,013810,스페코,2024,CFS,CF,영업활동현금흐름,"-1,973,199,890",,2026-07-09
00136165,013810,스페코,2024,,,계약자산,,해당 연도 재무제표에 해당 계정 없음,2026-07-09
00136165,013810,스페코,2024,,,계약부채,,해당 연도 재무제표에 해당 계정 없음,2026-07-09
00136165,013810,스페코,2024,CFS,BS,매출채권,"4,799,004,364",,2026-07-09
00136165,013810,스페코,2024,CFS,BS,재고자산,"16,831,773,620",,2026-07-09
00136165,013810,스페코,2023,CFS,CIS,매출액,"22,987,862,181",,2026-07-09
00136165,013810,스페코,2023,CFS,CIS,영업이익,"-4,148,483,505",원천계정명: 영업이익(손실),2026-07-09
00136165,013810,스페코,2023,CFS,CF,영업활동현금흐름,"2,949,632,099",,2026-07-09
00136165,013810,스페코,2023,,,계약자산,,해당 연도 재무제표에 해당 계정 없음,2026-07-09
00136165,013810,스페코,2023,,,계약부채,,해당 연도 재무제표에 해당 계정 없음,2026-07-09
00136165,013810,스페코,2023,CFS,BS,매출채권,"3,597,218,072",,2026-07-09
00136165,013810,스페코,2023,CFS,BS,재고자산,"13,631,138,966",,2026-07-09
00136165,013810,스페코,2022,CFS,CIS,매출액,"31,079,586,548",,2026-07-09
00136165,013810,스페코,2022,CFS,CIS,영업이익,"-3,766,587,275",원천계정명: 영업이익(손실),2026-07-09
00136165,013810,스페코,2022,CFS,CF,영업활동현금흐름,"8,567,106,685",,2026-07-09
00136165,013810,스페코,2022,,,계약자산,,해당 연도 재무제표에 해당 계정 없음,2026-07-09
00136165,013810,스페코,2022,,,계약부채,,해당 연도 재무제표에 해당 계정 없음,2026-07-09
00136165,013810,스페코,2022,CFS,BS,매출채권,"6,255,337,089",,2026-07-09
00136165,013810,스페코,2022,CFS,BS,재고자산,"8,110,954,273",,2026-07-09
00136165,013810,스페코,2021,CFS,CIS,매출액,"54,346,966,645",,2026-07-09
00136165,013810,스페코,2021,CFS,CIS,영업이익,"2,805,011,555",원천계정명: 영업이익(손실),2026-07-09
00136165,013810,스페코,2021,CFS,CF,영업활동현금흐름,"12,641,376,641",,2026-07-09
00136165,013810,스페코,2021,,,계약자산,,해당 연도 재무제표에 해당 계정 없음,2026-07-09
00136165,013810,스페코,2021,,,계약부채,,해당 연도 재무제표에 해당 계정 없음,2026-07-09
00136165,013810,스페코,2021,CFS,BS,매출채권,"11,283,688,905",,2026-07-09
00136165,013810,스페코,2021,CFS,BS,재고자산,"15,767,592,277",,2026-07-09
00449254,099320,쎄트렉아이,2025,CFS,CIS,매출액,"206,916,796,302",원천계정명: 수익(매출액),2026-07-09
00449254,099320,쎄트렉아이,2025,CFS,CIS,영업이익,"10,179,660,644",원천계정명: 영업이익(손실),2026-07-09
00449254,099320,쎄트렉아이,2025,CFS,CF,영업활동현금흐름,"-74,017,199,715",,2026-07-09
00449254,099320,쎄트렉아이,2025,CFS,BS,계약자산,"27,908,010,894",원천계정명: 유동계약자산,2026-07-09
00449254,099320,쎄트렉아이,2025,CFS,BS,계약부채,"94,372,559,551",원천계정명: 유동계약부채,2026-07-09
00449254,099320,쎄트렉아이,2025,CFS,BS,매출채권,"5,263,078,389",원천계정명: 매출채권 및 기타유동채권,2026-07-09
00449254,099320,쎄트렉아이,2025,CFS,BS,재고자산,"41,636,093,618",원천계정명: 유동재고자산,2026-07-09
00449254,099320,쎄트렉아이,2024,CFS,CIS,매출액,"171,279,451,654",,2026-07-09
00449254,099320,쎄트렉아이,2024,CFS,CIS,영업이익,"-3,072,159,411",,2026-07-09
00449254,099320,쎄트렉아이,2024,CFS,CF,영업활동현금흐름,"68,326,063,940",,2026-07-09
00449254,099320,쎄트렉아이,2024,CFS,BS,계약자산,"20,096,245,143",,2026-07-09
00449254,099320,쎄트렉아이,2024,CFS,BS,계약부채,"139,927,427,091",,2026-07-09
00449254,099320,쎄트렉아이,2024,CFS,BS,매출채권,"1,494,845,280",원천계정명: 매출채권 및 기타채권,2026-07-09
00449254,099320,쎄트렉아이,2024,CFS,BS,재고자산,"27,919,003,147",,2026-07-09
00449254,099320,쎄트렉아이,2023,CFS,CIS,매출액,"125,433,494,958",원천계정명: 수익(매출액),2026-07-09
00449254,099320,쎄트렉아이,2023,CFS,CIS,영업이익,"-4,353,750,903",원천계정명: 영업이익(손실),2026-07-09
00449254,099320,쎄트렉아이,2023,CFS,CF,영업활동현금흐름,"28,555,034,060",,2026-07-09
00449254,099320,쎄트렉아이,2023,CFS,BS,계약자산,"12,137,845,549",원천계정명: 유동계약자산,2026-07-09
00449254,099320,쎄트렉아이,2023,CFS,BS,계약부채,"55,161,931,045",원천계정명: 유동계약부채,2026-07-09
00449254,099320,쎄트렉아이,2023,CFS,BS,매출채권,"4,812,486,009",원천계정명: 매출채권 및 기타유동채권,2026-07-09
00449254,099320,쎄트렉아이,2023,CFS,BS,재고자산,"18,326,139,338",원천계정명: 유동재고자산,2026-07-09
00449254,099320,쎄트렉아이,2022,CFS,CIS,매출액,"91,357,563,655",원천계정명: 수익(매출액),2026-07-09
00449254,099320,쎄트렉아이,2022,CFS,CIS,영업이익,"-7,728,225,536",원천계정명: 영업이익(손실),2026-07-09
00449254,099320,쎄트렉아이,2022,CFS,CF,영업활동현금흐름,"24,143,605,932",,2026-07-09
00449254,099320,쎄트렉아이,2022,CFS,BS,계약자산,"20,696,797,551",원천계정명: 유동계약자산,2026-07-09
00449254,099320,쎄트렉아이,2022,CFS,BS,계약부채,"39,407,871,235",원천계정명: 유동계약부채,2026-07-09
00449254,099320,쎄트렉아이,2022,CFS,BS,매출채권,"15,820,609,361",원천계정명: 매출채권 및 기타유동채권,2026-07-09
00449254,099320,쎄트렉아이,2022,CFS,BS,재고자산,"12,082,345,251",,2026-07-09
00449254,099320,쎄트렉아이,2021,CFS,CIS,매출액,"73,449,328,696",원천계정명: 수익(매출액),2026-07-09
00449254,099320,쎄트렉아이,2021,CFS,CIS,영업이익,"1,269,234,022",원천계정명: 영업이익(손실),2026-07-09
00449254,099320,쎄트렉아이,2021,CFS,CF,영업활동현금흐름,"-3,745,222,113",,2026-07-09
00449254,099320,쎄트렉아이,2021,CFS,BS,계약자산,"26,900,911,979",원천계정명: 유동계약자산,2026-07-09
00449254,099320,쎄트렉아이,2021,CFS,BS,계약부채,"16,060,574,075",원천계정명: 유동계약부채,2026-07-09
00449254,099320,쎄트렉아이,2021,CFS,BS,매출채권,"2,384,050,091",합산 원천계정: 매출채권 및 기타유동채권|장기매출채권 및 기타비유동채권,2026-07-09
00449254,099320,쎄트렉아이,2021,CFS,BS,재고자산,"9,129,948,639",,2026-07-09
00612489,214430,아이쓰리시스템,2025,OFS,CIS,매출액,"124,275,749,815",원천계정명: 수익(매출액),2026-07-09
00612489,214430,아이쓰리시스템,2025,OFS,CIS,영업이익,"16,458,043,794",원천계정명: 영업이익(손실),2026-07-09
00612489,214430,아이쓰리시스템,2025,OFS,CF,영업활동현금흐름,"18,805,171,604",,2026-07-09
00612489,214430,아이쓰리시스템,2025,OFS,BS,계약자산,"1,633,214,923",,2026-07-09
00612489,214430,아이쓰리시스템,2025,OFS,BS,계약부채,"19,551,603,088",합산 원천계정: 계약부채|장기계약부채,2026-07-09
00612489,214430,아이쓰리시스템,2025,OFS,BS,매출채권,"8,914,159,703",원천계정명: 매출채권및기타채권,2026-07-09
00612489,214430,아이쓰리시스템,2025,OFS,BS,재고자산,"59,667,036,669",,2026-07-09
00612489,214430,아이쓰리시스템,2024,OFS,CIS,매출액,"120,701,833,274",원천계정명: 수익(매출액),2026-07-09
00612489,214430,아이쓰리시스템,2024,OFS,CIS,영업이익,"14,759,928,402",원천계정명: 영업이익(손실),2026-07-09
00612489,214430,아이쓰리시스템,2024,OFS,CF,영업활동현금흐름,"8,154,445,865",,2026-07-09
00612489,214430,아이쓰리시스템,2024,OFS,BS,계약자산,"417,146,510",,2026-07-09
00612489,214430,아이쓰리시스템,2024,OFS,BS,계약부채,"11,776,498,933",합산 원천계정: 계약부채|장기계약부채,2026-07-09
00612489,214430,아이쓰리시스템,2024,OFS,BS,매출채권,"10,900,881,465",원천계정명: 매출채권및기타채권,2026-07-09
00612489,214430,아이쓰리시스템,2024,OFS,BS,재고자산,"48,192,975,304",,2026-07-09
00612489,214430,아이쓰리시스템,2023,OFS,CIS,매출액,"121,539,205,459",원천계정명: 수익(매출액),2026-07-09
00612489,214430,아이쓰리시스템,2023,OFS,CIS,영업이익,"12,204,489,179",원천계정명: 영업이익(손실),2026-07-09
00612489,214430,아이쓰리시스템,2023,OFS,CF,영업활동현금흐름,"21,768,280,886",,2026-07-09
00612489,214430,아이쓰리시스템,2023,OFS,BS,계약자산,"176,010,583",,2026-07-09
00612489,214430,아이쓰리시스템,2023,OFS,BS,계약부채,"5,334,523,922",,2026-07-09
00612489,214430,아이쓰리시스템,2023,OFS,BS,매출채권,"7,907,781,449",원천계정명: 매출채권및기타채권,2026-07-09
00612489,214430,아이쓰리시스템,2023,OFS,BS,재고자산,"47,497,709,699",,2026-07-09
00612489,214430,아이쓰리시스템,2022,OFS,CIS,매출액,"83,845,591,819",원천계정명: 수익(매출액),2026-07-09
00612489,214430,아이쓰리시스템,2022,OFS,CIS,영업이익,"5,686,971,942",원천계정명: 영업이익(손실),2026-07-09
00612489,214430,아이쓰리시스템,2022,OFS,CF,영업활동현금흐름,"-727,033,618",,2026-07-09
00612489,214430,아이쓰리시스템,2022,OFS,BS,계약자산,0,,2026-07-09
00612489,214430,아이쓰리시스템,2022,OFS,BS,계약부채,"6,830,382,646",,2026-07-09
00612489,214430,아이쓰리시스템,2022,OFS,BS,매출채권,"5,768,776,203",원천계정명: 매출채권및기타채권,2026-07-09
00612489,214430,아이쓰리시스템,2022,OFS,BS,재고자산,"44,405,978,407",,2026-07-09
00612489,214430,아이쓰리시스템,2021,OFS,CIS,매출액,"79,723,131,606",원천계정명: 수익(매출액),2026-07-09
00612489,214430,아이쓰리시스템,2021,OFS,CIS,영업이익,"1,410,841,017",원천계정명: 영업이익(손실),2026-07-09
00612489,214430,아이쓰리시스템,2021,OFS,CF,영업활동현금흐름,"-12,279,187,759",,2026-07-09
00612489,214430,아이쓰리시스템,2021,OFS,BS,계약자산,"2,198,982,915",,2026-07-09
00612489,214430,아이쓰리시스템,2021,OFS,BS,계약부채,"3,040,346,063",,2026-07-09
00612489,214430,아이쓰리시스템,2021,OFS,BS,매출채권,"6,936,442,939",원천계정명: 매출채권및기타채권,2026-07-09
00612489,214430,아이쓰리시스템,2021,OFS,BS,재고자산,"33,360,564,878",,2026-07-09
00556907,088800,에이스테크,2025,CFS,CIS,매출액,"178,426,016,983",원천계정명: 수익(매출액),2026-07-09
00556907,088800,에이스테크,2025,CFS,CIS,영업이익,"-22,153,309,869",원천계정명: 영업이익(손실),2026-07-09
00556907,088800,에이스테크,2025,CFS,CF,영업활동현금흐름,"-559,658,669",,2026-07-09
00556907,088800,에이스테크,2025,,,계약자산,,해당 연도 재무제표에 해당 계정 없음,2026-07-09
00556907,088800,에이스테크,2025,,,계약부채,,해당 연도 재무제표에 해당 계정 없음,2026-07-09
00556907,088800,에이스테크,2025,CFS,BS,매출채권,"55,578,097,057",원천계정명: 유동매출채권,2026-07-09
00556907,088800,에이스테크,2025,CFS,BS,재고자산,"33,939,594,111",원천계정명: 유동재고자산,2026-07-09
00556907,088800,에이스테크,2024,CFS,CIS,매출액,"145,075,504,423",원천계정명: 수익(매출액),2026-07-09
00556907,088800,에이스테크,2024,CFS,CIS,영업이익,"-31,148,972,707",원천계정명: 영업이익(손실),2026-07-09
00556907,088800,에이스테크,2024,CFS,CF,영업활동현금흐름,"-3,577,907,486",,2026-07-09
00556907,088800,에이스테크,2024,,,계약자산,,해당 연도 재무제표에 해당 계정 없음,2026-07-09
00556907,088800,에이스테크,2024,,,계약부채,,해당 연도 재무제표에 해당 계정 없음,2026-07-09
00556907,088800,에이스테크,2024,CFS,BS,매출채권,"76,530,400,805",원천계정명: 매출채권 및 기타유동채권,2026-07-09
00556907,088800,에이스테크,2024,CFS,BS,재고자산,"52,632,944,048",원천계정명: 유동재고자산,2026-07-09
00556907,088800,에이스테크,2023,CFS,CIS,매출액,"140,047,443,096",원천계정명: 수익(매출액),2026-07-09
00556907,088800,에이스테크,2023,CFS,CIS,영업이익,"-62,290,644,674",원천계정명: 영업이익(손실),2026-07-09
00556907,088800,에이스테크,2023,CFS,CF,영업활동현금흐름,"29,667,227,868",,2026-07-09
00556907,088800,에이스테크,2023,,,계약자산,,해당 연도 재무제표에 해당 계정 없음,2026-07-09
00556907,088800,에이스테크,2023,,,계약부채,,해당 연도 재무제표에 해당 계정 없음,2026-07-09
00556907,088800,에이스테크,2023,CFS,BS,매출채권,"55,472,695,983",원천계정명: 매출채권 및 기타유동채권,2026-07-09
00556907,088800,에이스테크,2023,CFS,BS,재고자산,"45,761,554,995",원천계정명: 유동재고자산,2026-07-09
00556907,088800,에이스테크,2022,CFS,CIS,매출액,"240,405,466,099",원천계정명: 수익(매출액),2026-07-09
00556907,088800,에이스테크,2022,CFS,CIS,영업이익,"-20,058,514,812",원천계정명: 영업이익(손실),2026-07-09
00556907,088800,에이스테크,2022,CFS,CF,영업활동현금흐름,"-5,742,142,738",,2026-07-09
00556907,088800,에이스테크,2022,CFS,BS,계약자산,0,원천계정명: 유동계약자산,2026-07-09
00556907,088800,에이스테크,2022,,,계약부채,,"표준 매칭 없음, 유사계정: 유동계약자산",2026-07-09
00556907,088800,에이스테크,2022,CFS,BS,매출채권,"97,479,765,100",원천계정명: 매출채권 및 기타유동채권,2026-07-09
00556907,088800,에이스테크,2022,CFS,BS,재고자산,"88,965,041,153",,2026-07-09
00556907,088800,에이스테크,2021,CFS,CIS,매출액,"232,778,818,210",원천계정명: 수익(매출액),2026-07-09
00556907,088800,에이스테크,2021,CFS,CIS,영업이익,"-35,461,164,093",원천계정명: 영업이익(손실),2026-07-09
00556907,088800,에이스테크,2021,CFS,CF,영업활동현금흐름,"-42,562,353,081",,2026-07-09
00556907,088800,에이스테크,2021,CFS,BS,계약자산,0,원천계정명: 유동계약자산,2026-07-09
00556907,088800,에이스테크,2021,,,계약부채,,"표준 매칭 없음, 유사계정: 유동계약자산",2026-07-09
00556907,088800,에이스테크,2021,CFS,BS,매출채권,"105,730,802,220",원천계정명: 매출채권 및 기타유동채권,2026-07-09
00556907,088800,에이스테크,2021,CFS,BS,재고자산,"77,531,458,910",,2026-07-09
00344287,042670,에이치디현대인프라코어,2025,,,매출액,,해당 연도 원천 재무제표 없음 (보유연도: 2021|2022|2023|2024),2026-07-09
00344287,042670,에이치디현대인프라코어,2025,,,영업이익,,해당 연도 원천 재무제표 없음 (보유연도: 2021|2022|2023|2024),2026-07-09
00344287,042670,에이치디현대인프라코어,2025,,,영업활동현금흐름,,해당 연도 원천 재무제표 없음 (보유연도: 2021|2022|2023|2024),2026-07-09
00344287,042670,에이치디현대인프라코어,2025,,,계약자산,,해당 연도 원천 재무제표 없음 (보유연도: 2021|2022|2023|2024),2026-07-09
00344287,042670,에이치디현대인프라코어,2025,,,계약부채,,해당 연도 원천 재무제표 없음 (보유연도: 2021|2022|2023|2024),2026-07-09
00344287,042670,에이치디현대인프라코어,2025,,,매출채권,,해당 연도 원천 재무제표 없음 (보유연도: 2021|2022|2023|2024),2026-07-09
00344287,042670,에이치디현대인프라코어,2025,,,재고자산,,해당 연도 원천 재무제표 없음 (보유연도: 2021|2022|2023|2024),2026-07-09
00344287,042670,에이치디현대인프라코어,2024,CFS,IS,매출액,"4,114,189,991,329",원천계정명: 수익(매출액),2026-07-09
00344287,042670,에이치디현대인프라코어,2024,CFS,IS,영업이익,"184,161,977,034",원천계정명: 영업이익(손실),2026-07-09
00344287,042670,에이치디현대인프라코어,2024,CFS,CF,영업활동현금흐름,"443,279,214,196",,2026-07-09
00344287,042670,에이치디현대인프라코어,2024,CFS,BS,계약자산,"3,190,352,819",원천계정명: 유동계약자산,2026-07-09
00344287,042670,에이치디현대인프라코어,2024,CFS,BS,계약부채,"182,104,859,273",합산 원천계정: 비유동계약부채|유동계약부채,2026-07-09
00344287,042670,에이치디현대인프라코어,2024,CFS,BS,매출채권,"945,250,883,904",합산 원천계정: 매출채권 및 기타유동채권|장기매출채권 및 기타비유동채권,2026-07-09
00344287,042670,에이치디현대인프라코어,2024,CFS,BS,재고자산,"1,364,320,837,795",원천계정명: 유동재고자산,2026-07-09
00344287,042670,에이치디현대인프라코어,2023,CFS,IS,매출액,"4,659,604,596,066",원천계정명: 영업수익,2026-07-09
00344287,042670,에이치디현대인프라코어,2023,CFS,IS,영업이익,"418,264,367,865",원천계정명: 영업이익(손실),2026-07-09
00344287,042670,에이치디현대인프라코어,2023,CFS,CF,영업활동현금흐름,"447,534,107,930",,2026-07-09
00344287,042670,에이치디현대인프라코어,2023,CFS,BS,계약자산,"2,117,570,483",원천계정명: 유동계약자산,2026-07-09
00344287,042670,에이치디현대인프라코어,2023,CFS,BS,계약부채,"203,228,858,497",합산 원천계정: 비유동계약부채|유동계약부채,2026-07-09
00344287,042670,에이치디현대인프라코어,2023,CFS,BS,매출채권,"1,079,266,258,916",합산 원천계정: 매출채권 및 기타유동채권|장기매출채권 및 기타비유동채권,2026-07-09
00344287,042670,에이치디현대인프라코어,2023,CFS,BS,재고자산,"1,425,467,665,614",원천계정명: 유동재고자산,2026-07-09
00344287,042670,에이치디현대인프라코어,2022,CFS,IS,매출액,"4,756,113,501,671",,2026-07-09
00344287,042670,에이치디현대인프라코어,2022,CFS,IS,영업이익,"332,546,884,265",,2026-07-09
00344287,042670,에이치디현대인프라코어,2022,CFS,CF,영업활동현금흐름,"17,733,088,023",원천계정명: 영업활동으로 인한 현금흐름,2026-07-09
00344287,042670,에이치디현대인프라코어,2022,,,계약자산,,"표준 매칭 없음, 유사계정: 유동계약부채|비유동계약부채",2026-07-09
00344287,042670,에이치디현대인프라코어,2022,CFS,BS,계약부채,"157,877,865,889",합산 원천계정: 비유동계약부채|유동계약부채,2026-07-09
00344287,042670,에이치디현대인프라코어,2022,CFS,BS,매출채권,"1,384,725,766,024",합산 원천계정: 매출채권및기타채권|장기매출채권및기타채권,2026-07-09
00344287,042670,에이치디현대인프라코어,2022,CFS,BS,재고자산,"1,315,174,320,657",,2026-07-09
00344287,042670,에이치디현대인프라코어,2021,CFS,IS,매출액,"4,593,665,146,349",,2026-07-09
00344287,042670,에이치디현대인프라코어,2021,CFS,IS,영업이익,"264,507,805,577",원천계정명: 영업이익(손실),2026-07-09
00344287,042670,에이치디현대인프라코어,2021,CFS,CF,영업활동현금흐름,"198,109,089,239",,2026-07-09
00344287,042670,에이치디현대인프라코어,2021,,,계약자산,,해당 연도 재무제표에 해당 계정 없음,2026-07-09
00344287,042670,에이치디현대인프라코어,2021,,,계약부채,,해당 연도 재무제표에 해당 계정 없음,2026-07-09
00344287,042670,에이치디현대인프라코어,2021,CFS,BS,매출채권,"1,365,920,610,125",합산 원천계정: 매출채권및기타채권|장기매출채권및기타비유동채권,2026-07-09
00344287,042670,에이치디현대인프라코어,2021,CFS,BS,재고자산,"1,077,584,469,079",,2026-07-09
01011368,295310,에이치브이엠,2025,OFS,CIS,매출액,"66,531,544,743",,2026-07-09
01011368,295310,에이치브이엠,2025,OFS,CIS,영업이익,"5,837,442,731",원천계정명: 영업이익(손실),2026-07-09
01011368,295310,에이치브이엠,2025,OFS,CF,영업활동현금흐름,"-8,827,636,205",,2026-07-09
01011368,295310,에이치브이엠,2025,,,계약자산,,해당 연도 재무제표에 해당 계정 없음,2026-07-09
01011368,295310,에이치브이엠,2025,,,계약부채,,해당 연도 재무제표에 해당 계정 없음,2026-07-09
01011368,295310,에이치브이엠,2025,OFS,BS,매출채권,"12,583,441,550",,2026-07-09
01011368,295310,에이치브이엠,2025,OFS,BS,재고자산,"51,630,479,285",,2026-07-09
01011368,295310,에이치브이엠,2024,OFS,CIS,매출액,"45,140,439,641",,2026-07-09
01011368,295310,에이치브이엠,2024,OFS,CIS,영업이익,"-6,789,016,613",원천계정명: 영업이익(손실),2026-07-09
01011368,295310,에이치브이엠,2024,OFS,CF,영업활동현금흐름,"-14,010,320,981",원천계정명: 영업활동으로 인한 현금흐름,2026-07-09
01011368,295310,에이치브이엠,2024,,,계약자산,,해당 연도 재무제표에 해당 계정 없음,2026-07-09
01011368,295310,에이치브이엠,2024,,,계약부채,,해당 연도 재무제표에 해당 계정 없음,2026-07-09
01011368,295310,에이치브이엠,2024,OFS,BS,매출채권,"8,052,454,494",,2026-07-09
01011368,295310,에이치브이엠,2024,OFS,BS,재고자산,"38,094,684,544",,2026-07-09
01011368,295310,에이치브이엠,2023,,,매출액,,해당 연도 원천 재무제표 없음 (보유연도: 2024|2025),2026-07-09
01011368,295310,에이치브이엠,2023,,,영업이익,,해당 연도 원천 재무제표 없음 (보유연도: 2024|2025),2026-07-09
01011368,295310,에이치브이엠,2023,,,영업활동현금흐름,,해당 연도 원천 재무제표 없음 (보유연도: 2024|2025),2026-07-09
01011368,295310,에이치브이엠,2023,,,계약자산,,해당 연도 원천 재무제표 없음 (보유연도: 2024|2025),2026-07-09
01011368,295310,에이치브이엠,2023,,,계약부채,,해당 연도 원천 재무제표 없음 (보유연도: 2024|2025),2026-07-09
01011368,295310,에이치브이엠,2023,,,매출채권,,해당 연도 원천 재무제표 없음 (보유연도: 2024|2025),2026-07-09
01011368,295310,에이치브이엠,2023,,,재고자산,,해당 연도 원천 재무제표 없음 (보유연도: 2024|2025),2026-07-09
01011368,295310,에이치브이엠,2022,,,매출액,,해당 연도 원천 재무제표 없음 (보유연도: 2024|2025),2026-07-09
01011368,295310,에이치브이엠,2022,,,영업이익,,해당 연도 원천 재무제표 없음 (보유연도: 2024|2025),2026-07-09
01011368,295310,에이치브이엠,2022,,,영업활동현금흐름,,해당 연도 원천 재무제표 없음 (보유연도: 2024|2025),2026-07-09
01011368,295310,에이치브이엠,2022,,,계약자산,,해당 연도 원천 재무제표 없음 (보유연도: 2024|2025),2026-07-09
01011368,295310,에이치브이엠,2022,,,계약부채,,해당 연도 원천 재무제표 없음 (보유연도: 2024|2025),2026-07-09
01011368,295310,에이치브이엠,2022,,,매출채권,,해당 연도 원천 재무제표 없음 (보유연도: 2024|2025),2026-07-09
01011368,295310,에이치브이엠,2022,,,재고자산,,해당 연도 원천 재무제표 없음 (보유연도: 2024|2025),2026-07-09
01011368,295310,에이치브이엠,2021,,,매출액,,해당 연도 원천 재무제표 없음 (보유연도: 2024|2025),2026-07-09
01011368,295310,에이치브이엠,2021,,,영업이익,,해당 연도 원천 재무제표 없음 (보유연도: 2024|2025),2026-07-09
01011368,295310,에이치브이엠,2021,,,영업활동현금흐름,,해당 연도 원천 재무제표 없음 (보유연도: 2024|2025),2026-07-09
01011368,295310,에이치브이엠,2021,,,계약자산,,해당 연도 원천 재무제표 없음 (보유연도: 2024|2025),2026-07-09
01011368,295310,에이치브이엠,2021,,,계약부채,,해당 연도 원천 재무제표 없음 (보유연도: 2024|2025),2026-07-09
01011368,295310,에이치브이엠,2021,,,매출채권,,해당 연도 원천 재무제표 없음 (보유연도: 2024|2025),2026-07-09
01011368,295310,에이치브이엠,2021,,,재고자산,,해당 연도 원천 재무제표 없음 (보유연도: 2024|2025),2026-07-09
00297989,046120,오르비텍,2025,CFS,CIS,매출액,"57,908,501,388",,2026-07-09
00297989,046120,오르비텍,2025,CFS,CIS,영업이익,"-14,011,522,685",원천계정명: 영업이익(손실),2026-07-09
00297989,046120,오르비텍,2025,CFS,CF,영업활동현금흐름,"-6,269,083,927",원천계정명: 영업활동으로 인한 현금흐름,2026-07-09
00297989,046120,오르비텍,2025,,,계약자산,,해당 연도 재무제표에 해당 계정 없음,2026-07-09
00297989,046120,오르비텍,2025,,,계약부채,,해당 연도 재무제표에 해당 계정 없음,2026-07-09
00297989,046120,오르비텍,2025,CFS,BS,매출채권,"33,449,957,139",합산 원천계정: 기타비유동채권|기타채권|매출채권|장기매출채권,2026-07-09
00297989,046120,오르비텍,2025,CFS,BS,재고자산,"21,905,623,204",,2026-07-09
00297989,046120,오르비텍,2024,CFS,CIS,매출액,"66,520,734,108",,2026-07-09
00297989,046120,오르비텍,2024,CFS,CIS,영업이익,"688,951,570",원천계정명: 영업이익(손실),2026-07-09
00297989,046120,오르비텍,2024,CFS,CF,영업활동현금흐름,"3,114,935,472",원천계정명: 영업활동으로 인한 현금흐름,2026-07-09
00297989,046120,오르비텍,2024,,,계약자산,,해당 연도 재무제표에 해당 계정 없음,2026-07-09
00297989,046120,오르비텍,2024,,,계약부채,,해당 연도 재무제표에 해당 계정 없음,2026-07-09
00297989,046120,오르비텍,2024,CFS,BS,매출채권,"20,539,911,428",합산 원천계정: 기타비유동채권|기타채권|매출채권,2026-07-09
00297989,046120,오르비텍,2024,CFS,BS,재고자산,"11,776,200,553",,2026-07-09
00297989,046120,오르비텍,2023,CFS,CIS,매출액,"64,010,931,712",,2026-07-09
00297989,046120,오르비텍,2023,CFS,CIS,영업이익,"-4,331,619,364",원천계정명: 영업이익(손실),2026-07-09
00297989,046120,오르비텍,2023,CFS,CF,영업활동현금흐름,"5,808,143,314",원천계정명: 영업활동으로 인한 현금흐름,2026-07-09
00297989,046120,오르비텍,2023,,,계약자산,,해당 연도 재무제표에 해당 계정 없음,2026-07-09
00297989,046120,오르비텍,2023,,,계약부채,,해당 연도 재무제표에 해당 계정 없음,2026-07-09
00297989,046120,오르비텍,2023,CFS,BS,매출채권,"20,981,659,704",합산 원천계정: 기타비유동채권|기타채권|매출채권,2026-07-09
00297989,046120,오르비텍,2023,CFS,BS,재고자산,"15,004,475,684",,2026-07-09
00297989,046120,오르비텍,2022,CFS,CIS,매출액,"59,220,236,561",,2026-07-09
00297989,046120,오르비텍,2022,CFS,CIS,영업이익,"-11,752,392,101",,2026-07-09
00297989,046120,오르비텍,2022,CFS,CF,영업활동현금흐름,"-4,882,706,001",,2026-07-09
00297989,046120,오르비텍,2022,,,계약자산,,해당 연도 재무제표에 해당 계정 없음,2026-07-09
00297989,046120,오르비텍,2022,,,계약부채,,해당 연도 재무제표에 해당 계정 없음,2026-07-09
00297989,046120,오르비텍,2022,CFS,BS,매출채권,"32,777,299,078",합산 원천계정: 기타비유동채권|기타채권|매출채권,2026-07-09
00297989,046120,오르비텍,2022,CFS,BS,재고자산,"14,471,340,961",,2026-07-09
00297989,046120,오르비텍,2021,CFS,CIS,매출액,"78,176,335,981",,2026-07-09
00297989,046120,오르비텍,2021,CFS,CIS,영업이익,"10,137,370,171",,2026-07-09
00297989,046120,오르비텍,2021,CFS,CF,영업활동현금흐름,"-6,286,995,453",,2026-07-09
00297989,046120,오르비텍,2021,,,계약자산,,해당 연도 재무제표에 해당 계정 없음,2026-07-09
00297989,046120,오르비텍,2021,,,계약부채,,해당 연도 재무제표에 해당 계정 없음,2026-07-09
00297989,046120,오르비텍,2021,CFS,BS,매출채권,"34,861,308,591",합산 원천계정: 기타비유동채권|기타채권|매출채권,2026-07-09
00297989,046120,오르비텍,2021,CFS,BS,재고자산,"12,811,922,446",,2026-07-09
00526696,095270,웨이브일렉트로,2025,CFS,CIS,매출액,"80,532,556,275",,2026-07-09
00526696,095270,웨이브일렉트로,2025,CFS,CIS,영업이익,"-1,641,658,533",원천계정명: 영업이익(손실),2026-07-09
00526696,095270,웨이브일렉트로,2025,CFS,CF,영업활동현금흐름,"10,573,912,218",,2026-07-09
00526696,095270,웨이브일렉트로,2025,,,계약자산,,해당 연도 재무제표에 해당 계정 없음,2026-07-09
00526696,095270,웨이브일렉트로,2025,,,계약부채,,해당 연도 재무제표에 해당 계정 없음,2026-07-09
00526696,095270,웨이브일렉트로,2025,CFS,BS,매출채권,"18,654,175,273",합산 원천계정: 기타장기수취채권|매출채권,2026-07-09
00526696,095270,웨이브일렉트로,2025,CFS,BS,재고자산,"31,210,109,986",,2026-07-09
00526696,095270,웨이브일렉트로,2024,CFS,CIS,매출액,"78,043,596,827",,2026-07-09
00526696,095270,웨이브일렉트로,2024,CFS,CIS,영업이익,"1,852,688,009",원천계정명: 영업이익(손실),2026-07-09
00526696,095270,웨이브일렉트로,2024,CFS,CF,영업활동현금흐름,"6,428,274,406",,2026-07-09
00526696,095270,웨이브일렉트로,2024,,,계약자산,,해당 연도 재무제표에 해당 계정 없음,2026-07-09
00526696,095270,웨이브일렉트로,2024,,,계약부채,,해당 연도 재무제표에 해당 계정 없음,2026-07-09
00526696,095270,웨이브일렉트로,2024,CFS,BS,매출채권,"18,938,444,925",합산 원천계정: 기타장기수취채권|매출채권,2026-07-09
00526696,095270,웨이브일렉트로,2024,CFS,BS,재고자산,"35,643,594,587",,2026-07-09
00526696,095270,웨이브일렉트로,2023,CFS,CIS,매출액,"77,983,771,830",,2026-07-09
00526696,095270,웨이브일렉트로,2023,CFS,CIS,영업이익,"2,351,681,126",원천계정명: 영업이익(손실),2026-07-09
00526696,095270,웨이브일렉트로,2023,CFS,CF,영업활동현금흐름,"-1,735,541,619",,2026-07-09
00526696,095270,웨이브일렉트로,2023,,,계약자산,,해당 연도 재무제표에 해당 계정 없음,2026-07-09
00526696,095270,웨이브일렉트로,2023,,,계약부채,,해당 연도 재무제표에 해당 계정 없음,2026-07-09
00526696,095270,웨이브일렉트로,2023,CFS,BS,매출채권,"15,807,376,488",합산 원천계정: 기타장기수취채권|매출채권,2026-07-09
00526696,095270,웨이브일렉트로,2023,CFS,BS,재고자산,"29,751,947,367",,2026-07-09
00526696,095270,웨이브일렉트로,2022,CFS,CIS,매출액,"59,176,828,811",,2026-07-09
00526696,095270,웨이브일렉트로,2022,CFS,CIS,영업이익,"-5,936,607,966",원천계정명: 영업이익(손실),2026-07-09
00526696,095270,웨이브일렉트로,2022,CFS,CF,영업활동현금흐름,"-9,380,834,906",,2026-07-09
00526696,095270,웨이브일렉트로,2022,,,계약자산,,해당 연도 재무제표에 해당 계정 없음,2026-07-09
00526696,095270,웨이브일렉트로,2022,,,계약부채,,해당 연도 재무제표에 해당 계정 없음,2026-07-09
00526696,095270,웨이브일렉트로,2022,CFS,BS,매출채권,"22,015,494,481",합산 원천계정: 기타장기수취채권|매출채권,2026-07-09
00526696,095270,웨이브일렉트로,2022,CFS,BS,재고자산,"17,951,217,088",,2026-07-09
00526696,095270,웨이브일렉트로,2021,CFS,CIS,매출액,"47,468,344,901",,2026-07-09
00526696,095270,웨이브일렉트로,2021,CFS,CIS,영업이익,"1,005,900,498",원천계정명: 영업이익(손실),2026-07-09
00526696,095270,웨이브일렉트로,2021,CFS,CF,영업활동현금흐름,"-15,515,950,456",,2026-07-09
00526696,095270,웨이브일렉트로,2021,,,계약자산,,해당 연도 재무제표에 해당 계정 없음,2026-07-09
00526696,095270,웨이브일렉트로,2021,,,계약부채,,해당 연도 재무제표에 해당 계정 없음,2026-07-09
00526696,095270,웨이브일렉트로,2021,CFS,BS,매출채권,"20,083,035,438",,2026-07-09
00526696,095270,웨이브일렉트로,2021,CFS,BS,재고자산,"6,559,450,459",,2026-07-09
00362159,065950,웰크론,2025,CFS,CIS,매출액,"268,959,790,113",,2026-07-09
00362159,065950,웰크론,2025,CFS,CIS,영업이익,"-11,117,631,837",원천계정명: 영업이익(손실),2026-07-09
00362159,065950,웰크론,2025,CFS,CF,영업활동현금흐름,"21,734,947,592",,2026-07-09
00362159,065950,웰크론,2025,,,계약자산,,해당 연도 재무제표에 해당 계정 없음,2026-07-09
00362159,065950,웰크론,2025,,,계약부채,,해당 연도 재무제표에 해당 계정 없음,2026-07-09
00362159,065950,웰크론,2025,CFS,BS,매출채권,"52,157,989,137",합산 원천계정: 매출채권 및 기타유동채권|장기매출채권 및 기타비유동채권,2026-07-09
00362159,065950,웰크론,2025,CFS,BS,재고자산,"19,835,503,151",원천계정명: 유동재고자산,2026-07-09
00362159,065950,웰크론,2024,CFS,CIS,매출액,"329,117,322,759",,2026-07-09
00362159,065950,웰크론,2024,CFS,CIS,영업이익,"2,171,617,203",원천계정명: 영업이익(손실),2026-07-09
00362159,065950,웰크론,2024,CFS,CF,영업활동현금흐름,"-5,786,639,639",,2026-07-09
00362159,065950,웰크론,2024,,,계약자산,,해당 연도 재무제표에 해당 계정 없음,2026-07-09
00362159,065950,웰크론,2024,,,계약부채,,해당 연도 재무제표에 해당 계정 없음,2026-07-09
00362159,065950,웰크론,2024,CFS,BS,매출채권,"93,657,141,206",합산 원천계정: 기타비유동채권|매출채권 및 기타유동채권,2026-07-09
00362159,065950,웰크론,2024,CFS,BS,재고자산,"19,446,982,386",원천계정명: 유동재고자산,2026-07-09
00362159,065950,웰크론,2023,CFS,CIS,매출액,"425,883,974,254",,2026-07-09
00362159,065950,웰크론,2023,CFS,CIS,영업이익,"4,848,405,004",원천계정명: 영업이익(손실),2026-07-09
00362159,065950,웰크론,2023,CFS,CF,영업활동현금흐름,"-27,356,963,197",,2026-07-09
00362159,065950,웰크론,2023,,,계약자산,,해당 연도 재무제표에 해당 계정 없음,2026-07-09
00362159,065950,웰크론,2023,,,계약부채,,해당 연도 재무제표에 해당 계정 없음,2026-07-09
00362159,065950,웰크론,2023,CFS,BS,매출채권,"99,658,328,748",합산 원천계정: 기타비유동채권|매출채권 및 기타유동채권,2026-07-09
00362159,065950,웰크론,2023,CFS,BS,재고자산,"16,000,183,194",원천계정명: 유동재고자산,2026-07-09
00362159,065950,웰크론,2022,CFS,CIS,매출액,"445,710,106,509",,2026-07-09
00362159,065950,웰크론,2022,CFS,CIS,영업이익,"6,297,133,053",원천계정명: 영업이익(손실),2026-07-09
00362159,065950,웰크론,2022,CFS,CF,영업활동현금흐름,"29,649,163,515",,2026-07-09
00362159,065950,웰크론,2022,,,계약자산,,해당 연도 재무제표에 해당 계정 없음,2026-07-09
00362159,065950,웰크론,2022,,,계약부채,,해당 연도 재무제표에 해당 계정 없음,2026-07-09
00362159,065950,웰크론,2022,CFS,BS,매출채권,"106,313,020,072",합산 원천계정: 기타비유동채권|매출채권 및 기타유동채권,2026-07-09
00362159,065950,웰크론,2022,CFS,BS,재고자산,"18,557,114,066",,2026-07-09
00362159,065950,웰크론,2021,CFS,CIS,매출액,"388,605,882,339",,2026-07-09
00362159,065950,웰크론,2021,CFS,CIS,영업이익,"13,219,047,116",원천계정명: 영업이익(손실),2026-07-09
00362159,065950,웰크론,2021,CFS,CF,영업활동현금흐름,"-9,434,875,453",,2026-07-09
00362159,065950,웰크론,2021,,,계약자산,,해당 연도 재무제표에 해당 계정 없음,2026-07-09
00362159,065950,웰크론,2021,,,계약부채,,해당 연도 재무제표에 해당 계정 없음,2026-07-09
00362159,065950,웰크론,2021,CFS,BS,매출채권,"65,650,999,990",합산 원천계정: 기타비유동채권|매출채권 및 기타유동채권,2026-07-09
00362159,065950,웰크론,2021,CFS,BS,재고자산,"27,710,783,943",,2026-07-09
00664181,189300,인텔리안테크,2025,CFS,CIS,매출액,"319,628,351,040",,2026-07-09
00664181,189300,인텔리안테크,2025,CFS,CIS,영업이익,"11,953,671,226",원천계정명: 영업이익(손실),2026-07-09
00664181,189300,인텔리안테크,2025,CFS,CF,영업활동현금흐름,"-18,239,219,642",원천계정명: 영업활동으로 인한 현금흐름,2026-07-09
00664181,189300,인텔리안테크,2025,CFS,BS,계약자산,0,원천계정명: 장기계약자산,2026-07-09
00664181,189300,인텔리안테크,2025,,,계약부채,,"표준 매칭 없음, 유사계정: 장기계약자산",2026-07-09
00664181,189300,인텔리안테크,2025,CFS,BS,매출채권,"131,470,288,614",합산 원천계정: 매출채권 및 기타유동채권|장기매출채권 및 기타채권,2026-07-09
00664181,189300,인텔리안테크,2025,CFS,BS,재고자산,"100,736,640,043",,2026-07-09
00664181,189300,인텔리안테크,2024,CFS,CIS,매출액,"257,769,448,883",,2026-07-09
00664181,189300,인텔리안테크,2024,CFS,CIS,영업이익,"-19,443,692,778",원천계정명: 영업이익(손실),2026-07-09
00664181,189300,인텔리안테크,2024,CFS,CF,영업활동현금흐름,"3,956,964,481",,2026-07-09
00664181,189300,인텔리안테크,2024,CFS,BS,계약자산,0,합산 원천계정: 계약자산|장기계약자산,2026-07-09
00664181,189300,인텔리안테크,2024,,,계약부채,,"표준 매칭 없음, 유사계정: 계약자산|장기계약자산",2026-07-09
00664181,189300,인텔리안테크,2024,CFS,BS,매출채권,"71,521,339,326",합산 원천계정: 매출채권 및 기타유동채권|장기매출채권 및 기타채권,2026-07-09
00664181,189300,인텔리안테크,2024,CFS,BS,재고자산,"87,223,090,085",원천계정명: 유동재고자산,2026-07-09
00664181,189300,인텔리안테크,2023,CFS,CIS,매출액,"305,042,847,051",,2026-07-09
00664181,189300,인텔리안테크,2023,CFS,CIS,영업이익,"10,725,550,527",원천계정명: 영업이익(손실),2026-07-09
00664181,189300,인텔리안테크,2023,CFS,CF,영업활동현금흐름,"29,818,281,841",,2026-07-09
00664181,189300,인텔리안테크,2023,CFS,BS,계약자산,"800,713,603",합산 원천계정: 계약자산|장기계약자산,2026-07-09
00664181,189300,인텔리안테크,2023,,,계약부채,,"표준 매칭 없음, 유사계정: 계약자산|장기계약자산",2026-07-09
00664181,189300,인텔리안테크,2023,CFS,BS,매출채권,"69,233,819,220",합산 원천계정: 매출채권 및 기타유동채권|장기매출채권 및 기타채권,2026-07-09
00664181,189300,인텔리안테크,2023,CFS,BS,재고자산,"82,665,416,238",원천계정명: 유동재고자산,2026-07-09
00664181,189300,인텔리안테크,2022,CFS,CIS,매출액,"239,465,349,593",,2026-07-09
00664181,189300,인텔리안테크,2022,CFS,CIS,영업이익,"15,342,554,581",원천계정명: 영업이익(손실),2026-07-09
00664181,189300,인텔리안테크,2022,CFS,CF,영업활동현금흐름,"-26,082,275,337",,2026-07-09
00664181,189300,인텔리안테크,2022,CFS,BS,계약자산,"1,530,081,484",합산 원천계정: 계약자산|장기계약자산,2026-07-09
00664181,189300,인텔리안테크,2022,,,계약부채,,"표준 매칭 없음, 유사계정: 계약자산|장기계약자산",2026-07-09
00664181,189300,인텔리안테크,2022,CFS,BS,매출채권,"64,518,885,221",합산 원천계정: 매출채권 및 기타유동채권|장기매출채권 및 기타채권,2026-07-09
00664181,189300,인텔리안테크,2022,CFS,BS,재고자산,"107,271,578,605",,2026-07-09
00664181,189300,인텔리안테크,2021,CFS,CIS,매출액,"137,999,647,178",,2026-07-09
00664181,189300,인텔리안테크,2021,CFS,CIS,영업이익,"2,230,007,517",원천계정명: 영업이익(손실),2026-07-09
00664181,189300,인텔리안테크,2021,CFS,CF,영업활동현금흐름,"-9,731,417,374",,2026-07-09
00664181,189300,인텔리안테크,2021,CFS,BS,계약자산,"487,597,182",합산 원천계정: 계약자산|장기계약자산,2026-07-09
00664181,189300,인텔리안테크,2021,,,계약부채,,"표준 매칭 없음, 유사계정: 계약자산|장기계약자산",2026-07-09
00664181,189300,인텔리안테크,2021,CFS,BS,매출채권,"47,110,681,485",합산 원천계정: 매출채권 및 기타유동채권|장기매출채권 및 기타채권,2026-07-09
00664181,189300,인텔리안테크,2021,CFS,BS,재고자산,"47,140,579,461",,2026-07-09
01014718,361390,제노코,2025,OFS,CIS,매출액,"59,631,313,389",원천계정명: 수익(매출액),2026-07-09
01014718,361390,제노코,2025,OFS,CIS,영업이익,"-2,085,761,459",원천계정명: 영업이익(손실),2026-07-09
01014718,361390,제노코,2025,OFS,CF,영업활동현금흐름,"-19,821,767,171",,2026-07-09
01014718,361390,제노코,2025,,,계약자산,,"표준 매칭 없음, 유사계정: 유동계약부채",2026-07-09
01014718,361390,제노코,2025,OFS,BS,계약부채,"10,190,900,043",원천계정명: 유동계약부채,2026-07-09
01014718,361390,제노코,2025,OFS,BS,매출채권,"14,176,344,793",원천계정명: 매출채권 및 기타유동채권,2026-07-09
01014718,361390,제노코,2025,OFS,BS,재고자산,"9,988,834,809",원천계정명: 유동재고자산,2026-07-09
01014718,361390,제노코,2024,OFS,CIS,매출액,"56,830,559,488",원천계정명: 수익(매출액),2026-07-09
01014718,361390,제노코,2024,OFS,CIS,영업이익,"-2,170,629,177",원천계정명: 영업이익(손실),2026-07-09
01014718,361390,제노코,2024,OFS,CF,영업활동현금흐름,"12,150,948,568",,2026-07-09
01014718,361390,제노코,2024,,,계약자산,,"표준 매칭 없음, 유사계정: 유동계약부채",2026-07-09
01014718,361390,제노코,2024,OFS,BS,계약부채,"27,028,751,496",원천계정명: 유동계약부채,2026-07-09
01014718,361390,제노코,2024,OFS,BS,매출채권,"13,970,332,663",원천계정명: 매출채권 및 기타유동채권,2026-07-09
01014718,361390,제노코,2024,OFS,BS,재고자산,"9,687,713,722",원천계정명: 유동재고자산,2026-07-09
01014718,361390,제노코,2023,OFS,CIS,매출액,"55,112,129,394",원천계정명: 수익(매출액),2026-07-09
01014718,361390,제노코,2023,OFS,CIS,영업이익,"1,151,079,040",원천계정명: 영업이익(손실),2026-07-09
01014718,361390,제노코,2023,OFS,CF,영업활동현금흐름,"-3,563,847,722",,2026-07-09
01014718,361390,제노코,2023,,,계약자산,,"표준 매칭 없음, 유사계정: 유동계약부채",2026-07-09
01014718,361390,제노코,2023,OFS,BS,계약부채,"12,073,661,753",원천계정명: 유동계약부채,2026-07-09
01014718,361390,제노코,2023,OFS,BS,매출채권,"11,932,127,011",원천계정명: 매출채권 및 기타유동채권,2026-07-09
01014718,361390,제노코,2023,OFS,BS,재고자산,"11,574,362,097",원천계정명: 유동재고자산,2026-07-09
01014718,361390,제노코,2022,OFS,CIS,매출액,"50,704,825,056",원천계정명: 수익(매출액),2026-07-09
01014718,361390,제노코,2022,OFS,CIS,영업이익,"3,151,122,885",원천계정명: 영업이익(손실),2026-07-09
01014718,361390,제노코,2022,OFS,CF,영업활동현금흐름,"10,217,551,979",,2026-07-09
01014718,361390,제노코,2022,,,계약자산,,"표준 매칭 없음, 유사계정: 유동계약부채",2026-07-09
01014718,361390,제노코,2022,OFS,BS,계약부채,"14,890,471,727",원천계정명: 유동계약부채,2026-07-09
01014718,361390,제노코,2022,OFS,BS,매출채권,"8,300,177,605",원천계정명: 매출채권 및 기타유동채권,2026-07-09
01014718,361390,제노코,2022,OFS,BS,재고자산,"9,062,006,003",,2026-07-09
01014718,361390,제노코,2021,OFS,CIS,매출액,"45,639,344,424",원천계정명: 수익(매출액),2026-07-09
01014718,361390,제노코,2021,OFS,CIS,영업이익,"4,284,777,299",원천계정명: 영업이익(손실),2026-07-09
01014718,361390,제노코,2021,OFS,CF,영업활동현금흐름,"26,611,442",,2026-07-09
01014718,361390,제노코,2021,,,계약자산,,"표준 매칭 없음, 유사계정: 유동계약부채",2026-07-09
01014718,361390,제노코,2021,OFS,BS,계약부채,"11,926,834,713",원천계정명: 유동계약부채,2026-07-09
01014718,361390,제노코,2021,OFS,BS,매출채권,"9,645,743,028",원천계정명: 매출채권 및 기타유동채권,2026-07-09
01014718,361390,제노코,2021,OFS,BS,재고자산,"8,711,260,624",,2026-07-09
01685251,451760,컨텍,2025,CFS,CIS,매출액,"86,898,165,034",원천계정명: Ⅰ. 매출액,2026-07-09
01685251,451760,컨텍,2025,CFS,CIS,영업이익,"-16,170,062,633",원천계정명: Ⅴ. 영업이익(손실),2026-07-09
01685251,451760,컨텍,2025,CFS,CF,영업활동현금흐름,"-778,460,325",원천계정명: Ⅰ. 영업활동현금흐름,2026-07-09
01685251,451760,컨텍,2025,CFS,BS,계약자산,"8,279,799,889",,2026-07-09
01685251,451760,컨텍,2025,CFS,BS,계약부채,"28,937,609,371",,2026-07-09
01685251,451760,컨텍,2025,CFS,BS,매출채권,"12,996,845,757",합산 원천계정: 매출채권 및 기타유동채권|비유동매출채권및기타채권,2026-07-09
01685251,451760,컨텍,2025,CFS,BS,재고자산,"20,846,647,588",,2026-07-09
01685251,451760,컨텍,2024,CFS,CIS,매출액,"68,983,081,678",원천계정명: Ⅰ. 매출액,2026-07-09
01685251,451760,컨텍,2024,CFS,CIS,영업이익,"-12,185,920,249",원천계정명: Ⅴ. 영업이익(손실),2026-07-09
01685251,451760,컨텍,2024,CFS,CF,영업활동현금흐름,"1,851,770,270",원천계정명: Ⅰ. 영업활동현금흐름,2026-07-09
01685251,451760,컨텍,2024,CFS,BS,계약자산,"3,368,145,943",,2026-07-09
01685251,451760,컨텍,2024,CFS,BS,계약부채,"25,732,339,196",,2026-07-09
01685251,451760,컨텍,2024,CFS,BS,매출채권,"17,732,306,594",합산 원천계정: 매출채권 및 기타유동채권|비유동매출채권및기타채권,2026-07-09
01685251,451760,컨텍,2024,CFS,BS,재고자산,"21,310,432,942",,2026-07-09
01685251,451760,컨텍,2023,CFS,CIS,매출액,"15,813,851,205",,2026-07-09
01685251,451760,컨텍,2023,CFS,CIS,영업이익,"-9,982,807,232",원천계정명: 영업이익(손실),2026-07-09
01685251,451760,컨텍,2023,CFS,CF,영업활동현금흐름,"-6,074,845,173",,2026-07-09
01685251,451760,컨텍,2023,CFS,BS,계약자산,"2,514,922,205",원천계정명: 유동계약자산,2026-07-09
01685251,451760,컨텍,2023,CFS,BS,계약부채,"2,689,919,798",,2026-07-09
01685251,451760,컨텍,2023,CFS,BS,매출채권,"1,331,503,494",합산 원천계정: 매출채권 및 기타유동채권|비유동매출채권및기타채권,2026-07-09
01685251,451760,컨텍,2023,CFS,BS,재고자산,"1,262,297,250",원천계정명: 유동재고자산,2026-07-09
01685251,451760,컨텍,2022,,,매출액,,해당 연도 원천 재무제표 없음 (보유연도: 2023|2024|2025),2026-07-09
01685251,451760,컨텍,2022,,,영업이익,,해당 연도 원천 재무제표 없음 (보유연도: 2023|2024|2025),2026-07-09
01685251,451760,컨텍,2022,,,영업활동현금흐름,,해당 연도 원천 재무제표 없음 (보유연도: 2023|2024|2025),2026-07-09
01685251,451760,컨텍,2022,,,계약자산,,해당 연도 원천 재무제표 없음 (보유연도: 2023|2024|2025),2026-07-09
01685251,451760,컨텍,2022,,,계약부채,,해당 연도 원천 재무제표 없음 (보유연도: 2023|2024|2025),2026-07-09
01685251,451760,컨텍,2022,,,매출채권,,해당 연도 원천 재무제표 없음 (보유연도: 2023|2024|2025),2026-07-09
01685251,451760,컨텍,2022,,,재고자산,,해당 연도 원천 재무제표 없음 (보유연도: 2023|2024|2025),2026-07-09
01685251,451760,컨텍,2021,,,매출액,,해당 연도 원천 재무제표 없음 (보유연도: 2023|2024|2025),2026-07-09
01685251,451760,컨텍,2021,,,영업이익,,해당 연도 원천 재무제표 없음 (보유연도: 2023|2024|2025),2026-07-09
01685251,451760,컨텍,2021,,,영업활동현금흐름,,해당 연도 원천 재무제표 없음 (보유연도: 2023|2024|2025),2026-07-09
01685251,451760,컨텍,2021,,,계약자산,,해당 연도 원천 재무제표 없음 (보유연도: 2023|2024|2025),2026-07-09
01685251,451760,컨텍,2021,,,계약부채,,해당 연도 원천 재무제표 없음 (보유연도: 2023|2024|2025),2026-07-09
01685251,451760,컨텍,2021,,,매출채권,,해당 연도 원천 재무제표 없음 (보유연도: 2023|2024|2025),2026-07-09
01685251,451760,컨텍,2021,,,재고자산,,해당 연도 원천 재무제표 없음 (보유연도: 2023|2024|2025),2026-07-09
01158553,274090,켄코아에어로스페이스,2025,CFS,CIS,매출액,"76,394,211,868",원천계정명: 수익(매출액),2026-07-09
01158553,274090,켄코아에어로스페이스,2025,CFS,CIS,영업이익,"-9,230,768,983",원천계정명: 영업손익,2026-07-09
01158553,274090,켄코아에어로스페이스,2025,CFS,CF,영업활동현금흐름,"-617,387,612",,2026-07-09
01158553,274090,켄코아에어로스페이스,2025,,,계약자산,,해당 연도 재무제표에 해당 계정 없음,2026-07-09
01158553,274090,켄코아에어로스페이스,2025,,,계약부채,,해당 연도 재무제표에 해당 계정 없음,2026-07-09
01158553,274090,켄코아에어로스페이스,2025,CFS,BS,매출채권,"18,764,302,431",합산 원천계정: 매출채권및기타채권|장기매출채권 및 기타비유동채권,2026-07-09
01158553,274090,켄코아에어로스페이스,2025,CFS,BS,재고자산,"62,119,594,259",원천계정명: 유동재고자산,2026-07-09
01158553,274090,켄코아에어로스페이스,2024,CFS,CIS,매출액,"86,153,888,057",,2026-07-09
01158553,274090,켄코아에어로스페이스,2024,CFS,CIS,영업이익,"-5,352,275,654",원천계정명: 영업손익,2026-07-09
01158553,274090,켄코아에어로스페이스,2024,CFS,CF,영업활동현금흐름,"-22,606,230,505",,2026-07-09
01158553,274090,켄코아에어로스페이스,2024,,,계약자산,,해당 연도 재무제표에 해당 계정 없음,2026-07-09
01158553,274090,켄코아에어로스페이스,2024,,,계약부채,,해당 연도 재무제표에 해당 계정 없음,2026-07-09
01158553,274090,켄코아에어로스페이스,2024,CFS,BS,매출채권,"21,460,350,570",합산 원천계정: 매출채권및기타채권|장기매출채권및기타채권,2026-07-09
01158553,274090,켄코아에어로스페이스,2024,CFS,BS,재고자산,"61,002,798,604",원천계정명: 유동재고자산,2026-07-09
01158553,274090,켄코아에어로스페이스,2023,CFS,CIS,매출액,"91,142,703,333",,2026-07-09
01158553,274090,켄코아에어로스페이스,2023,CFS,CIS,영업이익,"877,125,128",원천계정명: 영업손익,2026-07-09
01158553,274090,켄코아에어로스페이스,2023,CFS,CF,영업활동현금흐름,"-7,292,173,155",,2026-07-09
01158553,274090,켄코아에어로스페이스,2023,,,계약자산,,해당 연도 재무제표에 해당 계정 없음,2026-07-09
01158553,274090,켄코아에어로스페이스,2023,,,계약부채,,해당 연도 재무제표에 해당 계정 없음,2026-07-09
01158553,274090,켄코아에어로스페이스,2023,CFS,BS,매출채권,"18,252,262,621",합산 원천계정: 매출채권및기타채권|장기매출채권및기타채권,2026-07-09
01158553,274090,켄코아에어로스페이스,2023,CFS,BS,재고자산,"49,876,196,328",원천계정명: 유동재고자산,2026-07-09
01158553,274090,켄코아에어로스페이스,2022,CFS,CIS,매출액,"75,855,078,822",,2026-07-09
01158553,274090,켄코아에어로스페이스,2022,CFS,CIS,영업이익,"7,986,393,339",원천계정명: 영업손익,2026-07-09
01158553,274090,켄코아에어로스페이스,2022,CFS,CF,영업활동현금흐름,"-3,839,114,468",,2026-07-09
01158553,274090,켄코아에어로스페이스,2022,,,계약자산,,해당 연도 재무제표에 해당 계정 없음,2026-07-09
01158553,274090,켄코아에어로스페이스,2022,,,계약부채,,해당 연도 재무제표에 해당 계정 없음,2026-07-09
01158553,274090,켄코아에어로스페이스,2022,CFS,BS,매출채권,"16,517,980,758",합산 원천계정: 매출채권및기타채권|장기매출채권및기타채권,2026-07-09
01158553,274090,켄코아에어로스페이스,2022,CFS,BS,재고자산,"36,310,287,595",,2026-07-09
01158553,274090,켄코아에어로스페이스,2021,CFS,CIS,매출액,"54,682,087,389",,2026-07-09
01158553,274090,켄코아에어로스페이스,2021,CFS,CIS,영업이익,"-13,767,636,838",원천계정명: 영업이익(손실),2026-07-09
01158553,274090,켄코아에어로스페이스,2021,CFS,CF,영업활동현금흐름,"-8,360,467,772",,2026-07-09
01158553,274090,켄코아에어로스페이스,2021,,,계약자산,,해당 연도 재무제표에 해당 계정 없음,2026-07-09
01158553,274090,켄코아에어로스페이스,2021,,,계약부채,,해당 연도 재무제표에 해당 계정 없음,2026-07-09
01158553,274090,켄코아에어로스페이스,2021,CFS,BS,매출채권,"9,286,223,428",합산 원천계정: 매출채권및기타채권|장기매출채권및기타채권,2026-07-09
01158553,274090,켄코아에어로스페이스,2021,CFS,BS,재고자산,"22,900,636,492",,2026-07-09
00959210,448710,코츠테크놀로지,2025,OFS,CIS,매출액,"68,114,262,512",,2026-07-09
00959210,448710,코츠테크놀로지,2025,OFS,CIS,영업이익,"8,315,271,995",,2026-07-09
00959210,448710,코츠테크놀로지,2025,OFS,CF,영업활동현금흐름,"6,260,966,511",,2026-07-09
00959210,448710,코츠테크놀로지,2025,OFS,BS,계약자산,"2,993,643,872",,2026-07-09
00959210,448710,코츠테크놀로지,2025,OFS,BS,계약부채,"16,455,190,853",,2026-07-09
00959210,448710,코츠테크놀로지,2025,OFS,BS,매출채권,"10,234,190,726",,2026-07-09
00959210,448710,코츠테크놀로지,2025,OFS,BS,재고자산,"36,127,775,101",,2026-07-09
00959210,448710,코츠테크놀로지,2024,OFS,CIS,매출액,"64,980,786,918",,2026-07-09
00959210,448710,코츠테크놀로지,2024,OFS,CIS,영업이익,"9,479,311,051",,2026-07-09
00959210,448710,코츠테크놀로지,2024,OFS,CF,영업활동현금흐름,"-7,171,498,574",,2026-07-09
00959210,448710,코츠테크놀로지,2024,OFS,BS,계약자산,"2,889,793,728",,2026-07-09
00959210,448710,코츠테크놀로지,2024,OFS,BS,계약부채,"7,537,943,546",,2026-07-09
00959210,448710,코츠테크놀로지,2024,OFS,BS,매출채권,"10,705,223,313",,2026-07-09
00959210,448710,코츠테크놀로지,2024,OFS,BS,재고자산,"28,970,600,402",,2026-07-09
00959210,448710,코츠테크놀로지,2023,OFS,CIS,매출액,"51,299,936,158",,2026-07-09
00959210,448710,코츠테크놀로지,2023,OFS,CIS,영업이익,"8,801,179,354",,2026-07-09
00959210,448710,코츠테크놀로지,2023,OFS,CF,영업활동현금흐름,"6,915,922,794",,2026-07-09
00959210,448710,코츠테크놀로지,2023,OFS,BS,계약자산,"1,613,456,234",,2026-07-09
00959210,448710,코츠테크놀로지,2023,OFS,BS,계약부채,"11,874,690,496",,2026-07-09
00959210,448710,코츠테크놀로지,2023,OFS,BS,매출채권,"3,089,578,388",,2026-07-09
00959210,448710,코츠테크놀로지,2023,OFS,BS,재고자산,"24,075,296,940",,2026-07-09
00959210,448710,코츠테크놀로지,2022,,,매출액,,해당 연도 원천 재무제표 없음 (보유연도: 2023|2024|2025),2026-07-09
00959210,448710,코츠테크놀로지,2022,,,영업이익,,해당 연도 원천 재무제표 없음 (보유연도: 2023|2024|2025),2026-07-09
00959210,448710,코츠테크놀로지,2022,,,영업활동현금흐름,,해당 연도 원천 재무제표 없음 (보유연도: 2023|2024|2025),2026-07-09
00959210,448710,코츠테크놀로지,2022,,,계약자산,,해당 연도 원천 재무제표 없음 (보유연도: 2023|2024|2025),2026-07-09
00959210,448710,코츠테크놀로지,2022,,,계약부채,,해당 연도 원천 재무제표 없음 (보유연도: 2023|2024|2025),2026-07-09
00959210,448710,코츠테크놀로지,2022,,,매출채권,,해당 연도 원천 재무제표 없음 (보유연도: 2023|2024|2025),2026-07-09
00959210,448710,코츠테크놀로지,2022,,,재고자산,,해당 연도 원천 재무제표 없음 (보유연도: 2023|2024|2025),2026-07-09
00959210,448710,코츠테크놀로지,2021,,,매출액,,해당 연도 원천 재무제표 없음 (보유연도: 2023|2024|2025),2026-07-09
00959210,448710,코츠테크놀로지,2021,,,영업이익,,해당 연도 원천 재무제표 없음 (보유연도: 2023|2024|2025),2026-07-09
00959210,448710,코츠테크놀로지,2021,,,영업활동현금흐름,,해당 연도 원천 재무제표 없음 (보유연도: 2023|2024|2025),2026-07-09
00959210,448710,코츠테크놀로지,2021,,,계약자산,,해당 연도 원천 재무제표 없음 (보유연도: 2023|2024|2025),2026-07-09
00959210,448710,코츠테크놀로지,2021,,,계약부채,,해당 연도 원천 재무제표 없음 (보유연도: 2023|2024|2025),2026-07-09
00959210,448710,코츠테크놀로지,2021,,,매출채권,,해당 연도 원천 재무제표 없음 (보유연도: 2023|2024|2025),2026-07-09
00959210,448710,코츠테크놀로지,2021,,,재고자산,,해당 연도 원천 재무제표 없음 (보유연도: 2023|2024|2025),2026-07-09
01513440,368770,파이버프로,2025,CFS,CIS,매출액,"43,472,321,309",,2026-07-09
01513440,368770,파이버프로,2025,CFS,CIS,영업이익,"10,117,199,890",원천계정명: 영업이익(손실),2026-07-09
01513440,368770,파이버프로,2025,CFS,CF,영업활동현금흐름,"5,199,627,005",,2026-07-09
01513440,368770,파이버프로,2025,,,계약자산,,해당 연도 재무제표에 해당 계정 없음,2026-07-09
01513440,368770,파이버프로,2025,,,계약부채,,해당 연도 재무제표에 해당 계정 없음,2026-07-09
01513440,368770,파이버프로,2025,CFS,BS,매출채권,"6,190,407,843",,2026-07-09
01513440,368770,파이버프로,2025,CFS,BS,재고자산,"15,025,749,814",,2026-07-09
01513440,368770,파이버프로,2024,CFS,CIS,매출액,"32,943,669,332",,2026-07-09
01513440,368770,파이버프로,2024,CFS,CIS,영업이익,"7,206,689,949",원천계정명: 영업이익(손실),2026-07-09
01513440,368770,파이버프로,2024,CFS,CF,영업활동현금흐름,"5,905,372,606",,2026-07-09
01513440,368770,파이버프로,2024,,,계약자산,,해당 연도 재무제표에 해당 계정 없음,2026-07-09
01513440,368770,파이버프로,2024,,,계약부채,,해당 연도 재무제표에 해당 계정 없음,2026-07-09
01513440,368770,파이버프로,2024,CFS,BS,매출채권,"3,766,138,860",,2026-07-09
01513440,368770,파이버프로,2024,CFS,BS,재고자산,"14,712,568,811",,2026-07-09
01513440,368770,파이버프로,2023,CFS,CIS,매출액,"19,386,431,576",,2026-07-09
01513440,368770,파이버프로,2023,CFS,CIS,영업이익,"2,616,602,601",원천계정명: 영업이익(손실),2026-07-09
01513440,368770,파이버프로,2023,CFS,CF,영업활동현금흐름,"-1,256,628,121",,2026-07-09
01513440,368770,파이버프로,2023,,,계약자산,,해당 연도 재무제표에 해당 계정 없음,2026-07-09
01513440,368770,파이버프로,2023,,,계약부채,,해당 연도 재무제표에 해당 계정 없음,2026-07-09
01513440,368770,파이버프로,2023,CFS,BS,매출채권,"2,110,270,097",,2026-07-09
01513440,368770,파이버프로,2023,CFS,BS,재고자산,"12,481,140,542",원천계정명: 유동재고자산,2026-07-09
01513440,368770,파이버프로,2022,CFS,CIS,매출액,"18,829,443,327",,2026-07-09
01513440,368770,파이버프로,2022,CFS,CIS,영업이익,"3,418,167,444",원천계정명: 영업이익(손실),2026-07-09
01513440,368770,파이버프로,2022,CFS,CF,영업활동현금흐름,"5,036,360,776",,2026-07-09
01513440,368770,파이버프로,2022,,,계약자산,,해당 연도 재무제표에 해당 계정 없음,2026-07-09
01513440,368770,파이버프로,2022,,,계약부채,,해당 연도 재무제표에 해당 계정 없음,2026-07-09
01513440,368770,파이버프로,2022,CFS,BS,매출채권,"1,888,449,468",합산 원천계정: 기타채권|매출채권,2026-07-09
01513440,368770,파이버프로,2022,CFS,BS,재고자산,"10,145,652,050",,2026-07-09
01513440,368770,파이버프로,2021,,,매출액,,해당 연도 원천 재무제표 없음 (보유연도: 2022|2023|2024|2025),2026-07-09
01513440,368770,파이버프로,2021,,,영업이익,,해당 연도 원천 재무제표 없음 (보유연도: 2022|2023|2024|2025),2026-07-09
01513440,368770,파이버프로,2021,,,영업활동현금흐름,,해당 연도 원천 재무제표 없음 (보유연도: 2022|2023|2024|2025),2026-07-09
01513440,368770,파이버프로,2021,,,계약자산,,해당 연도 원천 재무제표 없음 (보유연도: 2022|2023|2024|2025),2026-07-09
01513440,368770,파이버프로,2021,,,계약부채,,해당 연도 원천 재무제표 없음 (보유연도: 2022|2023|2024|2025),2026-07-09
01513440,368770,파이버프로,2021,,,매출채권,,해당 연도 원천 재무제표 없음 (보유연도: 2022|2023|2024|2025),2026-07-09
01513440,368770,파이버프로,2021,,,재고자산,,해당 연도 원천 재무제표 없음 (보유연도: 2022|2023|2024|2025),2026-07-09
00148522,010820,퍼스텍,2025,OFS,CIS,매출액,"294,842,426,804",원천계정명: 매출,2026-07-09
00148522,010820,퍼스텍,2025,OFS,CIS,영업이익,"10,663,228,873",,2026-07-09
00148522,010820,퍼스텍,2025,OFS,CF,영업활동현금흐름,"-20,244,567,579",원천계정명: 영업활동으로 인한 현금흐름,2026-07-09
00148522,010820,퍼스텍,2025,OFS,BS,계약자산,"559,369,373",,2026-07-09
00148522,010820,퍼스텍,2025,OFS,BS,계약부채,"242,127,447,770",,2026-07-09
00148522,010820,퍼스텍,2025,OFS,BS,매출채권,"50,967,616,673",원천계정명: 매출채권및기타채권,2026-07-09
00148522,010820,퍼스텍,2025,OFS,BS,재고자산,"107,551,103,641",,2026-07-09
00148522,010820,퍼스텍,2024,OFS,CIS,매출액,"207,273,257,566",원천계정명: 수익(매출액),2026-07-09
00148522,010820,퍼스텍,2024,OFS,CIS,영업이익,"4,348,353,305",원천계정명: 영업이익(손실),2026-07-09
00148522,010820,퍼스텍,2024,OFS,CF,영업활동현금흐름,"74,784,629,742",,2026-07-09
00148522,010820,퍼스텍,2024,OFS,BS,계약자산,"1,107,176,387",원천계정명: 유동계약자산,2026-07-09
00148522,010820,퍼스텍,2024,OFS,BS,계약부채,"230,174,101,011",원천계정명: 유동계약부채,2026-07-09
00148522,010820,퍼스텍,2024,OFS,BS,매출채권,"21,130,416,867","합산 원천계정: 매출채권 및 기타유동채권|장기매출채권 및 기타비유동채권, 총액",2026-07-09
00148522,010820,퍼스텍,2024,OFS,BS,재고자산,"71,557,594,414",원천계정명: 유동재고자산,2026-07-09
00148522,010820,퍼스텍,2023,OFS,CIS,매출액,"173,103,350,935",원천계정명: 수익(매출액),2026-07-09
00148522,010820,퍼스텍,2023,OFS,CIS,영업이익,"2,508,074,315",원천계정명: 영업이익(손실),2026-07-09
00148522,010820,퍼스텍,2023,OFS,CF,영업활동현금흐름,"37,865,850,942",,2026-07-09
00148522,010820,퍼스텍,2023,OFS,BS,계약자산,"765,509,200",원천계정명: 유동계약자산,2026-07-09
00148522,010820,퍼스텍,2023,OFS,BS,계약부채,"150,385,292,791",원천계정명: 유동계약부채,2026-07-09
00148522,010820,퍼스텍,2023,OFS,BS,매출채권,"19,461,044,020",합산 원천계정: 매출채권 및 기타유동채권|장기매출채권 및 기타비유동채권,2026-07-09
00148522,010820,퍼스텍,2023,OFS,BS,재고자산,"53,558,617,390",원천계정명: 유동재고자산,2026-07-09
00148522,010820,퍼스텍,2022,OFS,CIS,매출액,"160,154,489,954",원천계정명: 수익(매출액),2026-07-09
00148522,010820,퍼스텍,2022,OFS,CIS,영업이익,"3,112,927,906",원천계정명: 영업이익(손실),2026-07-09
00148522,010820,퍼스텍,2022,OFS,CF,영업활동현금흐름,"1,225,830,474",,2026-07-09
00148522,010820,퍼스텍,2022,OFS,BS,계약자산,"6,836,993,317",원천계정명: 유동계약자산,2026-07-09
00148522,010820,퍼스텍,2022,OFS,BS,계약부채,"87,441,521,504",원천계정명: 유동계약부채,2026-07-09
00148522,010820,퍼스텍,2022,OFS,BS,매출채권,"15,074,719,152",합산 원천계정: 매출채권 및 기타유동채권|장기매출채권 및 기타비유동채권,2026-07-09
00148522,010820,퍼스텍,2022,OFS,BS,재고자산,"40,510,884,291",,2026-07-09
00148522,010820,퍼스텍,2021,OFS,CIS,매출액,"136,697,477,681",원천계정명: 수익(매출액),2026-07-09
00148522,010820,퍼스텍,2021,OFS,CIS,영업이익,"4,334,722,379",원천계정명: 영업이익(손실),2026-07-09
00148522,010820,퍼스텍,2021,OFS,CF,영업활동현금흐름,"-6,873,595,656",,2026-07-09
00148522,010820,퍼스텍,2021,OFS,BS,계약자산,"11,155,333,797",원천계정명: 유동계약자산,2026-07-09
00148522,010820,퍼스텍,2021,OFS,BS,계약부채,"98,311,446,422",원천계정명: 유동계약부채,2026-07-09
00148522,010820,퍼스텍,2021,OFS,BS,매출채권,"17,301,500,446",합산 원천계정: 매출채권 및 기타유동채권|장기매출채권 및 기타비유동채권,2026-07-09
00148522,010820,퍼스텍,2021,OFS,BS,재고자산,"31,784,865,316",,2026-07-09
00684714,103140,풍산,2025,CFS,CIS,매출액,"5,048,580,386,639",,2026-07-09
00684714,103140,풍산,2025,CFS,CIS,영업이익,"297,427,463,130",,2026-07-09
00684714,103140,풍산,2025,CFS,CF,영업활동현금흐름,"-168,485,078,220",원천계정명: 영업활동순현금흐름,2026-07-09
00684714,103140,풍산,2025,CFS,BS,계약자산,"63,832,787",원천계정명: 미수수익,2026-07-09
00684714,103140,풍산,2025,CFS,BS,계약부채,"466,989,076,864",합산 원천계정: 계약부채|장기성계약부채,2026-07-09
00684714,103140,풍산,2025,CFS,BS,매출채권,"827,362,138,769",합산 원천계정: 매출채권|미수금|장기성대여금|장기성매출채권,2026-07-09
00684714,103140,풍산,2025,CFS,BS,재고자산,"1,623,355,782,857",,2026-07-09
00684714,103140,풍산,2024,CFS,CIS,매출액,"4,554,411,454,633",,2026-07-09
00684714,103140,풍산,2024,CFS,CIS,영업이익,"323,768,893,078",,2026-07-09
00684714,103140,풍산,2024,CFS,CF,영업활동현금흐름,"39,903,295,797",원천계정명: 영업활동순현금흐름,2026-07-09
00684714,103140,풍산,2024,CFS,BS,계약자산,"714,484,883",원천계정명: 미수수익,2026-07-09
00684714,103140,풍산,2024,CFS,BS,계약부채,"510,584,763,476",합산 원천계정: 계약부채|비유동계약부채,2026-07-09
00684714,103140,풍산,2024,CFS,BS,매출채권,"670,844,672,839",합산 원천계정: 미수금|비유동매출채권|유동매출채권|장기대여금,2026-07-09
00684714,103140,풍산,2024,CFS,BS,재고자산,"1,458,732,325,662",,2026-07-09
00684714,103140,풍산,2023,CFS,CIS,매출액,"4,125,263,947,257",,2026-07-09
00684714,103140,풍산,2023,CFS,CIS,영업이익,"228,636,480,718",,2026-07-09
00684714,103140,풍산,2023,CFS,CF,영업활동현금흐름,"696,183,745,202",원천계정명: 영업활동순현금흐름,2026-07-09
00684714,103140,풍산,2023,,,계약자산,,"표준 매칭 없음, 유사계정: 계약부채",2026-07-09
00684714,103140,풍산,2023,CFS,BS,계약부채,"513,668,069,251",,2026-07-09
00684714,103140,풍산,2023,CFS,BS,매출채권,"560,275,374,962",합산 원천계정: 미수금|비유동매출채권|유동매출채권,2026-07-09
00684714,103140,풍산,2023,CFS,BS,재고자산,"1,227,253,339,332",,2026-07-09
00684714,103140,풍산,2022,CFS,CIS,매출액,"4,372,982,501,228",,2026-07-09
00684714,103140,풍산,2022,CFS,CIS,영업이익,"231,619,553,412",원천계정명: 영업이익(손실),2026-07-09
00684714,103140,풍산,2022,,,영업활동현금흐름,,"표준 매칭 없음, 유사계정: 영업활동순현금흐름|영업활동으로 인한 자산·부채의 변동",2026-07-09
00684714,103140,풍산,2022,,,계약자산,,"표준 매칭 없음, 유사계정: 계약부채",2026-07-09
00684714,103140,풍산,2022,CFS,BS,계약부채,"154,607,746,344",,2026-07-09
00684714,103140,풍산,2022,CFS,BS,매출채권,"578,860,042,799",합산 원천계정: 매출채권|장기성매출채권,2026-07-09
00684714,103140,풍산,2022,CFS,BS,재고자산,"1,204,278,374,058",,2026-07-09
00684714,103140,풍산,2021,CFS,CIS,매출액,"3,509,498,278,523",,2026-07-09
00684714,103140,풍산,2021,CFS,CIS,영업이익,"314,125,035,707",원천계정명: 영업이익(손실),2026-07-09
00684714,103140,풍산,2021,,,영업활동현금흐름,,"표준 매칭 없음, 유사계정: 영업활동순현금흐름|영업활동으로 인한 자산·부채의 변동",2026-07-09
00684714,103140,풍산,2021,,,계약자산,,"표준 매칭 없음, 유사계정: 계약부채",2026-07-09
00684714,103140,풍산,2021,CFS,BS,계약부채,"110,998,640,401",,2026-07-09
00684714,103140,풍산,2021,CFS,BS,매출채권,"500,133,370,978",합산 원천계정: 매출채권|장기성매출채권,2026-07-09
00684714,103140,풍산,2021,CFS,BS,재고자산,"1,183,455,318,498",,2026-07-09
00309503,047810,한국항공우주,2025,CFS,CIS,매출액,"3,696,379,351,601",원천계정명: 수익(매출액),2026-07-09
00309503,047810,한국항공우주,2025,CFS,CIS,영업이익,"269,190,196,660",원천계정명: 영업이익(손실),2026-07-09
00309503,047810,한국항공우주,2025,CFS,CF,영업활동현금흐름,"-903,316,343,552",,2026-07-09
00309503,047810,한국항공우주,2025,CFS,BS,계약자산,"840,442,674,621",원천계정명: 유동계약자산,2026-07-09
00309503,047810,한국항공우주,2025,CFS,BS,계약부채,"2,140,537,042,660",원천계정명: 유동계약부채,2026-07-09
00309503,047810,한국항공우주,2025,CFS,BS,매출채권,"726,765,441,689",합산 원천계정: 비유동매출채권|유동매출채권,2026-07-09
00309503,047810,한국항공우주,2025,CFS,BS,재고자산,"3,637,049,615,737",원천계정명: 유동재고자산,2026-07-09
00309503,047810,한국항공우주,2024,CFS,CIS,매출액,"3,633,742,105,840",원천계정명: 수익(매출액),2026-07-09
00309503,047810,한국항공우주,2024,CFS,CIS,영업이익,"240,718,310,400",원천계정명: 영업이익(손실),2026-07-09
00309503,047810,한국항공우주,2024,CFS,CF,영업활동현금흐름,"-728,182,360,450",,2026-07-09
00309503,047810,한국항공우주,2024,CFS,BS,계약자산,"481,616,109,522",합산 원천계정: 비유동계약자산|유동계약자산,2026-07-09
00309503,047810,한국항공우주,2024,CFS,BS,계약부채,"1,790,653,761,352",원천계정명: 유동계약부채,2026-07-09
00309503,047810,한국항공우주,2024,CFS,BS,매출채권,"428,266,584,604",합산 원천계정: 비유동매출채권|유동매출채권,2026-07-09
00309503,047810,한국항공우주,2024,CFS,BS,재고자산,"2,359,034,707,814",원천계정명: 유동재고자산,2026-07-09
00309503,047810,한국항공우주,2023,CFS,CIS,매출액,"3,819,344,382,446",원천계정명: 수익(매출액),2026-07-09
00309503,047810,한국항공우주,2023,CFS,CIS,영업이익,"247,510,483,155",원천계정명: 영업이익(손실),2026-07-09
00309503,047810,한국항공우주,2023,CFS,CF,영업활동현금흐름,"-700,407,274,159",,2026-07-09
00309503,047810,한국항공우주,2023,CFS,BS,계약자산,"167,048,244,926",합산 원천계정: 비유동계약자산|유동계약자산,2026-07-09
00309503,047810,한국항공우주,2023,CFS,BS,계약부채,"1,801,883,479,074",원천계정명: 유동계약부채,2026-07-09
00309503,047810,한국항공우주,2023,CFS,BS,매출채권,"395,691,511,558",합산 원천계정: 비유동매출채권|유동매출채권,2026-07-09
00309503,047810,한국항공우주,2023,CFS,BS,재고자산,"1,736,483,586,736",원천계정명: 유동재고자산,2026-07-09
00309503,047810,한국항공우주,2022,CFS,CIS,매출액,"2,786,888,282,702",,2026-07-09
00309503,047810,한국항공우주,2022,CFS,CIS,영업이익,"141,617,667,318",원천계정명: 영업이익(손실),2026-07-09
00309503,047810,한국항공우주,2022,CFS,CF,영업활동현금흐름,"1,492,635,299,719",,2026-07-09
00309503,047810,한국항공우주,2022,CFS,BS,계약자산,"202,940,780,493",,2026-07-09
00309503,047810,한국항공우주,2022,CFS,BS,계약부채,"2,189,306,435,993",,2026-07-09
00309503,047810,한국항공우주,2022,CFS,BS,매출채권,"263,071,463,229",,2026-07-09
00309503,047810,한국항공우주,2022,CFS,BS,재고자산,"1,593,078,711,223",,2026-07-09
00309503,047810,한국항공우주,2021,CFS,CIS,매출액,"2,562,283,675,152",,2026-07-09
00309503,047810,한국항공우주,2021,CFS,CIS,영업이익,"58,259,436,460",원천계정명: 영업이익(손실),2026-07-09
00309503,047810,한국항공우주,2021,CFS,CF,영업활동현금흐름,"439,964,696,155",,2026-07-09
00309503,047810,한국항공우주,2021,CFS,BS,계약자산,"188,945,234,419",,2026-07-09
00309503,047810,한국항공우주,2021,CFS,BS,계약부채,"1,015,375,295,778",,2026-07-09
00309503,047810,한국항공우주,2021,CFS,BS,매출채권,"284,710,378,168",,2026-07-09
00309503,047810,한국항공우주,2021,CFS,BS,재고자산,"1,324,665,604,925",,2026-07-09
00162832,024740,한일단조,2025,CFS,IS,매출액,"126,595,207,214",원천계정명: 수익(매출액),2026-07-09
00162832,024740,한일단조,2025,CFS,IS,영업이익,"3,519,821,207",원천계정명: 영업이익(손실),2026-07-09
00162832,024740,한일단조,2025,CFS,CF,영업활동현금흐름,"8,259,669,632",,2026-07-09
00162832,024740,한일단조,2025,,,계약자산,,해당 연도 재무제표에 해당 계정 없음,2026-07-09
00162832,024740,한일단조,2025,,,계약부채,,해당 연도 재무제표에 해당 계정 없음,2026-07-09
00162832,024740,한일단조,2025,CFS,BS,매출채권,"27,394,780,959",원천계정명: 매출채권 및 기타유동채권,2026-07-09
00162832,024740,한일단조,2025,CFS,BS,재고자산,"48,897,607,284",원천계정명: 유동재고자산,2026-07-09
00162832,024740,한일단조,2024,CFS,IS,매출액,"139,379,274,208",원천계정명: 수익(매출액),2026-07-09
00162832,024740,한일단조,2024,CFS,IS,영업이익,"8,288,832,921",원천계정명: 영업이익(손실),2026-07-09
00162832,024740,한일단조,2024,CFS,CF,영업활동현금흐름,"24,407,443,275",,2026-07-09
00162832,024740,한일단조,2024,,,계약자산,,해당 연도 재무제표에 해당 계정 없음,2026-07-09
00162832,024740,한일단조,2024,,,계약부채,,해당 연도 재무제표에 해당 계정 없음,2026-07-09
00162832,024740,한일단조,2024,CFS,BS,매출채권,"25,260,085,855",원천계정명: 매출채권 및 기타유동채권,2026-07-09
00162832,024740,한일단조,2024,CFS,BS,재고자산,"45,991,693,469",원천계정명: 유동재고자산,2026-07-09
00162832,024740,한일단조,2023,CFS,IS,매출액,"178,166,776,876",원천계정명: 수익(매출액),2026-07-09
00162832,024740,한일단조,2023,CFS,IS,영업이익,"15,168,146,222",원천계정명: 영업이익(손실),2026-07-09
00162832,024740,한일단조,2023,CFS,CF,영업활동현금흐름,"30,687,042,339",,2026-07-09
00162832,024740,한일단조,2023,,,계약자산,,해당 연도 재무제표에 해당 계정 없음,2026-07-09
00162832,024740,한일단조,2023,,,계약부채,,해당 연도 재무제표에 해당 계정 없음,2026-07-09
00162832,024740,한일단조,2023,CFS,BS,매출채권,"36,877,267,342",원천계정명: 매출채권 및 기타유동채권,2026-07-09
00162832,024740,한일단조,2023,CFS,BS,재고자산,"46,190,222,617",원천계정명: 유동재고자산,2026-07-09
00162832,024740,한일단조,2022,CFS,IS,매출액,"177,364,538,405",원천계정명: 수익(매출액),2026-07-09
00162832,024740,한일단조,2022,CFS,IS,영업이익,"14,579,806,106",원천계정명: 영업이익(손실),2026-07-09
00162832,024740,한일단조,2022,CFS,CF,영업활동현금흐름,"18,629,865,919",,2026-07-09
00162832,024740,한일단조,2022,,,계약자산,,해당 연도 재무제표에 해당 계정 없음,2026-07-09
00162832,024740,한일단조,2022,,,계약부채,,해당 연도 재무제표에 해당 계정 없음,2026-07-09
00162832,024740,한일단조,2022,CFS,BS,매출채권,"39,654,839,421",원천계정명: 매출채권 및 기타유동채권,2026-07-09
00162832,024740,한일단조,2022,CFS,BS,재고자산,"51,252,925,907",,2026-07-09
00162832,024740,한일단조,2021,CFS,IS,매출액,"152,471,478,934",원천계정명: 수익(매출액),2026-07-09
00162832,024740,한일단조,2021,CFS,IS,영업이익,"-3,353,121,692",원천계정명: 영업이익(손실),2026-07-09
00162832,024740,한일단조,2021,CFS,CF,영업활동현금흐름,"-5,530,836,693",,2026-07-09
00162832,024740,한일단조,2021,,,계약자산,,해당 연도 재무제표에 해당 계정 없음,2026-07-09
00162832,024740,한일단조,2021,,,계약부채,,해당 연도 재무제표에 해당 계정 없음,2026-07-09
00162832,024740,한일단조,2021,CFS,BS,매출채권,"38,506,157,033",원천계정명: 매출채권 및 기타유동채권,2026-07-09
00162832,024740,한일단조,2021,CFS,BS,재고자산,"36,682,731,398",,2026-07-09
00339391,272210,한화시스템,2025,CFS,CIS,매출액,"3,664,150,568,020",,2026-07-09
00339391,272210,한화시스템,2025,CFS,CIS,영업이익,"119,898,725,355",원천계정명: 영업이익(손실),2026-07-09
00339391,272210,한화시스템,2025,CFS,CF,영업활동현금흐름,"78,736,816,771",,2026-07-09
00339391,272210,한화시스템,2025,,,계약자산,,해당 연도 재무제표에 해당 계정 없음,2026-07-09
00339391,272210,한화시스템,2025,,,계약부채,,해당 연도 재무제표에 해당 계정 없음,2026-07-09
00339391,272210,한화시스템,2025,CFS,BS,매출채권,"450,887,458,943",원천계정명: 매출채권 및 기타유동채권,2026-07-09
00339391,272210,한화시스템,2025,CFS,BS,재고자산,"810,743,032,914",원천계정명: 유동재고자산,2026-07-09
00339391,272210,한화시스템,2024,CFS,CIS,매출액,"2,803,686,058,274",,2026-07-09
00339391,272210,한화시스템,2024,CFS,CIS,영업이익,"219,345,297,682",원천계정명: 영업이익(손실),2026-07-09
00339391,272210,한화시스템,2024,CFS,CF,영업활동현금흐름,"132,623,693,858",,2026-07-09
00339391,272210,한화시스템,2024,,,계약자산,,해당 연도 재무제표에 해당 계정 없음,2026-07-09
00339391,272210,한화시스템,2024,,,계약부채,,해당 연도 재무제표에 해당 계정 없음,2026-07-09
00339391,272210,한화시스템,2024,CFS,BS,매출채권,"309,758,809,799",원천계정명: 매출채권 및 기타유동채권,2026-07-09
00339391,272210,한화시스템,2024,CFS,BS,재고자산,"610,096,270,571",원천계정명: 유동재고자산,2026-07-09
00339391,272210,한화시스템,2023,CFS,CIS,매출액,"2,453,079,541,922",,2026-07-09
00339391,272210,한화시스템,2023,CFS,CIS,영업이익,"92,870,721,114",원천계정명: 영업이익(손실),2026-07-09
00339391,272210,한화시스템,2023,CFS,CF,영업활동현금흐름,"83,363,237,049",,2026-07-09
00339391,272210,한화시스템,2023,,,계약자산,,해당 연도 재무제표에 해당 계정 없음,2026-07-09
00339391,272210,한화시스템,2023,,,계약부채,,해당 연도 재무제표에 해당 계정 없음,2026-07-09
00339391,272210,한화시스템,2023,CFS,BS,매출채권,"202,103,095,305",합산 원천계정: 매출채권 및 기타유동채권|장기매출채권 및 기타비유동채권,2026-07-09
00339391,272210,한화시스템,2023,CFS,BS,재고자산,"501,085,247,270",원천계정명: 유동재고자산,2026-07-09
00339391,272210,한화시스템,2022,CFS,CIS,매출액,"2,188,002,345,349",,2026-07-09
00339391,272210,한화시스템,2022,CFS,CIS,영업이익,"24,022,201,122",원천계정명: 영업이익(손실),2026-07-09
00339391,272210,한화시스템,2022,CFS,CF,영업활동현금흐름,"268,585,088,688",,2026-07-09
00339391,272210,한화시스템,2022,,,계약자산,,해당 연도 재무제표에 해당 계정 없음,2026-07-09
00339391,272210,한화시스템,2022,,,계약부채,,해당 연도 재무제표에 해당 계정 없음,2026-07-09
00339391,272210,한화시스템,2022,CFS,BS,매출채권,"208,560,923,172",원천계정명: 매출채권및기타채권,2026-07-09
00339391,272210,한화시스템,2022,CFS,BS,재고자산,"372,962,715,500",,2026-07-09
00339391,272210,한화시스템,2021,CFS,CIS,매출액,"2,089,503,039,125",,2026-07-09
00339391,272210,한화시스템,2021,CFS,CIS,영업이익,"112,049,712,222",원천계정명: 영업이익(손실),2026-07-09
00339391,272210,한화시스템,2021,CFS,CF,영업활동현금흐름,"316,513,819,517",,2026-07-09
00339391,272210,한화시스템,2021,,,계약자산,,해당 연도 재무제표에 해당 계정 없음,2026-07-09
00339391,272210,한화시스템,2021,,,계약부채,,해당 연도 재무제표에 해당 계정 없음,2026-07-09
00339391,272210,한화시스템,2021,CFS,BS,매출채권,"181,856,953,861",원천계정명: 매출채권및기타채권,2026-07-09
00339391,272210,한화시스템,2021,CFS,BS,재고자산,"406,045,060,278",,2026-07-09
00126566,012450,한화에어로스페이스,2025,CFS,CIS,매출액,"26,702,901,249,000",원천계정명: 매출,2026-07-09
00126566,012450,한화에어로스페이스,2025,CFS,CIS,영업이익,"3,089,320,181,000",,2026-07-09
00126566,012450,한화에어로스페이스,2025,CFS,CF,영업활동현금흐름,"4,049,804,576,000",원천계정명: 영업활동으로 인한 현금흐름,2026-07-09
00126566,012450,한화에어로스페이스,2025,CFS,BS,계약자산,"6,487,721,490,000",,2026-07-09
00126566,012450,한화에어로스페이스,2025,CFS,BS,계약부채,"15,990,679,254,000",,2026-07-09
00126566,012450,한화에어로스페이스,2025,CFS,BS,매출채권,"4,038,567,523,000",합산 원천계정: 매출채권및기타채권|장기매출채권및기타채권,2026-07-09
00126566,012450,한화에어로스페이스,2025,CFS,BS,재고자산,"7,741,657,563,000",,2026-07-09
00126566,012450,한화에어로스페이스,2024,CFS,CIS,매출액,"11,240,121,484,118",원천계정명: 매출,2026-07-09
00126566,012450,한화에어로스페이스,2024,CFS,CIS,영업이익,"1,731,878,825,342",원천계정명: 영업이익(손실),2026-07-09
00126566,012450,한화에어로스페이스,2024,CFS,CF,영업활동현금흐름,"1,392,972,633,695",,2026-07-09
00126566,012450,한화에어로스페이스,2024,,,계약자산,,해당 연도 재무제표에 해당 계정 없음,2026-07-09
00126566,012450,한화에어로스페이스,2024,,,계약부채,,해당 연도 재무제표에 해당 계정 없음,2026-07-09
00126566,012450,한화에어로스페이스,2024,CFS,BS,매출채권,"9,304,622,971,614",합산 원천계정: 매출채권및기타채권|장기매출채권및기타채권,2026-07-09
00126566,012450,한화에어로스페이스,2024,CFS,BS,재고자산,"6,290,309,306,251",,2026-07-09
00126566,012450,한화에어로스페이스,2023,CFS,CIS,매출액,"9,359,005,981,309",원천계정명: 영업수익,2026-07-09
00126566,012450,한화에어로스페이스,2023,CFS,CIS,영업이익,"691,114,682,400",원천계정명: 영업이익(손실),2026-07-09
00126566,012450,한화에어로스페이스,2023,CFS,CF,영업활동현금흐름,"1,390,220,003,982",,2026-07-09
00126566,012450,한화에어로스페이스,2023,,,계약자산,,해당 연도 재무제표에 해당 계정 없음,2026-07-09
00126566,012450,한화에어로스페이스,2023,,,계약부채,,해당 연도 재무제표에 해당 계정 없음,2026-07-09
00126566,012450,한화에어로스페이스,2023,CFS,BS,매출채권,"2,270,479,291,859",합산 원천계정: 매출채권및기타채권|장기매출채권및기타채권,2026-07-09
00126566,012450,한화에어로스페이스,2023,CFS,BS,재고자산,"2,868,571,514,248",,2026-07-09
00126566,012450,한화에어로스페이스,2022,CFS,CIS,매출액,"6,539,605,817,572",원천계정명: 매출,2026-07-09
00126566,012450,한화에어로스페이스,2022,CFS,CIS,영업이익,"377,215,126,599",,2026-07-09
00126566,012450,한화에어로스페이스,2022,CFS,CF,영업활동현금흐름,"1,524,327,091,276",,2026-07-09
00126566,012450,한화에어로스페이스,2022,,,계약자산,,해당 연도 재무제표에 해당 계정 없음,2026-07-09
00126566,012450,한화에어로스페이스,2022,,,계약부채,,해당 연도 재무제표에 해당 계정 없음,2026-07-09
00126566,012450,한화에어로스페이스,2022,CFS,BS,매출채권,"1,494,012,353,655",합산 원천계정: 매출채권 및 기타유동채권|장기매출채권 및 기타비유동채권,2026-07-09
00126566,012450,한화에어로스페이스,2022,CFS,BS,재고자산,"2,014,204,234,096",,2026-07-09
00126566,012450,한화에어로스페이스,2021,CFS,CIS,매출액,"6,415,087,932,347",원천계정명: 매출,2026-07-09
00126566,012450,한화에어로스페이스,2021,CFS,CIS,영업이익,"383,046,885,903",,2026-07-09
00126566,012450,한화에어로스페이스,2021,CFS,CF,영업활동현금흐름,"990,006,043,035",,2026-07-09
00126566,012450,한화에어로스페이스,2021,,,계약자산,,해당 연도 재무제표에 해당 계정 없음,2026-07-09
00126566,012450,한화에어로스페이스,2021,,,계약부채,,해당 연도 재무제표에 해당 계정 없음,2026-07-09
00126566,012450,한화에어로스페이스,2021,CFS,BS,매출채권,"1,083,079,154,383",합산 원천계정: 매출채권 및 기타유동채권|장기매출채권 및 기타비유동채권,2026-07-09
00126566,012450,한화에어로스페이스,2021,CFS,BS,재고자산,"1,604,806,987,748",,2026-07-09
00111704,042660,한화오션,2025,CFS,IS,매출액,"12,783,512,278,323",,2026-07-09
00111704,042660,한화오션,2025,CFS,IS,영업이익,"1,167,590,137,928",원천계정명: 영업이익(손실),2026-07-09
00111704,042660,한화오션,2025,CFS,CF,영업활동현금흐름,"1,314,671,582,302",원천계정명: 영업활동으로 인한 현금흐름,2026-07-09
00111704,042660,한화오션,2025,CFS,BS,계약자산,"5,506,124,860,394",합산 원천계정: 계약자산|확정계약자산,2026-07-09
00111704,042660,한화오션,2025,CFS,BS,계약부채,"5,213,969,561,792",합산 원천계정: 계약부채|비유동확정계약부채|유동확정계약부채,2026-07-09
00111704,042660,한화오션,2025,CFS,BS,매출채권,"1,062,087,736,102",합산 원천계정: 매출채권및기타채권|장기매출채권및기타채권,2026-07-09
00111704,042660,한화오션,2025,CFS,BS,재고자산,"3,040,398,552,060",,2026-07-09
00111704,042660,한화오션,2024,CFS,IS,매출액,"10,776,004,933,627",,2026-07-09
00111704,042660,한화오션,2024,CFS,IS,영업이익,"237,876,379,317",원천계정명: 영업이익(손실),2026-07-09
00111704,042660,한화오션,2024,CFS,CF,영업활동현금흐름,"-2,904,574,465,563",원천계정명: 영업활동으로 인한 현금흐름,2026-07-09
00111704,042660,한화오션,2024,CFS,BS,계약자산,"5,024,314,443,314",합산 원천계정: 계약자산|확정계약자산,2026-07-09
00111704,042660,한화오션,2024,CFS,BS,계약부채,"4,315,343,882,051",합산 원천계정: 계약부채|확정계약부채,2026-07-09
00111704,042660,한화오션,2024,CFS,BS,매출채권,"1,161,706,693,007",합산 원천계정: 매출채권및기타채권|장기매출채권및기타채권,2026-07-09
00111704,042660,한화오션,2024,CFS,BS,재고자산,"2,779,695,381,926",,2026-07-09
00111704,042660,한화오션,2023,CFS,IS,매출액,"7,408,312,265,643",,2026-07-09
00111704,042660,한화오션,2023,CFS,IS,영업이익,"-196,498,300,366",원천계정명: 영업손실,2026-07-09
00111704,042660,한화오션,2023,CFS,CF,영업활동현금흐름,"-1,939,155,311,922",원천계정명: 영업활동으로 인한 현금흐름,2026-07-09
00111704,042660,한화오션,2023,CFS,BS,계약자산,"2,605,060,672,554",합산 원천계정: 계약자산|확정계약자산,2026-07-09
00111704,042660,한화오션,2023,CFS,BS,계약부채,"4,366,249,553,528",합산 원천계정: 계약부채|확정계약부채,2026-07-09
00111704,042660,한화오션,2023,CFS,BS,매출채권,"606,348,853,771",합산 원천계정: 매출채권및기타채권|장기매출채권및기타채권,2026-07-09
00111704,042660,한화오션,2023,CFS,BS,재고자산,"2,890,783,261,031",,2026-07-09
00111704,042660,한화오션,2022,CFS,IS,매출액,"4,860,150,249,534",,2026-07-09
00111704,042660,한화오션,2022,CFS,IS,영업이익,"-1,613,564,533,698",원천계정명: 영업이익(손실),2026-07-09
00111704,042660,한화오션,2022,CFS,CF,영업활동현금흐름,"-1,065,432,625,974",원천계정명: 영업활동으로 인한 현금흐름,2026-07-09
00111704,042660,한화오션,2022,CFS,BS,계약자산,"2,799,438,878,987",합산 원천계정: 계약자산|확정계약자산,2026-07-09
00111704,042660,한화오션,2022,CFS,BS,계약부채,"4,681,665,778,230",합산 원천계정: 계약부채|확정계약부채,2026-07-09
00111704,042660,한화오션,2022,CFS,BS,매출채권,"608,281,393,959",합산 원천계정: 매출채권및기타채권|장기매출채권및기타채권,2026-07-09
00111704,042660,한화오션,2022,CFS,BS,재고자산,"2,202,075,920,366",,2026-07-09
00111704,042660,한화오션,2021,CFS,IS,매출액,"4,486,585,681,366",,2026-07-09
00111704,042660,한화오션,2021,CFS,IS,영업이익,"-1,754,651,375,507",원천계정명: 영업이익(손실),2026-07-09
00111704,042660,한화오션,2021,CFS,CF,영업활동현금흐름,"485,786,909,235",원천계정명: 영업활동으로 인한 현금흐름,2026-07-09
00111704,042660,한화오션,2021,CFS,BS,계약자산,"2,166,768,454,621",합산 원천계정: 계약자산|확정계약자산,2026-07-09
00111704,042660,한화오션,2021,CFS,BS,계약부채,"2,095,235,322,963",합산 원천계정: 계약부채|확정계약부채,2026-07-09
00111704,042660,한화오션,2021,CFS,BS,매출채권,"449,054,013,912",합산 원천계정: 매출채권및기타채권|장기매출채권및기타채권,2026-07-09
00111704,042660,한화오션,2021,CFS,BS,재고자산,"1,139,095,854,036",,2026-07-09
00302926,064350,현대로템,2025,CFS,CIS,매출액,"5,839,031,553,000",,2026-07-09
00302926,064350,현대로템,2025,CFS,CIS,영업이익,"1,005,640,509,000",원천계정명: 영업손익,2026-07-09
00302926,064350,현대로템,2025,CFS,CF,영업활동현금흐름,"904,313,494,000",원천계정명: 영업활동으로 인한 현금흐름,2026-07-09
00302926,064350,현대로템,2025,CFS,BS,계약자산,"1,012,942,849,000",,2026-07-09
00302926,064350,현대로템,2025,CFS,BS,계약부채,"3,972,014,070,000",,2026-07-09
00302926,064350,현대로템,2025,CFS,BS,매출채권,"3,484,163,497,000",합산 원천계정: 기타유동채권|비유동매출채권|유동매출채권|장기기타채권,2026-07-09
00302926,064350,현대로템,2025,CFS,BS,재고자산,"502,970,368,000",,2026-07-09
00302926,064350,현대로템,2024,CFS,CIS,매출액,"4,376,597,857,000",,2026-07-09
00302926,064350,현대로템,2024,CFS,CIS,영업이익,"456,565,534,000",원천계정명: 영업손익,2026-07-09
00302926,064350,현대로템,2024,CFS,CF,영업활동현금흐름,"142,463,409,000",원천계정명: 영업활동으로 인한 현금흐름,2026-07-09
00302926,064350,현대로템,2024,CFS,BS,계약자산,"802,137,829,000",,2026-07-09
00302926,064350,현대로템,2024,CFS,BS,계약부채,"1,794,227,928,000",,2026-07-09
00302926,064350,현대로템,2024,CFS,BS,매출채권,"1,041,008,462,000",합산 원천계정: 기타유동채권|비유동매출채권|유동매출채권|장기기타채권,2026-07-09
00302926,064350,현대로템,2024,CFS,BS,재고자산,"315,635,860,000",,2026-07-09
00302926,064350,현대로템,2023,CFS,CIS,매출액,"3,587,382,453,000",,2026-07-09
00302926,064350,현대로템,2023,CFS,CIS,영업이익,"210,046,594,000",원천계정명: 영업손익,2026-07-09
00302926,064350,현대로템,2023,CFS,CF,영업활동현금흐름,"734,191,933,000",원천계정명: 영업활동으로 인한 현금흐름,2026-07-09
00302926,064350,현대로템,2023,CFS,BS,계약자산,"1,191,078,031,000",,2026-07-09
00302926,064350,현대로템,2023,CFS,BS,계약부채,"1,624,842,673,000",,2026-07-09
00302926,064350,현대로템,2023,CFS,BS,매출채권,"401,409,285,000",합산 원천계정: 매출채권|장기매출채권,2026-07-09
00302926,064350,현대로템,2023,CFS,BS,재고자산,"268,698,882,000",,2026-07-09
00302926,064350,현대로템,2022,CFS,CIS,매출액,"3,163,343,615,000",,2026-07-09
00302926,064350,현대로템,2022,CFS,CIS,영업이익,"147,486,669,000",원천계정명: 영업손익,2026-07-09
00302926,064350,현대로템,2022,CFS,CF,영업활동현금흐름,"716,229,388,000",원천계정명: 영업활동으로 인한 현금흐름,2026-07-09
00302926,064350,현대로템,2022,CFS,BS,계약자산,"1,413,886,339,000",,2026-07-09
00302926,064350,현대로템,2022,CFS,BS,계약부채,"1,216,058,839,000",,2026-07-09
00302926,064350,현대로템,2022,CFS,BS,매출채권,"421,592,998,000",합산 원천계정: 기타채권|매출채권|장기기타금융자산|장기매출채권,2026-07-09
00302926,064350,현대로템,2022,CFS,BS,재고자산,"235,504,483,000",,2026-07-09
00302926,064350,현대로템,2021,CFS,CIS,매출액,"2,872,511,952,000",,2026-07-09
00302926,064350,현대로템,2021,CFS,CIS,영업이익,"80,217,965,000",원천계정명: 영업손익,2026-07-09
00302926,064350,현대로템,2021,CFS,CF,영업활동현금흐름,"-62,713,815,000",원천계정명: 영업활동으로 인한 현금흐름,2026-07-09
00302926,064350,현대로템,2021,CFS,BS,계약자산,"1,421,107,720,000",,2026-07-09
00302926,064350,현대로템,2021,CFS,BS,계약부채,"900,194,038,000",,2026-07-09
00302926,064350,현대로템,2021,CFS,BS,매출채권,"391,116,192,000",합산 원천계정: 기타채권|매출채권|장기기타금융자산|장기매출채권,2026-07-09
00302926,064350,현대로템,2021,CFS,BS,재고자산,"262,147,020,000",,2026-07-09
00106623,011210,현대위아,2025,CFS,CIS,매출액,"8,481,561,000,000",,2026-07-09
00106623,011210,현대위아,2025,CFS,CIS,영업이익,"204,413,000,000",,2026-07-09
00106623,011210,현대위아,2025,CFS,CF,영업활동현금흐름,"404,129,000,000",,2026-07-09
00106623,011210,현대위아,2025,CFS,BS,계약자산,"65,687,000,000",원천계정명: 미청구공사,2026-07-09
00106623,011210,현대위아,2025,CFS,BS,계약부채,"310,443,000,000",원천계정명: 계약부채(초과청구공사),2026-07-09
00106623,011210,현대위아,2025,CFS,BS,매출채권,"1,508,669,000,000",합산 원천계정: 대여금및기타채권|매출채권|비유동 대여금 및 수취채권|비유동매출채권,2026-07-09
00106623,011210,현대위아,2025,CFS,BS,재고자산,"589,934,000,000",,2026-07-09
00106623,011210,현대위아,2024,CFS,CIS,매출액,"8,180,886,000,000",,2026-07-09
00106623,011210,현대위아,2024,CFS,CIS,영업이익,"218,810,000,000",,2026-07-09
00106623,011210,현대위아,2024,CFS,CF,영업활동현금흐름,"591,988,000,000",,2026-07-09
00106623,011210,현대위아,2024,CFS,BS,계약자산,"74,212,000,000",원천계정명: 미청구공사,2026-07-09
00106623,011210,현대위아,2024,CFS,BS,계약부채,"249,948,000,000",원천계정명: 계약부채(초과청구공사),2026-07-09
00106623,011210,현대위아,2024,CFS,BS,매출채권,"1,577,756,000,000",합산 원천계정: 대여금및기타채권|매출채권|비유동 대여금 및 수취채권|비유동매출채권,2026-07-09
00106623,011210,현대위아,2024,CFS,BS,재고자산,"680,536,000,000",,2026-07-09
00106623,011210,현대위아,2023,CFS,CIS,매출액,"8,590,316,000,000",,2026-07-09
00106623,011210,현대위아,2023,CFS,CIS,영업이익,"229,216,000,000",원천계정명: 영업이익(손실),2026-07-09
00106623,011210,현대위아,2023,CFS,CF,영업활동현금흐름,"468,142,000,000",,2026-07-09
00106623,011210,현대위아,2023,CFS,BS,계약자산,"93,282,000,000",,2026-07-09
00106623,011210,현대위아,2023,CFS,BS,계약부채,"239,594,000,000",원천계정명: 초과청구공사,2026-07-09
00106623,011210,현대위아,2023,CFS,BS,매출채권,"1,653,618,000,000",합산 원천계정: 대여금및기타채권|매출채권|비유동 대여금 및 수취채권|비유동매출채권,2026-07-09
00106623,011210,현대위아,2023,CFS,BS,재고자산,"794,528,000,000",,2026-07-09
00106623,011210,현대위아,2022,CFS,CIS,매출액,"8,207,614,000,000",,2026-07-09
00106623,011210,현대위아,2022,CFS,CIS,영업이익,"212,115,000,000",원천계정명: 영업이익(손실),2026-07-09
00106623,011210,현대위아,2022,CFS,CF,영업활동현금흐름,"423,981,000,000",,2026-07-09
00106623,011210,현대위아,2022,CFS,BS,계약자산,"40,602,000,000",원천계정명: 미청구공사,2026-07-09
00106623,011210,현대위아,2022,CFS,BS,계약부채,"98,056,000,000",원천계정명: 초과청구공사,2026-07-09
00106623,011210,현대위아,2022,CFS,BS,매출채권,"1,704,217,000,000",합산 원천계정: 매출채권|비유동대여금및기타채권|비유동매출채권,2026-07-09
00106623,011210,현대위아,2022,CFS,BS,재고자산,"810,220,000,000",,2026-07-09
00106623,011210,현대위아,2021,CFS,CIS,매출액,"7,527,739,000,000",,2026-07-09
00106623,011210,현대위아,2021,CFS,CIS,영업이익,"102,725,000,000",원천계정명: 영업이익(손실),2026-07-09
00106623,011210,현대위아,2021,CFS,CF,영업활동현금흐름,"290,279,000,000",,2026-07-09
00106623,011210,현대위아,2021,CFS,BS,계약자산,"48,102,000,000",원천계정명: 미청구공사,2026-07-09
00106623,011210,현대위아,2021,CFS,BS,계약부채,"79,912,000,000",원천계정명: 초과청구공사,2026-07-09
00106623,011210,현대위아,2021,CFS,BS,매출채권,"1,551,480,000,000",합산 원천계정: 매출채권|비유동대여금및기타채권|비유동매출채권,2026-07-09
00106623,011210,현대위아,2021,CFS,BS,재고자산,"815,022,000,000",,2026-07-09
00111421,005870,휴니드테크놀러지스,2025,OFS,CIS,매출액,"137,185,901,827",,2026-07-09
00111421,005870,휴니드테크놀러지스,2025,OFS,CIS,영업이익,"-12,032,815,348",,2026-07-09
00111421,005870,휴니드테크놀러지스,2025,OFS,CF,영업활동현금흐름,"-36,417,942,208",원천계정명: 영업활동으로 인한 현금흐름,2026-07-09
00111421,005870,휴니드테크놀러지스,2025,,,계약자산,,"표준 매칭 없음, 유사계정: 계약부채",2026-07-09
00111421,005870,휴니드테크놀러지스,2025,OFS,BS,계약부채,"29,771,132,862",,2026-07-09
00111421,005870,휴니드테크놀러지스,2025,OFS,BS,매출채권,"102,630,842,836",원천계정명: 매출채권및상각후원가측정금융자산,2026-07-09
00111421,005870,휴니드테크놀러지스,2025,OFS,BS,재고자산,"92,190,985,791",,2026-07-09
00111421,005870,휴니드테크놀러지스,2024,OFS,CIS,매출액,"230,800,588,043",,2026-07-09
00111421,005870,휴니드테크놀러지스,2024,OFS,CIS,영업이익,"9,134,041,295",원천계정명: 영업이익(손실),2026-07-09
00111421,005870,휴니드테크놀러지스,2024,OFS,CF,영업활동현금흐름,"-34,453,382,119",,2026-07-09
00111421,005870,휴니드테크놀러지스,2024,,,계약자산,,"표준 매칭 없음, 유사계정: 계약부채",2026-07-09
00111421,005870,휴니드테크놀러지스,2024,OFS,BS,계약부채,"51,438,448,220",,2026-07-09
00111421,005870,휴니드테크놀러지스,2024,OFS,BS,매출채권,"37,769,732,207",원천계정명: 매출채권및상각후원가측정금융자산,2026-07-09
00111421,005870,휴니드테크놀러지스,2024,OFS,BS,재고자산,"95,541,477,373",원천계정명: 유동재고자산,2026-07-09
00111421,005870,휴니드테크놀러지스,2023,OFS,CIS,매출액,"228,843,875,014",,2026-07-09
00111421,005870,휴니드테크놀러지스,2023,OFS,CIS,영업이익,"17,360,970,116",원천계정명: 영업이익(손실),2026-07-09
00111421,005870,휴니드테크놀러지스,2023,OFS,CF,영업활동현금흐름,"17,511,904,228",원천계정명: 영업활동으로 인한 현금흐름,2026-07-09
00111421,005870,휴니드테크놀러지스,2023,,,계약자산,,"표준 매칭 없음, 유사계정: 계약부채",2026-07-09
00111421,005870,휴니드테크놀러지스,2023,OFS,BS,계약부채,"99,398,518,656",,2026-07-09
00111421,005870,휴니드테크놀러지스,2023,OFS,BS,매출채권,"55,119,183,731",원천계정명: 매출채권및상각후원가측정금융자산,2026-07-09
00111421,005870,휴니드테크놀러지스,2023,OFS,BS,재고자산,"98,909,472,509",원천계정명: 유동재고자산,2026-07-09
00111421,005870,휴니드테크놀러지스,2022,OFS,CIS,매출액,"222,470,897,615",,2026-07-09
00111421,005870,휴니드테크놀러지스,2022,OFS,CIS,영업이익,"12,661,325,441",원천계정명: 영업이익(손실),2026-07-09
00111421,005870,휴니드테크놀러지스,2022,OFS,CF,영업활동현금흐름,"48,128,563,271",원천계정명: 영업활동으로 인한 현금흐름,2026-07-09
00111421,005870,휴니드테크놀러지스,2022,,,계약자산,,"표준 매칭 없음, 유사계정: 계약부채",2026-07-09
00111421,005870,휴니드테크놀러지스,2022,OFS,BS,계약부채,"139,567,166,386",,2026-07-09
00111421,005870,휴니드테크놀러지스,2022,OFS,BS,매출채권,"48,931,460,576",원천계정명: 매출채권및상각후원가측정금융자산,2026-07-09
00111421,005870,휴니드테크놀러지스,2022,OFS,BS,재고자산,"89,891,553,329",,2026-07-09
00111421,005870,휴니드테크놀러지스,2021,OFS,CIS,매출액,"227,701,907,939",,2026-07-09
00111421,005870,휴니드테크놀러지스,2021,OFS,CIS,영업이익,"13,294,091,773",원천계정명: 영업이익(손실),2026-07-09
00111421,005870,휴니드테크놀러지스,2021,OFS,CF,영업활동현금흐름,"-18,270,879,384",원천계정명: 영업활동으로 인한 현금흐름,2026-07-09
00111421,005870,휴니드테크놀러지스,2021,,,계약자산,,"표준 매칭 없음, 유사계정: 계약부채",2026-07-09
00111421,005870,휴니드테크놀러지스,2021,OFS,BS,계약부채,"101,147,501,189",,2026-07-09
00111421,005870,휴니드테크놀러지스,2021,OFS,BS,매출채권,"13,663,063,816",원천계정명: 매출채권및상각후원가측정금융자산,2026-07-09
00111421,005870,휴니드테크놀러지스,2021,OFS,BS,재고자산,"95,886,704,214",,2026-07-09