corp_code,stock_code,corp_name,year,fs_div,sj_div,account_name,amount,memo,updated_at
00160843,000990,DB하이텍,2025,CFS,IS,금융비용,3.06E+10,,2026-07-11
00160843,000990,DB하이텍,2025,CFS,IS,금융비용,3.06E+10,,2026-07-11
00160843,000990,DB하이텍,2025,CFS,CIS,당기순이익,2.53E+11,,2026-07-11
00160843,000990,DB하이텍,2025,CFS,IS,매출액,1.40E+12,,2026-07-11
00160843,000990,DB하이텍,2025,CFS,IS,매출원가,8.97E+11,,2026-07-11
00160843,000990,DB하이텍,2025,CFS,BS,매출채권,1.35E+11,,2026-07-11
00160843,000990,DB하이텍,2025,CFS,BS,무형자산,7.96E+10,,2026-07-11
00160843,000990,DB하이텍,2025,CFS,CF,무형자산의 취득,8163875766,,2026-07-11
00160843,000990,DB하이텍,2025,CFS,CF,배당금지급,5.05E+10,,2026-07-11
00160843,000990,DB하이텍,2025,CFS,BS,부채총계,7.49E+11,,2026-07-11
00160843,000990,DB하이텍,2025,CFS,BS,비유동부채,1.69E+11,,2026-07-11
00160843,000990,DB하이텍,2025,CFS,IS,영업이익,2.77E+11,,2026-07-11
00160843,000990,DB하이텍,2025,CFS,CF,영업활동현금흐름,3.57E+11,,2026-07-11
00160843,000990,DB하이텍,2025,CFS,BS,유형자산,1.23E+12,,2026-07-11
00160843,000990,DB하이텍,2025,CFS,CF,유형자산의 취득,1.46E+11,,2026-07-11
00160843,000990,DB하이텍,2025,CFS,BS,자본총계,2.24E+12,,2026-07-11
00160843,000990,DB하이텍,2025,CFS,BS,재고자산,9.75E+10,,2026-07-11
00160843,000990,DB하이텍,2025,CFS,CF,재무활동현금흐름,6.77E+10,,2026-07-11
00160843,000990,DB하이텍,2025,CFS,BS,총자산,2.99E+12,,2026-07-11
00160843,000990,DB하이텍,2025,CFS,CF,투자활동현금흐름,-3.94E+11,,2026-07-11
00160843,000990,DB하이텍,2025,CFS,IS,판매비와관리비,2.23E+11,,2026-07-11
00160843,000990,DB하이텍,2025,CFS,IS,EBITDA,445000000000.0,,
00160843,000990,DB하이텍,2024,CFS,IS,금융비용,1.35E+10,,2026-07-11
00160843,000990,DB하이텍,2024,CFS,CIS,당기순이익,2.29E+11,,2026-07-11
00160843,000990,DB하이텍,2024,CFS,IS,매출액,1.13E+12,,2026-07-11
00160843,000990,DB하이텍,2024,CFS,IS,매출원가,7.44E+11,,2026-07-11
00160843,000990,DB하이텍,2024,CFS,BS,매출채권,1.00E+11,,2026-07-11
00160843,000990,DB하이텍,2024,CFS,BS,무형자산,24839701375,,2026-07-11
00160843,000990,DB하이텍,2024,CFS,CF,무형자산의 취득,6.84E+09,,2026-07-11
00160843,000990,DB하이텍,2024,CFS,CF,배당금지급,2.42E+10,,2026-07-11
00160843,000990,DB하이텍,2024,CFS,BS,부채총계,3.96E+11,,2026-07-11
00160843,000990,DB하이텍,2024,CFS,BS,비유동부채,79295695384,,2026-07-11
00160843,000990,DB하이텍,2024,CFS,IS,영업이익,1.91E+11,,2026-07-11
00160843,000990,DB하이텍,2024,CFS,CF,영업활동현금흐름,3.83E+11,,2026-07-11
00160843,000990,DB하이텍,2024,CFS,BS,유형자산,1.14E+12,,2026-07-11
00160843,000990,DB하이텍,2024,CFS,CF,유형자산의 취득,1.27E+11,,2026-07-11
00160843,000990,DB하이텍,2024,CFS,BS,자본총계,2.00E+12,,2026-07-11
00160843,000990,DB하이텍,2024,CFS,BS,재고자산,7.04E+10,,2026-07-11
00160843,000990,DB하이텍,2024,CFS,CF,재무활동현금흐름,-1.14E+10,,2026-07-11
00160843,000990,DB하이텍,2024,CFS,BS,총자산,2.40E+12,,2026-07-11
00160843,000990,DB하이텍,2024,CFS,CF,투자활동현금흐름,-3.31E+11,,2026-07-11
00160843,000990,DB하이텍,2024,CFS,IS,판매비와관리비,1.96E+11,,2026-07-11
00160843,000990,DB하이텍,2023,CFS,IS,금융비용,1.06E+10,,2026-07-11
00160843,000990,DB하이텍,2023,CFS,CIS,당기순이익,2.64E+11,,2026-07-11
00160843,000990,DB하이텍,2023,CFS,IS,매출액,1.15E+12,,2026-07-11
00160843,000990,DB하이텍,2023,CFS,IS,매출원가,7.12E+11,,2026-07-11
00160843,000990,DB하이텍,2023,CFS,BS,매출채권,1.10E+11,,2026-07-11
00160843,000990,DB하이텍,2023,CFS,BS,무형자산,2.16E+10,,2026-07-11
00160843,000990,DB하이텍,2023,CFS,CF,무형자산의 취득,6.29E+09,,2026-07-11
00160843,000990,DB하이텍,2023,CFS,CF,배당금지급,5.65E+10,,2026-07-11
00160843,000990,DB하이텍,2023,CFS,BS,부채총계,3.03E+11,,2026-07-11
00160843,000990,DB하이텍,2023,CFS,BS,비유동부채,83145844152,,2026-07-11
00160843,000990,DB하이텍,2023,CFS,IS,영업이익,2.65E+11,,2026-07-11
00160843,000990,DB하이텍,2023,CFS,CF,영업활동현금흐름,2.24E+11,,2026-07-11
00160843,000990,DB하이텍,2023,CFS,BS,유형자산,9.51E+11,,2026-07-11
00160843,000990,DB하이텍,2023,CFS,CF,유형자산의 취득,3.29E+11,,2026-07-11
00160843,000990,DB하이텍,2023,CFS,BS,자본총계,1.74E+12,,2026-07-11
00160843,000990,DB하이텍,2023,CFS,BS,재고자산,8.16E+10,,2026-07-11
00160843,000990,DB하이텍,2023,CFS,CF,재무활동현금흐름,-1.47E+11,,2026-07-11
00160843,000990,DB하이텍,2023,CFS,BS,총자산,2.04E+12,,2026-07-11
00160843,000990,DB하이텍,2023,CFS,CF,투자활동현금흐름,2.75E+10,,2026-07-11
00160843,000990,DB하이텍,2023,CFS,IS,판매비와관리비,1.77E+11,,2026-07-11
01199550,322000,HD현대에너지솔루션,2025,CFS,CIS,금융비용,9.62E+09,,2026-07-11
01199550,322000,HD현대에너지솔루션,2025,CFS,CIS,당기순이익,4.17E+10,,2026-07-11
01199550,322000,HD현대에너지솔루션,2025,CFS,CIS,매출액,4.93E+11,,2026-07-11
01199550,322000,HD현대에너지솔루션,2025,CFS,CIS,매출원가,3.86E+11,,2026-07-11
01199550,322000,HD현대에너지솔루션,2025,CFS,BS,매출채권,1.31E+11,,2026-07-11
01199550,322000,HD현대에너지솔루션,2025,CFS,BS,무형자산,9810882939,,2026-07-11
01199550,322000,HD현대에너지솔루션,2025,CFS,CF,무형자산의 취득,6284322782,,2026-07-11
01199550,322000,HD현대에너지솔루션,2025,CFS,CF,배당금지급,0,,2026-07-11
01199550,322000,HD현대에너지솔루션,2025,CFS,BS,부채총계,1.13E+11,,2026-07-11
01199550,322000,HD현대에너지솔루션,2025,CFS,BS,비유동부채,17105830497,,2026-07-11
01199550,322000,HD현대에너지솔루션,2025,CFS,CIS,영업이익,4.12E+10,,2026-07-11
01199550,322000,HD현대에너지솔루션,2025,CFS,CF,영업활동현금흐름,17722056369,,2026-07-11
01199550,322000,HD현대에너지솔루션,2025,CFS,BS,유형자산,9.79E+10,,2026-07-11
01199550,322000,HD현대에너지솔루션,2025,CFS,CF,유형자산의 취득,12304011908,,2026-07-11
01199550,322000,HD현대에너지솔루션,2025,CFS,BS,자본총계,4.18E+11,,2026-07-11
01199550,322000,HD현대에너지솔루션,2025,CFS,BS,재고자산,95367940093,,2026-07-11
01199550,322000,HD현대에너지솔루션,2025,CFS,CF,재무활동현금흐름,2438356300,,2026-07-11
01199550,322000,HD현대에너지솔루션,2025,CFS,BS,총자산,5.30E+11,,2026-07-11
01199550,322000,HD현대에너지솔루션,2025,CFS,CF,투자활동현금흐름,-1.24E+11,,2026-07-11
01199550,322000,HD현대에너지솔루션,2025,CFS,CIS,판매비와관리비,65020937754,,2026-07-11
01199550,322000,HD현대에너지솔루션,2025,CFS,IS,EBITDA,53679999999.99999,,
01199550,322000,HD현대에너지솔루션,2024,CFS,CIS,금융비용,8.58E+09,,2026-07-11
01199550,322000,HD현대에너지솔루션,2024,CFS,CIS,당기순이익,114228449,,2026-07-11
01199550,322000,HD현대에너지솔루션,2024,CFS,CIS,매출액,4.22E+11,,2026-07-11
01199550,322000,HD현대에너지솔루션,2024,CFS,CIS,매출원가,3.75E+11,,2026-07-11
01199550,322000,HD현대에너지솔루션,2024,CFS,BS,매출채권,78415716493,,2026-07-11
01199550,322000,HD현대에너지솔루션,2024,CFS,BS,무형자산,9541979228,,2026-07-11
01199550,322000,HD현대에너지솔루션,2024,CFS,CF,무형자산의 취득,4962915457,,2026-07-11
01199550,322000,HD현대에너지솔루션,2024,CFS,CF,배당금지급,0,,2026-07-11
01199550,322000,HD현대에너지솔루션,2024,CFS,BS,부채총계,84090604074,,2026-07-11
01199550,322000,HD현대에너지솔루션,2024,CFS,BS,비유동부채,1.41E+10,,2026-07-11
01199550,322000,HD현대에너지솔루션,2024,CFS,CIS,영업이익,3502725251,,2026-07-11
01199550,322000,HD현대에너지솔루션,2024,CFS,CF,영업활동현금흐름,8.34E+10,,2026-07-11
01199550,322000,HD현대에너지솔루션,2024,CFS,BS,유형자산,87540897757,,2026-07-11
01199550,322000,HD현대에너지솔루션,2024,CFS,CF,유형자산의 취득,11670758253,,2026-07-11
01199550,322000,HD현대에너지솔루션,2024,CFS,BS,자본총계,3.70E+11,,2026-07-11
01199550,322000,HD현대에너지솔루션,2024,CFS,BS,재고자산,8.34E+10,,2026-07-11
01199550,322000,HD현대에너지솔루션,2024,CFS,CF,재무활동현금흐름,-3.44E+10,,2026-07-11
01199550,322000,HD현대에너지솔루션,2024,CFS,BS,총자산,4.54E+11,,2026-07-11
01199550,322000,HD현대에너지솔루션,2024,CFS,CF,투자활동현금흐름,-13801409961,,2026-07-11
01199550,322000,HD현대에너지솔루션,2024,CFS,CIS,판매비와관리비,4.39E+10,,2026-07-11
01199550,322000,HD현대에너지솔루션,2023,CFS,CIS,금융비용,1.55E+10,,2026-07-11
01199550,322000,HD현대에너지솔루션,2023,CFS,CIS,당기순이익,-2863877616,,2026-07-11
01199550,322000,HD현대에너지솔루션,2023,CFS,CIS,매출액,5.46E+11,,2026-07-11
01199550,322000,HD현대에너지솔루션,2023,CFS,CIS,매출원가,4.83E+11,,2026-07-11
01199550,322000,HD현대에너지솔루션,2023,CFS,BS,매출채권,85357844747,,2026-07-11
01199550,322000,HD현대에너지솔루션,2023,CFS,BS,무형자산,10174709436,,2026-07-11
01199550,322000,HD현대에너지솔루션,2023,CFS,CF,무형자산의 취득,2625599060,,2026-07-11
01199550,322000,HD현대에너지솔루션,2023,CFS,CF,배당금지급,6720000000,,2026-07-11
01199550,322000,HD현대에너지솔루션,2023,CFS,BS,부채총계,1.31E+11,,2026-07-11
01199550,322000,HD현대에너지솔루션,2023,CFS,BS,비유동부채,25246631865,,2026-07-11
01199550,322000,HD현대에너지솔루션,2023,CFS,CIS,영업이익,1.75E+10,,2026-07-11
01199550,322000,HD현대에너지솔루션,2023,CFS,CF,영업활동현금흐름,75783714561,,2026-07-11
01199550,322000,HD현대에너지솔루션,2023,CFS,BS,유형자산,94813335886,,2026-07-11
01199550,322000,HD현대에너지솔루션,2023,CFS,CF,유형자산의 취득,8418678975,,2026-07-11
01199550,322000,HD현대에너지솔루션,2023,CFS,BS,자본총계,3.72E+11,,2026-07-11
01199550,322000,HD현대에너지솔루션,2023,CFS,BS,재고자산,1.68E+11,,2026-07-11
01199550,322000,HD현대에너지솔루션,2023,CFS,CF,재무활동현금흐름,-30049485024,,2026-07-11
01199550,322000,HD현대에너지솔루션,2023,CFS,BS,총자산,5.02E+11,,2026-07-11
01199550,322000,HD현대에너지솔루션,2023,CFS,CF,투자활동현금흐름,-9.63E+09,,2026-07-11
01199550,322000,HD현대에너지솔루션,2023,CFS,CIS,판매비와관리비,45627948213,,2026-07-11
01288827,403870,HPSP,2025,OFS,CIS,금융비용,59266722,,2026-07-11
01288827,403870,HPSP,2025,OFS,CIS,당기순이익,72662225546,,2026-07-11
01288827,403870,HPSP,2025,OFS,CIS,매출액,1.73E+11,,2026-07-11
01288827,403870,HPSP,2025,OFS,CIS,매출원가,46674253537,,2026-07-11
01288827,403870,HPSP,2025,OFS,BS,매출채권,23153192411,,2026-07-11
01288827,403870,HPSP,2025,OFS,BS,무형자산,916272822,,2026-07-11
01288827,403870,HPSP,2025,OFS,CF,무형자산의 취득,99357251,,2026-07-11
01288827,403870,HPSP,2025,OFS,CF,배당금지급,4.82E+10,,2026-07-11
01288827,403870,HPSP,2025,OFS,BS,부채총계,61476437245,,2026-07-11
01288827,403870,HPSP,2025,OFS,BS,비유동부채,733890182,,2026-07-11
01288827,403870,HPSP,2025,OFS,CIS,영업이익,89902342748,,2026-07-11
01288827,403870,HPSP,2025,OFS,CF,영업활동현금흐름,1.00E+11,,2026-07-11
01288827,403870,HPSP,2025,OFS,BS,유형자산,48043652365,,2026-07-11
01288827,403870,HPSP,2025,OFS,CF,유형자산의 취득,2329823754,,2026-07-11
01288827,403870,HPSP,2025,OFS,BS,자본총계,3.08E+11,,2026-07-11
01288827,403870,HPSP,2025,OFS,BS,재고자산,15957076752,,2026-07-11
01288827,403870,HPSP,2025,OFS,CF,재무활동현금흐름,-48272077072,,2026-07-11
01288827,403870,HPSP,2025,OFS,BS,총자산,3.70E+11,,2026-07-11
01288827,403870,HPSP,2025,OFS,CF,투자활동현금흐름,-19164633777,,2026-07-11
01288827,403870,HPSP,2025,OFS,CIS,판매비와관리비,36387975904,,2026-07-11
01288827,403870,HPSP,2025,OFS,IS,EBITDA,94250000000.0,,
01288827,403870,HPSP,2024,OFS,CIS,금융비용,102125314,,2026-07-11
01288827,403870,HPSP,2024,OFS,CIS,당기순이익,86280231062,,2026-07-11
01288827,403870,HPSP,2024,OFS,CIS,매출액,1.81E+11,,2026-07-11
01288827,403870,HPSP,2024,OFS,CIS,매출원가,51789962159,,2026-07-11
01288827,403870,HPSP,2024,OFS,BS,매출채권,9541217225,,2026-07-11
01288827,403870,HPSP,2024,OFS,BS,무형자산,2135179038,,2026-07-11
01288827,403870,HPSP,2024,OFS,CF,무형자산의 취득,4.61E+08,,2026-07-11
01288827,403870,HPSP,2024,OFS,CF,배당금지급,7487141100,,2026-07-11
01288827,403870,HPSP,2024,OFS,BS,부채총계,41985505352,,2026-07-11
01288827,403870,HPSP,2024,OFS,BS,비유동부채,1025448318,,2026-07-11
01288827,403870,HPSP,2024,OFS,CIS,영업이익,93945693775,,2026-07-11
01288827,403870,HPSP,2024,OFS,CF,영업활동현금흐름,97936697981,,2026-07-11
01288827,403870,HPSP,2024,OFS,BS,유형자산,49298337776,,2026-07-11
01288827,403870,HPSP,2024,OFS,CF,유형자산의 취득,4.31E+10,,2026-07-11
01288827,403870,HPSP,2024,OFS,BS,자본총계,2.78E+11,,2026-07-11
01288827,403870,HPSP,2024,OFS,BS,재고자산,23116428628,,2026-07-11
01288827,403870,HPSP,2024,OFS,CF,재무활동현금흐름,-9.39E+10,,2026-07-11
01288827,403870,HPSP,2024,OFS,BS,총자산,3.20E+11,,2026-07-11
01288827,403870,HPSP,2024,OFS,CF,투자활동현금흐름,19759115436,,2026-07-11
01288827,403870,HPSP,2024,OFS,CIS,판매비와관리비,3.57E+10,,2026-07-11
01288827,403870,HPSP,2023,OFS,CIS,금융비용,170562900,,2026-07-11
01288827,403870,HPSP,2023,OFS,CIS,당기순이익,80432402487,,2026-07-11
01288827,403870,HPSP,2023,OFS,CIS,매출액,1.79E+11,,2026-07-11
01288827,403870,HPSP,2023,OFS,CIS,매출원가,60497746980,,2026-07-11
01288827,403870,HPSP,2023,OFS,BS,매출채권,2205056877,,2026-07-11
01288827,403870,HPSP,2023,OFS,BS,무형자산,1.71E+09,,2026-07-11
01288827,403870,HPSP,2023,OFS,CF,무형자산의 취득,1512653531,,2026-07-11
01288827,403870,HPSP,2023,OFS,CF,배당금지급,1813462500,,2026-07-11
01288827,403870,HPSP,2023,OFS,BS,부채총계,43607317988,,2026-07-11
01288827,403870,HPSP,2023,OFS,BS,비유동부채,2052735389,,2026-07-11
01288827,403870,HPSP,2023,OFS,CIS,영업이익,95206074427,,2026-07-11
01288827,403870,HPSP,2023,OFS,CF,영업활동현금흐름,90318133969,,2026-07-11
01288827,403870,HPSP,2023,OFS,BS,유형자산,4.03E+10,,2026-07-11
01288827,403870,HPSP,2023,OFS,CF,유형자산의 취득,24669654491,,2026-07-11
01288827,403870,HPSP,2023,OFS,BS,자본총계,2.77E+11,,2026-07-11
01288827,403870,HPSP,2023,OFS,BS,재고자산,2.42E+10,,2026-07-11
01288827,403870,HPSP,2023,OFS,CF,재무활동현금흐름,-4241573644,,2026-07-11
01288827,403870,HPSP,2023,OFS,BS,총자산,3.21E+11,,2026-07-11
01288827,403870,HPSP,2023,OFS,CF,투자활동현금흐름,-1.48E+11,,2026-07-11
01288827,403870,HPSP,2023,OFS,CIS,판매비와관리비,23382839425,,2026-07-11
00572905,095340,ISC,2025,CFS,CIS,금융비용,9130591765,,2026-07-11
00572905,095340,ISC,2025,CFS,CIS,당기순이익,56343270511,,2026-07-11
00572905,095340,ISC,2025,CFS,CIS,매출액,2.20E+11,,2026-07-11
00572905,095340,ISC,2025,CFS,CIS,매출원가,1.22E+11,,2026-07-11
00572905,095340,ISC,2025,CFS,BS,매출채권,6.98E+10,,2026-07-11
00572905,095340,ISC,2025,CFS,BS,무형자산,6488317138,,2026-07-11
00572905,095340,ISC,2025,CFS,CF,무형자산의 취득,662843304,,2026-07-11
00572905,095340,ISC,2025,CFS,CF,배당금지급,16575995520,,2026-07-11
00572905,095340,ISC,2025,CFS,BS,부채총계,85159587468,,2026-07-11
00572905,095340,ISC,2025,CFS,BS,비유동부채,2277688938,,2026-07-11
00572905,095340,ISC,2025,CFS,CIS,영업이익,60053887115,,2026-07-11
00572905,095340,ISC,2025,CFS,CF,영업활동현금흐름,4.17E+10,,2026-07-11
00572905,095340,ISC,2025,CFS,BS,유형자산,91002025205,,2026-07-11
00572905,095340,ISC,2025,CFS,CF,유형자산의 취득,5671292473,,2026-07-11
00572905,095340,ISC,2025,CFS,BS,자본총계,5.37E+11,,2026-07-11
00572905,095340,ISC,2025,CFS,BS,재고자산,25011166037,,2026-07-11
00572905,095340,ISC,2025,CFS,CF,재무활동현금흐름,-17060276708,,2026-07-11
00572905,095340,ISC,2025,CFS,BS,총자산,6.22E+11,,2026-07-11
00572905,095340,ISC,2025,CFS,CF,투자활동현금흐름,1.40E+10,,2026-07-11
00572905,095340,ISC,2025,CFS,CIS,판매비와관리비,37684928598,,2026-07-11
00572905,095340,ISC,2025,CFS,IS,EBITDA,70000000000.0,,
00572905,095340,ISC,2024,CFS,CIS,금융비용,7351440555,,2026-07-11
00572905,095340,ISC,2024,CFS,CIS,당기순이익,54898977342,,2026-07-11
00572905,095340,ISC,2024,CFS,CIS,매출액,1.74E+11,,2026-07-11
00572905,095340,ISC,2024,CFS,CIS,매출원가,1.00E+11,,2026-07-11
00572905,095340,ISC,2024,CFS,BS,매출채권,32892700530,,2026-07-11
00572905,095340,ISC,2024,CFS,BS,무형자산,4.64E+09,,2026-07-11
00572905,095340,ISC,2024,CFS,CF,무형자산의 취득,264180373,,2026-07-11
00572905,095340,ISC,2024,CFS,CF,배당금지급,4092838400,,2026-07-11
00572905,095340,ISC,2024,CFS,BS,부채총계,59741369182,,2026-07-11
00572905,095340,ISC,2024,CFS,BS,비유동부채,7470159434,,2026-07-11
00572905,095340,ISC,2024,CFS,CIS,영업이익,4.48E+10,,2026-07-11
00572905,095340,ISC,2024,CFS,CF,영업활동현금흐름,50672432870,,2026-07-11
00572905,095340,ISC,2024,CFS,BS,유형자산,92193724607,,2026-07-11
00572905,095340,ISC,2024,CFS,CF,유형자산의 취득,1.14E+10,,2026-07-11
00572905,095340,ISC,2024,CFS,BS,자본총계,5.23E+11,,2026-07-11
00572905,095340,ISC,2024,CFS,BS,재고자산,15439669473,,2026-07-11
00572905,095340,ISC,2024,CFS,CF,재무활동현금흐름,-27006085434,,2026-07-11
00572905,095340,ISC,2024,CFS,BS,총자산,5.83E+11,,2026-07-11
00572905,095340,ISC,2024,CFS,CF,투자활동현금흐름,-2.52E+11,,2026-07-11
00572905,095340,ISC,2024,CFS,CIS,판매비와관리비,29613493387,,2026-07-11
00572905,095340,ISC,2023,CFS,CIS,금융비용,2127281898,,2026-07-11
00572905,095340,ISC,2023,CFS,CIS,당기순이익,13583247114,,2026-07-11
00572905,095340,ISC,2023,CFS,CIS,매출액,1.40E+11,,2026-07-11
00572905,095340,ISC,2023,CFS,CIS,매출원가,85057436771,,2026-07-11
00572905,095340,ISC,2023,CFS,BS,매출채권,2.61E+10,,2026-07-11
00572905,095340,ISC,2023,CFS,BS,무형자산,21407010741,,2026-07-11
00572905,095340,ISC,2023,CFS,CF,무형자산의 취득,92500315,,2026-07-11
00572905,095340,ISC,2023,CFS,CF,배당금지급,9999963000,,2026-07-11
00572905,095340,ISC,2023,CFS,BS,부채총계,6.84E+10,,2026-07-11
00572905,095340,ISC,2023,CFS,BS,비유동부채,1.01E+10,,2026-07-11
00572905,095340,ISC,2023,CFS,CIS,영업이익,1.07E+10,,2026-07-11
00572905,095340,ISC,2023,CFS,CF,영업활동현금흐름,2.24E+10,,2026-07-11
00572905,095340,ISC,2023,CFS,BS,유형자산,9.28E+10,,2026-07-11
00572905,095340,ISC,2023,CFS,CF,유형자산의 취득,1.45E+10,,2026-07-11
00572905,095340,ISC,2023,CFS,BS,자본총계,4.73E+11,,2026-07-11
00572905,095340,ISC,2023,CFS,BS,재고자산,1.54E+10,,2026-07-11
00572905,095340,ISC,2023,CFS,CF,재무활동현금흐름,1.94E+11,,2026-07-11
00572905,095340,ISC,2023,CFS,BS,총자산,5.42E+11,,2026-07-11
00572905,095340,ISC,2023,CFS,CF,투자활동현금흐름,-1629910327,,2026-07-11
00572905,095340,ISC,2023,CFS,CIS,판매비와관리비,44427796361,,2026-07-11
00525934,108320,LX세미콘,2025,CFS,IS,금융비용,17269395620,,2026-07-11
00525934,108320,LX세미콘,2025,CFS,CIS,당기순이익,8.26E+10,,2026-07-11
00525934,108320,LX세미콘,2025,CFS,IS,매출액,1.64E+12,,2026-07-11
00525934,108320,LX세미콘,2025,CFS,IS,매출원가,1.12E+12,,2026-07-11
00525934,108320,LX세미콘,2025,CFS,BS,매출채권,3.55E+11,,2026-07-11
00525934,108320,LX세미콘,2025,CFS,BS,무형자산,8.17E+10,,2026-07-11
00525934,108320,LX세미콘,2025,CFS,CF,무형자산의 취득,9533398718,,2026-07-11
00525934,108320,LX세미콘,2025,CFS,CF,배당금지급,3.90E+10,,2026-07-11
00525934,108320,LX세미콘,2025,CFS,BS,부채총계,2.74E+11,,2026-07-11
00525934,108320,LX세미콘,2025,CFS,BS,비유동부채,3.39E+10,,2026-07-11
00525934,108320,LX세미콘,2025,CFS,IS,영업이익,1.09E+11,,2026-07-11
00525934,108320,LX세미콘,2025,CFS,CF,영업활동현금흐름,1.37E+11,,2026-07-11
00525934,108320,LX세미콘,2025,CFS,BS,유형자산,1.13E+11,,2026-07-11
00525934,108320,LX세미콘,2025,CFS,CF,유형자산의 취득,19613805325,,2026-07-11
00525934,108320,LX세미콘,2025,CFS,BS,자본총계,1.13E+12,,2026-07-11
00525934,108320,LX세미콘,2025,CFS,BS,재고자산,1.93E+11,,2026-07-11
00525934,108320,LX세미콘,2025,CFS,CF,재무활동현금흐름,-48821681499,,2026-07-11
00525934,108320,LX세미콘,2025,CFS,BS,총자산,1.40E+12,,2026-07-11
00525934,108320,LX세미콘,2025,CFS,CF,투자활동현금흐름,-1.49E+11,,2026-07-11
00525934,108320,LX세미콘,2025,CFS,IS,판매비와관리비,4.14E+11,,2026-07-11
00525934,108320,LX세미콘,2025,CFS,IS,EBITDA,146200000000.0,,
00525934,108320,LX세미콘,2024,CFS,IS,금융비용,3.38E+10,,2026-07-11
00525934,108320,LX세미콘,2024,CFS,CIS,당기순이익,1.31E+11,,2026-07-11
00525934,108320,LX세미콘,2024,CFS,IS,매출액,1.87E+12,,2026-07-11
00525934,108320,LX세미콘,2024,CFS,IS,매출원가,1.25E+12,,2026-07-11
00525934,108320,LX세미콘,2024,CFS,BS,매출채권,4.49E+11,,2026-07-11
00525934,108320,LX세미콘,2024,CFS,BS,무형자산,84391556772,,2026-07-11
00525934,108320,LX세미콘,2024,CFS,CF,무형자산의 취득,1.90E+10,,2026-07-11
00525934,108320,LX세미콘,2024,CFS,CF,배당금지급,2.93E+10,,2026-07-11
00525934,108320,LX세미콘,2024,CFS,BS,부채총계,4.20E+11,,2026-07-11
00525934,108320,LX세미콘,2024,CFS,BS,비유동부채,6.84E+10,,2026-07-11
00525934,108320,LX세미콘,2024,CFS,IS,영업이익,1.67E+11,,2026-07-11
00525934,108320,LX세미콘,2024,CFS,CF,영업활동현금흐름,1.69E+11,,2026-07-11
00525934,108320,LX세미콘,2024,CFS,BS,유형자산,1.11E+11,,2026-07-11
00525934,108320,LX세미콘,2024,CFS,CF,유형자산의 취득,2.31E+10,,2026-07-11
00525934,108320,LX세미콘,2024,CFS,BS,자본총계,1.08E+12,,2026-07-11
00525934,108320,LX세미콘,2024,CFS,BS,재고자산,2.11E+11,,2026-07-11
00525934,108320,LX세미콘,2024,CFS,CF,재무활동현금흐름,-38126909406,,2026-07-11
00525934,108320,LX세미콘,2024,CFS,BS,총자산,1.50E+12,,2026-07-11
00525934,108320,LX세미콘,2024,CFS,CF,투자활동현금흐름,-76816118580,,2026-07-11
00525934,108320,LX세미콘,2024,CFS,IS,판매비와관리비,4.49E+11,,2026-07-11
00525934,108320,LX세미콘,2023,CFS,IS,금융비용,2.50E+10,,2026-07-11
00525934,108320,LX세미콘,2023,CFS,CIS,당기순이익,1.01E+11,,2026-07-11
00525934,108320,LX세미콘,2023,CFS,IS,매출액,1.90E+12,,2026-07-11
00525934,108320,LX세미콘,2023,CFS,IS,매출원가,1.37E+12,,2026-07-11
00525934,108320,LX세미콘,2023,CFS,BS,매출채권,2.05E+11,,2026-07-11
00525934,108320,LX세미콘,2023,CFS,BS,무형자산,7.39E+10,,2026-07-11
00525934,108320,LX세미콘,2023,CFS,CF,무형자산의 취득,1.97E+10,,2026-07-11
00525934,108320,LX세미콘,2023,CFS,CF,배당금지급,7.32E+10,,2026-07-11
00525934,108320,LX세미콘,2023,CFS,BS,부채총계,2.28E+11,,2026-07-11
00525934,108320,LX세미콘,2023,CFS,BS,비유동부채,2.10E+10,,2026-07-11
00525934,108320,LX세미콘,2023,CFS,IS,영업이익,1.29E+11,,2026-07-11
00525934,108320,LX세미콘,2023,CFS,CF,영업활동현금흐름,1.02E+11,,2026-07-11
00525934,108320,LX세미콘,2023,CFS,BS,유형자산,1.04E+11,,2026-07-11
00525934,108320,LX세미콘,2023,CFS,CF,유형자산의 취득,32926692756,,2026-07-11
00525934,108320,LX세미콘,2023,CFS,BS,자본총계,9.77E+11,,2026-07-11
00525934,108320,LX세미콘,2023,CFS,BS,재고자산,3.36E+11,,2026-07-11
00525934,108320,LX세미콘,2023,CFS,CF,재무활동현금흐름,-81590138998,,2026-07-11
00525934,108320,LX세미콘,2023,CFS,BS,총자산,1.21E+12,,2026-07-11
00525934,108320,LX세미콘,2023,CFS,CF,투자활동현금흐름,-2.62E+10,,2026-07-11
00525934,108320,LX세미콘,2023,CFS,IS,판매비와관리비,4.05E+11,,2026-07-11
01078178,218410,RFHIC,2025,CFS,CIS,금융비용,4862130444,,2026-07-11
01078178,218410,RFHIC,2025,CFS,CIS,당기순이익,35505822915,,2026-07-11
01078178,218410,RFHIC,2025,CFS,CIS,매출액,1.86E+11,,2026-07-11
01078178,218410,RFHIC,2025,CFS,CIS,매출원가,1.22E+11,,2026-07-11
01078178,218410,RFHIC,2025,CFS,BS,매출채권,4.65E+10,,2026-07-11
01078178,218410,RFHIC,2025,CFS,BS,무형자산,6.05E+09,,2026-07-11
01078178,218410,RFHIC,2025,CFS,CF,무형자산의 취득,8.04E+08,,2026-07-11
01078178,218410,RFHIC,2025,CFS,CF,배당금지급,2542087800,,2026-07-11
01078178,218410,RFHIC,2025,CFS,BS,부채총계,1.50E+11,,2026-07-11
01078178,218410,RFHIC,2025,CFS,BS,비유동부채,73771521256,,2026-07-11
01078178,218410,RFHIC,2025,CFS,CIS,영업이익,30889493523,,2026-07-11
01078178,218410,RFHIC,2025,CFS,CF,영업활동현금흐름,29499225878,,2026-07-11
01078178,218410,RFHIC,2025,CFS,BS,유형자산,1.14E+11,,2026-07-11
01078178,218410,RFHIC,2025,CFS,CF,유형자산의 취득,4404635450,,2026-07-11
01078178,218410,RFHIC,2025,CFS,BS,자본총계,3.96E+11,,2026-07-11
01078178,218410,RFHIC,2025,CFS,BS,재고자산,88708201471,,2026-07-11
01078178,218410,RFHIC,2025,CFS,CF,재무활동현금흐름,7801586228,,2026-07-11
01078178,218410,RFHIC,2025,CFS,BS,총자산,5.46E+11,,2026-07-11
01078178,218410,RFHIC,2025,CFS,CF,투자활동현금흐름,-37905386358,,2026-07-11
01078178,218410,RFHIC,2025,CFS,CIS,판매비와관리비,33359086853,,2026-07-11
01078178,218410,RFHIC,2025,CFS,IS,EBITDA,39110000000.0,,
01078178,218410,RFHIC,2024,CFS,CIS,금융비용,6140746420,,2026-07-11
01078178,218410,RFHIC,2024,CFS,CIS,당기순이익,19698779772,,2026-07-11
01078178,218410,RFHIC,2024,CFS,CIS,매출액,1.15E+11,,2026-07-11
01078178,218410,RFHIC,2024,CFS,CIS,매출원가,7.92E+10,,2026-07-11
01078178,218410,RFHIC,2024,CFS,BS,매출채권,2.69E+10,,2026-07-11
01078178,218410,RFHIC,2024,CFS,BS,무형자산,6.17E+09,,2026-07-11
01078178,218410,RFHIC,2024,CFS,CF,무형자산의 취득,2903925476,,2026-07-11
01078178,218410,RFHIC,2024,CFS,CF,배당금지급,2.59E+09,,2026-07-11
01078178,218410,RFHIC,2024,CFS,BS,부채총계,1.25E+11,,2026-07-11
01078178,218410,RFHIC,2024,CFS,BS,비유동부채,29945063734,,2026-07-11
01078178,218410,RFHIC,2024,CFS,CIS,영업이익,1529788265,,2026-07-11
01078178,218410,RFHIC,2024,CFS,CF,영업활동현금흐름,32421992405,,2026-07-11
01078178,218410,RFHIC,2024,CFS,BS,유형자산,1.15E+11,,2026-07-11
01078178,218410,RFHIC,2024,CFS,CF,유형자산의 취득,22018639648,,2026-07-11
01078178,218410,RFHIC,2024,CFS,BS,자본총계,3.58E+11,,2026-07-11
01078178,218410,RFHIC,2024,CFS,BS,재고자산,75009158166,,2026-07-11
01078178,218410,RFHIC,2024,CFS,CF,재무활동현금흐름,-6.29E+10,,2026-07-11
01078178,218410,RFHIC,2024,CFS,BS,총자산,4.83E+11,,2026-07-11
01078178,218410,RFHIC,2024,CFS,CF,투자활동현금흐름,5.95E+10,,2026-07-11
01078178,218410,RFHIC,2024,CFS,CIS,판매비와관리비,34118615135,,2026-07-11
01078178,218410,RFHIC,2023,CFS,CIS,금융비용,7722733498,,2026-07-11
01078178,218410,RFHIC,2023,CFS,CIS,당기순이익,17683006519,,2026-07-11
01078178,218410,RFHIC,2023,CFS,CIS,매출액,1.11E+11,,2026-07-11
01078178,218410,RFHIC,2023,CFS,CIS,매출원가,7.46E+10,,2026-07-11
01078178,218410,RFHIC,2023,CFS,BS,매출채권,1.84E+10,,2026-07-11
01078178,218410,RFHIC,2023,CFS,BS,무형자산,4735552757,,2026-07-11
01078178,218410,RFHIC,2023,CFS,CF,무형자산의 취득,1.30E+09,,2026-07-11
01078178,218410,RFHIC,2023,CFS,CF,배당금지급,3110876800,,2026-07-11
01078178,218410,RFHIC,2023,CFS,BS,부채총계,1.81E+11,,2026-07-11
01078178,218410,RFHIC,2023,CFS,BS,비유동부채,13121284143,,2026-07-11
01078178,218410,RFHIC,2023,CFS,CIS,영업이익,303024279,,2026-07-11
01078178,218410,RFHIC,2023,CFS,CF,영업활동현금흐름,15959063595,,2026-07-11
01078178,218410,RFHIC,2023,CFS,BS,유형자산,1.20E+11,,2026-07-11
01078178,218410,RFHIC,2023,CFS,CF,유형자산의 취득,42544778901,,2026-07-11
01078178,218410,RFHIC,2023,CFS,BS,자본총계,3.28E+11,,2026-07-11
01078178,218410,RFHIC,2023,CFS,BS,재고자산,7.88E+10,,2026-07-11
01078178,218410,RFHIC,2023,CFS,CF,재무활동현금흐름,-10492285416,,2026-07-11
01078178,218410,RFHIC,2023,CFS,BS,총자산,5.09E+11,,2026-07-11
01078178,218410,RFHIC,2023,CFS,CF,투자활동현금흐름,-7579827090,,2026-07-11
01078178,218410,RFHIC,2023,CFS,CIS,판매비와관리비,36365867931,,2026-07-11
00301246,036540,SFA반도체,2025,CFS,CIS,금융비용,3430596637,,2026-07-11
00301246,036540,SFA반도체,2025,CFS,CIS,당기순이익,-1.91E+10,,2026-07-11
00301246,036540,SFA반도체,2025,CFS,CIS,매출액,3.67E+11,,2026-07-11
00301246,036540,SFA반도체,2025,CFS,CIS,매출원가,3.73E+11,,2026-07-11
00301246,036540,SFA반도체,2025,CFS,BS,매출채권,51029485102,,2026-07-11
00301246,036540,SFA반도체,2025,CFS,BS,무형자산,8.30E+09,,2026-07-11
00301246,036540,SFA반도체,2025,CFS,CF,무형자산의 취득,373919174,,2026-07-11
00301246,036540,SFA반도체,2025,CFS,CF,배당금지급,0,,2026-07-11
00301246,036540,SFA반도체,2025,CFS,BS,부채총계,76627410257,,2026-07-11
00301246,036540,SFA반도체,2025,CFS,BS,비유동부채,33094504608,,2026-07-11
00301246,036540,SFA반도체,2025,CFS,CIS,영업이익,-19626671175,,2026-07-11
00301246,036540,SFA반도체,2025,CFS,CF,영업활동현금흐름,5456325212,,2026-07-11
00301246,036540,SFA반도체,2025,CFS,BS,유형자산,3.56E+11,,2026-07-11
00301246,036540,SFA반도체,2025,CFS,CF,유형자산의 취득,21686006810,,2026-07-11
00301246,036540,SFA반도체,2025,CFS,BS,자본총계,4.73E+11,,2026-07-11
00301246,036540,SFA반도체,2025,CFS,BS,재고자산,37534011639,,2026-07-11
00301246,036540,SFA반도체,2025,CFS,CF,재무활동현금흐름,-6.42E+10,,2026-07-11
00301246,036540,SFA반도체,2025,CFS,BS,총자산,5.49E+11,,2026-07-11
00301246,036540,SFA반도체,2025,CFS,CF,투자활동현금흐름,-13745283388,,2026-07-11
00301246,036540,SFA반도체,2025,CFS,CIS,판매비와관리비,14296334694,,2026-07-11
00301246,036540,SFA반도체,2025,CFS,IS,EBITDA,19500000000.0,,
00301246,036540,SFA반도체,2024,CFS,CIS,금융비용,3969104809,,2026-07-11
00301246,036540,SFA반도체,2024,CFS,CIS,당기순이익,2.05E+10,,2026-07-11
00301246,036540,SFA반도체,2024,CFS,CIS,매출액,4.00E+11,,2026-07-11
00301246,036540,SFA반도체,2024,CFS,CIS,매출원가,3.87E+11,,2026-07-11
00301246,036540,SFA반도체,2024,CFS,BS,매출채권,3.51E+10,,2026-07-11
00301246,036540,SFA반도체,2024,CFS,BS,무형자산,9242873213,,2026-07-11
00301246,036540,SFA반도체,2024,CFS,CF,무형자산의 취득,110304414,,2026-07-11
00301246,036540,SFA반도체,2024,CFS,CF,배당금지급,0,,2026-07-11
00301246,036540,SFA반도체,2024,CFS,BS,부채총계,1.26E+11,,2026-07-11
00301246,036540,SFA반도체,2024,CFS,BS,비유동부채,34060960390,,2026-07-11
00301246,036540,SFA반도체,2024,CFS,CIS,영업이익,-31004226,,2026-07-11
00301246,036540,SFA반도체,2024,CFS,CF,영업활동현금흐름,53080396079,,2026-07-11
00301246,036540,SFA반도체,2024,CFS,BS,유형자산,3.82E+11,,2026-07-11
00301246,036540,SFA반도체,2024,CFS,CF,유형자산의 취득,3.65E+10,,2026-07-11
00301246,036540,SFA반도체,2024,CFS,BS,자본총계,4.98E+11,,2026-07-11
00301246,036540,SFA반도체,2024,CFS,BS,재고자산,3.14E+10,,2026-07-11
00301246,036540,SFA반도체,2024,CFS,CF,재무활동현금흐름,-20764078370,,2026-07-11
00301246,036540,SFA반도체,2024,CFS,BS,총자산,6.23E+11,,2026-07-11
00301246,036540,SFA반도체,2024,CFS,CF,투자활동현금흐름,-16912173513,,2026-07-11
00301246,036540,SFA반도체,2024,CFS,CIS,판매비와관리비,1.31E+10,,2026-07-11
00301246,036540,SFA반도체,2023,CFS,CIS,금융비용,4.23E+09,,2026-07-11
00301246,036540,SFA반도체,2023,CFS,CIS,당기순이익,-1.40E+10,,2026-07-11
00301246,036540,SFA반도체,2023,CFS,CIS,매출액,4.38E+11,,2026-07-11
00301246,036540,SFA반도체,2023,CFS,CIS,매출원가,4.38E+11,,2026-07-11
00301246,036540,SFA반도체,2023,CFS,BS,매출채권,4.33E+10,,2026-07-11
00301246,036540,SFA반도체,2023,CFS,BS,무형자산,9.86E+09,,2026-07-11
00301246,036540,SFA반도체,2023,CFS,CF,무형자산의 취득,3.58E+08,,2026-07-11
00301246,036540,SFA반도체,2023,CFS,CF,배당금지급,4.40E+08,,2026-07-11
00301246,036540,SFA반도체,2023,CFS,BS,부채총계,1.40E+11,,2026-07-11
00301246,036540,SFA반도체,2023,CFS,BS,비유동부채,9.10E+10,,2026-07-11
00301246,036540,SFA반도체,2023,CFS,CIS,영업이익,-1.67E+10,,2026-07-11
00301246,036540,SFA반도체,2023,CFS,CF,영업활동현금흐름,3.60E+10,,2026-07-11
00301246,036540,SFA반도체,2023,CFS,BS,유형자산,3.73E+11,,2026-07-11
00301246,036540,SFA반도체,2023,CFS,CF,유형자산의 취득,2.68E+10,,2026-07-11
00301246,036540,SFA반도체,2023,CFS,BS,자본총계,4.70E+11,,2026-07-11
00301246,036540,SFA반도체,2023,CFS,BS,재고자산,3.89E+10,,2026-07-11
00301246,036540,SFA반도체,2023,CFS,CF,재무활동현금흐름,-3.10E+10,,2026-07-11
00301246,036540,SFA반도체,2023,CFS,BS,총자산,6.10E+11,,2026-07-11
00301246,036540,SFA반도체,2023,CFS,CF,투자활동현금흐름,3.11E+10,,2026-07-11
00301246,036540,SFA반도체,2023,CFS,CIS,판매비와관리비,1.60E+10,,2026-07-11
00164779,000660,SK하이닉스,2025,CFS,CIS,금융비용,1.25E+13,,2026-07-11
00164779,000660,SK하이닉스,2025,CFS,CIS,당기순이익,4.29E+13,,2026-07-11
00164779,000660,SK하이닉스,2025,CFS,CIS,매출액,9.71E+13,,2026-07-11
00164779,000660,SK하이닉스,2025,CFS,CIS,매출원가,3.85E+13,,2026-07-11
00164779,000660,SK하이닉스,2025,CFS,BS,매출채권,1.82E+13,,2026-07-11
00164779,000660,SK하이닉스,2025,CFS,BS,무형자산,4.05E+12,,2026-07-11
00164779,000660,SK하이닉스,2025,CFS,CF,무형자산의 취득,1.06E+12,,2026-07-11
00164779,000660,SK하이닉스,2025,CFS,CF,배당금지급,1.68E+12,,2026-07-11
00164779,000660,SK하이닉스,2025,CFS,BS,부채총계,5.54E+13,,2026-07-11
00164779,000660,SK하이닉스,2025,CFS,BS,비유동부채,1.81E+13,,2026-07-11
00164779,000660,SK하이닉스,2025,CFS,CIS,영업이익,4.72E+13,,2026-07-11
00164779,000660,SK하이닉스,2025,CFS,CF,영업활동현금흐름,5.34E+13,,2026-07-11
00164779,000660,SK하이닉스,2025,CFS,BS,유형자산,7.75E+13,,2026-07-11
00164779,000660,SK하이닉스,2025,CFS,CF,유형자산의 취득,2.75E+13,,2026-07-11
00164779,000660,SK하이닉스,2025,CFS,BS,자본총계,1.21E+14,,2026-07-11
00164779,000660,SK하이닉스,2025,CFS,BS,재고자산,1.43E+13,,2026-07-11
00164779,000660,SK하이닉스,2025,CFS,CF,재무활동현금흐름,-1.44E+12,,2026-07-11
00164779,000660,SK하이닉스,2025,CFS,BS,총자산,1.76E+14,,2026-07-11
00164779,000660,SK하이닉스,2025,CFS,CF,투자활동현금흐름,-4.81E+13,,2026-07-11
00164779,000660,SK하이닉스,2025,CFS,CIS,판매비와관리비,1.15E+13,,2026-07-11
00164779,000660,SK하이닉스,2025,CFS,IS,EBITDA,61134400000000.0,,
00164779,000660,SK하이닉스,2024,CFS,CIS,금융비용,5.71E+12,,2026-07-11
00164779,000660,SK하이닉스,2024,CFS,CIS,당기순이익,1.98E+13,,2026-07-11
00164779,000660,SK하이닉스,2024,CFS,CIS,매출액,6.62E+13,,2026-07-11
00164779,000660,SK하이닉스,2024,CFS,CIS,매출원가,3.44E+13,,2026-07-11
00164779,000660,SK하이닉스,2024,CFS,BS,매출채권,1.30E+13,,2026-07-11
00164779,000660,SK하이닉스,2024,CFS,BS,무형자산,4.02E+12,,2026-07-11
00164779,000660,SK하이닉스,2024,CFS,CF,무형자산의 취득,7.17E+11,,2026-07-11
00164779,000660,SK하이닉스,2024,CFS,CF,배당금지급,8.26E+11,,2026-07-11
00164779,000660,SK하이닉스,2024,CFS,BS,부채총계,4.59E+13,,2026-07-11
00164779,000660,SK하이닉스,2024,CFS,BS,비유동부채,2.10E+13,,2026-07-11
00164779,000660,SK하이닉스,2024,CFS,CIS,영업이익,2.35E+13,,2026-07-11
00164779,000660,SK하이닉스,2024,CFS,CF,영업활동현금흐름,2.98E+13,,2026-07-11
00164779,000660,SK하이닉스,2024,CFS,BS,유형자산,6.02E+13,,2026-07-11
00164779,000660,SK하이닉스,2024,CFS,CF,유형자산의 취득,1.59E+13,,2026-07-11
00164779,000660,SK하이닉스,2024,CFS,BS,자본총계,7.39E+13,,2026-07-11
00164779,000660,SK하이닉스,2024,CFS,BS,재고자산,1.33E+13,,2026-07-11
00164779,000660,SK하이닉스,2024,CFS,CF,재무활동현금흐름,-8.70E+12,,2026-07-11
00164779,000660,SK하이닉스,2024,CFS,BS,총자산,1.20E+14,,2026-07-11
00164779,000660,SK하이닉스,2024,CFS,CF,투자활동현금흐름,-1.80E+13,,2026-07-11
00164779,000660,SK하이닉스,2024,CFS,CIS,판매비와관리비,8.36E+12,,2026-07-11
00164779,000660,SK하이닉스,2023,CFS,CIS,금융비용,6.09E+12,,2026-07-11
00164779,000660,SK하이닉스,2023,CFS,CIS,당기순이익,-9.14E+12,,2026-07-11
00164779,000660,SK하이닉스,2023,CFS,CIS,매출액,3.28E+13,,2026-07-11
00164779,000660,SK하이닉스,2023,CFS,CIS,매출원가,3.33E+13,,2026-07-11
00164779,000660,SK하이닉스,2023,CFS,BS,매출채권,6.60E+12,,2026-07-11
00164779,000660,SK하이닉스,2023,CFS,BS,무형자산,3.83E+12,,2026-07-11
00164779,000660,SK하이닉스,2023,CFS,CF,무형자산의 취득,4.55E+11,,2026-07-11
00164779,000660,SK하이닉스,2023,CFS,CF,배당금지급,8.26E+11,,2026-07-11
00164779,000660,SK하이닉스,2023,CFS,BS,부채총계,4.68E+13,,2026-07-11
00164779,000660,SK하이닉스,2023,CFS,BS,비유동부채,2.58E+13,,2026-07-11
00164779,000660,SK하이닉스,2023,CFS,CIS,영업이익,-7.73E+12,,2026-07-11
00164779,000660,SK하이닉스,2023,CFS,CF,영업활동현금흐름,4.28E+12,,2026-07-11
00164779,000660,SK하이닉스,2023,CFS,BS,유형자산,5.27E+13,,2026-07-11
00164779,000660,SK하이닉스,2023,CFS,CF,유형자산의 취득,8.33E+12,,2026-07-11
00164779,000660,SK하이닉스,2023,CFS,BS,자본총계,5.35E+13,,2026-07-11
00164779,000660,SK하이닉스,2023,CFS,BS,재고자산,1.35E+13,,2026-07-11
00164779,000660,SK하이닉스,2023,CFS,CF,재무활동현금흐름,5.70E+12,,2026-07-11
00164779,000660,SK하이닉스,2023,CFS,BS,총자산,1.00E+14,,2026-07-11
00164779,000660,SK하이닉스,2023,CFS,CF,투자활동현금흐름,-7.33E+12,,2026-07-11
00164779,000660,SK하이닉스,2023,CFS,CIS,판매비와관리비,7.20E+12,,2026-07-11
01364747,399720,가온칩스,2025,CFS,CIS,금융비용,9046305049,,2026-07-11
01364747,399720,가온칩스,2025,CFS,CIS,당기순이익,-14369143365,,2026-07-11
01364747,399720,가온칩스,2025,CFS,CIS,매출액,68510181008,,2026-07-11
01364747,399720,가온칩스,2025,CFS,CIS,매출원가,73722725463,,2026-07-11
01364747,399720,가온칩스,2025,CFS,BS,매출채권,6142809801,,2026-07-11
01364747,399720,가온칩스,2025,CFS,BS,무형자산,6490492323,,2026-07-11
01364747,399720,가온칩스,2025,CFS,CF,무형자산의 취득,3120040134,,2026-07-11
01364747,399720,가온칩스,2025,CFS,CF,배당금지급,0,,2026-07-11
01364747,399720,가온칩스,2025,CFS,BS,부채총계,1.05E+11,,2026-07-11
01364747,399720,가온칩스,2025,CFS,BS,비유동부채,8773033336,,2026-07-11
01364747,399720,가온칩스,2025,CFS,CIS,영업이익,-16721496228,,2026-07-11
01364747,399720,가온칩스,2025,CFS,CF,영업활동현금흐름,-848730459,,2026-07-11
01364747,399720,가온칩스,2025,CFS,BS,유형자산,22526959027,,2026-07-11
01364747,399720,가온칩스,2025,CFS,CF,유형자산의 취득,5210217544,,2026-07-11
01364747,399720,가온칩스,2025,CFS,BS,자본총계,5.47E+10,,2026-07-11
01364747,399720,가온칩스,2025,CFS,BS,재고자산,1061362786,,2026-07-11
01364747,399720,가온칩스,2025,CFS,CF,재무활동현금흐름,33693380698,,2026-07-11
01364747,399720,가온칩스,2025,CFS,BS,총자산,1.59E+11,,2026-07-11
01364747,399720,가온칩스,2025,CFS,CF,투자활동현금흐름,2.01E+09,,2026-07-11
01364747,399720,가온칩스,2025,CFS,CIS,판매비와관리비,11508951773,,2026-07-11
01364747,399720,가온칩스,2025,CFS,IS,EBITDA,-9240000000.0,,
01364747,399720,가온칩스,2024,CFS,CIS,금융비용,2332270017,,2026-07-11
01364747,399720,가온칩스,2024,CFS,CIS,당기순이익,7530549168,,2026-07-11
01364747,399720,가온칩스,2024,CFS,CIS,매출액,96492001688,,2026-07-11
01364747,399720,가온칩스,2024,CFS,CIS,매출원가,82247927125,,2026-07-11
01364747,399720,가온칩스,2024,CFS,BS,매출채권,18707646321,,2026-07-11
01364747,399720,가온칩스,2024,CFS,BS,무형자산,5180867734,,2026-07-11
01364747,399720,가온칩스,2024,CFS,CF,무형자산의 취득,1293387190,,2026-07-11
01364747,399720,가온칩스,2024,CFS,CF,배당금지급,0,,2026-07-11
01364747,399720,가온칩스,2024,CFS,BS,부채총계,43353386403,,2026-07-11
01364747,399720,가온칩스,2024,CFS,BS,비유동부채,7125444207,,2026-07-11
01364747,399720,가온칩스,2024,CFS,CIS,영업이익,3524912928,,2026-07-11
01364747,399720,가온칩스,2024,CFS,CF,영업활동현금흐름,10803918403,,2026-07-11
01364747,399720,가온칩스,2024,CFS,BS,유형자산,20877315878,,2026-07-11
01364747,399720,가온칩스,2024,CFS,CF,유형자산의 취득,9505482504,,2026-07-11
01364747,399720,가온칩스,2024,CFS,BS,자본총계,6.94E+10,,2026-07-11
01364747,399720,가온칩스,2024,CFS,BS,재고자산,0,,2026-07-11
01364747,399720,가온칩스,2024,CFS,CF,재무활동현금흐름,-609955808,,2026-07-11
01364747,399720,가온칩스,2024,CFS,BS,총자산,1.13E+11,,2026-07-11
01364747,399720,가온칩스,2024,CFS,CF,투자활동현금흐름,1313260460,,2026-07-11
01364747,399720,가온칩스,2024,CFS,CIS,판매비와관리비,10719161635,,2026-07-11
01364747,399720,가온칩스,2023,CFS,CIS,금융비용,839036639,,2026-07-11
01364747,399720,가온칩스,2023,CFS,CIS,당기순이익,6344445918,,2026-07-11
01364747,399720,가온칩스,2023,CFS,CIS,매출액,63597349804,,2026-07-11
01364747,399720,가온칩스,2023,CFS,CIS,매출원가,50879354108,,2026-07-11
01364747,399720,가온칩스,2023,CFS,BS,매출채권,16661459655,,2026-07-11
01364747,399720,가온칩스,2023,CFS,BS,무형자산,6228357026,,2026-07-11
01364747,399720,가온칩스,2023,CFS,CF,무형자산의 취득,4.11E+09,,2026-07-11
01364747,399720,가온칩스,2023,CFS,CF,배당금지급,0,,2026-07-11
01364747,399720,가온칩스,2023,CFS,BS,부채총계,32590129089,,2026-07-11
01364747,399720,가온칩스,2023,CFS,BS,비유동부채,7772481777,,2026-07-11
01364747,399720,가온칩스,2023,CFS,CIS,영업이익,4351646460,,2026-07-11
01364747,399720,가온칩스,2023,CFS,CF,영업활동현금흐름,5666350939,,2026-07-11
01364747,399720,가온칩스,2023,CFS,BS,유형자산,14633331362,,2026-07-11
01364747,399720,가온칩스,2023,CFS,CF,유형자산의 취득,6.77E+09,,2026-07-11
01364747,399720,가온칩스,2023,CFS,BS,자본총계,62019549707,,2026-07-11
01364747,399720,가온칩스,2023,CFS,BS,재고자산,0,,2026-07-11
01364747,399720,가온칩스,2023,CFS,CF,재무활동현금흐름,-3.68E+08,,2026-07-11
01364747,399720,가온칩스,2023,CFS,BS,총자산,94609678796,,2026-07-11
01364747,399720,가온칩스,2023,CFS,CF,투자활동현금흐름,-9280615807,,2026-07-11
01364747,399720,가온칩스,2023,CFS,CIS,판매비와관리비,8366349236,,2026-07-11
00579999,098460,고영,2025,CFS,CIS,금융비용,738344874,,2026-07-11
00579999,098460,고영,2025,CFS,CIS,당기순이익,14756087568,,2026-07-11
00579999,098460,고영,2025,CFS,CIS,매출액,2.33E+11,,2026-07-11
00579999,098460,고영,2025,CFS,CIS,매출원가,84073109625,,2026-07-11
00579999,098460,고영,2025,CFS,BS,매출채권,1.06E+11,,2026-07-11
00579999,098460,고영,2025,CFS,BS,무형자산,1.63E+10,,2026-07-11
00579999,098460,고영,2025,CFS,CF,무형자산의 취득,8756888963,,2026-07-11
00579999,098460,고영,2025,CFS,CF,배당금지급,9237228000,,2026-07-11
00579999,098460,고영,2025,CFS,BS,부채총계,75169601828,,2026-07-11
00579999,098460,고영,2025,CFS,BS,비유동부채,13658705142,,2026-07-11
00579999,098460,고영,2025,CFS,CIS,영업이익,17342338477,,2026-07-11
00579999,098460,고영,2025,CFS,CF,영업활동현금흐름,18090229309,,2026-07-11
00579999,098460,고영,2025,CFS,BS,유형자산,4.90E+10,,2026-07-11
00579999,098460,고영,2025,CFS,CF,유형자산의 취득,4727054515,,2026-07-11
00579999,098460,고영,2025,CFS,BS,자본총계,3.35E+11,,2026-07-11
00579999,098460,고영,2025,CFS,BS,재고자산,5.07E+10,,2026-07-11
00579999,098460,고영,2025,CFS,CF,재무활동현금흐름,-1.50E+10,,2026-07-11
00579999,098460,고영,2025,CFS,BS,총자산,4.10E+11,,2026-07-11
00579999,098460,고영,2025,CFS,CF,투자활동현금흐름,-18473867719,,2026-07-11
00579999,098460,고영,2025,CFS,CIS,판매비와관리비,97455180210,,2026-07-11
00579999,098460,고영,2025,CFS,IS,EBITDA,31139999999.999996,,
00579999,098460,고영,2024,CFS,CIS,금융비용,504019482,,2026-07-11
00579999,098460,고영,2024,CFS,CIS,당기순이익,20998990602,,2026-07-11
00579999,098460,고영,2024,CFS,CIS,매출액,2.03E+11,,2026-07-11
00579999,098460,고영,2024,CFS,CIS,매출원가,76686427777,,2026-07-11
00579999,098460,고영,2024,CFS,BS,매출채권,7.27E+10,,2026-07-11
00579999,098460,고영,2024,CFS,BS,무형자산,12252513545,,2026-07-11
00579999,098460,고영,2024,CFS,CF,무형자산의 취득,5198453720,,2026-07-11
00579999,098460,고영,2024,CFS,CF,배당금지급,9183975920,,2026-07-11
00579999,098460,고영,2024,CFS,BS,부채총계,54763375690,,2026-07-11
00579999,098460,고영,2024,CFS,BS,비유동부채,18668168190,,2026-07-11
00579999,098460,고영,2024,CFS,CIS,영업이익,3322352718,,2026-07-11
00579999,098460,고영,2024,CFS,CF,영업활동현금흐름,3.64E+10,,2026-07-11
00579999,098460,고영,2024,CFS,BS,유형자산,46735082339,,2026-07-11
00579999,098460,고영,2024,CFS,CF,유형자산의 취득,3449687610,,2026-07-11
00579999,098460,고영,2024,CFS,BS,자본총계,3.23E+11,,2026-07-11
00579999,098460,고영,2024,CFS,BS,재고자산,50137553407,,2026-07-11
00579999,098460,고영,2024,CFS,CF,재무활동현금흐름,-15119501714,,2026-07-11
00579999,098460,고영,2024,CFS,BS,총자산,3.78E+11,,2026-07-11
00579999,098460,고영,2024,CFS,CF,투자활동현금흐름,2520431970,,2026-07-11
00579999,098460,고영,2024,CFS,CIS,판매비와관리비,81462899479,,2026-07-11
00579999,098460,고영,2023,CFS,CIS,금융비용,694033999,,2026-07-11
00579999,098460,고영,2023,CFS,CIS,당기순이익,21925959777,,2026-07-11
00579999,098460,고영,2023,CFS,CIS,매출액,2.26E+11,,2026-07-11
00579999,098460,고영,2023,CFS,CIS,매출원가,80118409586,,2026-07-11
00579999,098460,고영,2023,CFS,BS,매출채권,82975098426,,2026-07-11
00579999,098460,고영,2023,CFS,BS,무형자산,10739946870,,2026-07-11
00579999,098460,고영,2023,CFS,CF,무형자산의 취득,3152558001,,2026-07-11
00579999,098460,고영,2023,CFS,CF,배당금지급,9383403960,,2026-07-11
00579999,098460,고영,2023,CFS,BS,부채총계,61894392837,,2026-07-11
00579999,098460,고영,2023,CFS,BS,비유동부채,22073120411,,2026-07-11
00579999,098460,고영,2023,CFS,CIS,영업이익,2.04E+10,,2026-07-11
00579999,098460,고영,2023,CFS,CF,영업활동현금흐름,29540204383,,2026-07-11
00579999,098460,고영,2023,CFS,BS,유형자산,45563962549,,2026-07-11
00579999,098460,고영,2023,CFS,CF,유형자산의 취득,7.08E+09,,2026-07-11
00579999,098460,고영,2023,CFS,BS,자본총계,3.05E+11,,2026-07-11
00579999,098460,고영,2023,CFS,BS,재고자산,49958785920,,2026-07-11
00579999,098460,고영,2023,CFS,CF,재무활동현금흐름,-38513608306,,2026-07-11
00579999,098460,고영,2023,CFS,BS,총자산,3.67E+11,,2026-07-11
00579999,098460,고영,2023,CFS,CF,투자활동현금흐름,-12832419308,,2026-07-11
00579999,098460,고영,2023,CFS,CIS,판매비와관리비,83515542571,,2026-07-11
01080252,348210,넥스틴,2025,CFS,CIS,금융비용,1351014202,,2026-07-11
01080252,348210,넥스틴,2025,CFS,CIS,당기순이익,-2645744570,,2026-07-11
01080252,348210,넥스틴,2025,CFS,CIS,매출액,6.69E+10,,2026-07-11
01080252,348210,넥스틴,2025,CFS,CIS,매출원가,34358581374,,2026-07-11
01080252,348210,넥스틴,2025,CFS,BS,매출채권,6167929103,,2026-07-11
01080252,348210,넥스틴,2025,CFS,BS,무형자산,3677615566,,2026-07-11
01080252,348210,넥스틴,2025,CFS,CF,무형자산의 취득,282020308,,2026-07-11
01080252,348210,넥스틴,2025,CFS,CF,배당금지급,5138818500,,2026-07-11
01080252,348210,넥스틴,2025,CFS,BS,부채총계,72740126627,,2026-07-11
01080252,348210,넥스틴,2025,CFS,BS,비유동부채,2.31E+10,,2026-07-11
01080252,348210,넥스틴,2025,CFS,CIS,영업이익,-1160803724,,2026-07-11
01080252,348210,넥스틴,2025,CFS,CF,영업활동현금흐름,-11108642951,,2026-07-11
01080252,348210,넥스틴,2025,CFS,BS,유형자산,7.12E+10,,2026-07-11
01080252,348210,넥스틴,2025,CFS,CF,유형자산의 취득,30177447722,,2026-07-11
01080252,348210,넥스틴,2025,CFS,BS,자본총계,1.50E+11,,2026-07-11
01080252,348210,넥스틴,2025,CFS,BS,재고자산,59950989268,,2026-07-11
01080252,348210,넥스틴,2025,CFS,CF,재무활동현금흐름,27412310583,,2026-07-11
01080252,348210,넥스틴,2025,CFS,BS,총자산,2.23E+11,,2026-07-11
01080252,348210,넥스틴,2025,CFS,CF,투자활동현금흐름,-33356773687,,2026-07-11
01080252,348210,넥스틴,2025,CFS,CIS,판매비와관리비,33716549491,,2026-07-11
01080252,348210,넥스틴,2025,CFS,IS,EBITDA,3370000000.0000005,,
01080252,348210,넥스틴,2024,CFS,CIS,금융비용,1462419746,,2026-07-11
01080252,348210,넥스틴,2024,CFS,CIS,당기순이익,38427640891,,2026-07-11
01080252,348210,넥스틴,2024,CFS,CIS,매출액,1.14E+11,,2026-07-11
01080252,348210,넥스틴,2024,CFS,CIS,매출원가,34198824653,,2026-07-11
01080252,348210,넥스틴,2024,CFS,BS,매출채권,13692179977,,2026-07-11
01080252,348210,넥스틴,2024,CFS,BS,무형자산,1818537801,,2026-07-11
01080252,348210,넥스틴,2024,CFS,CF,무형자산의 취득,1100521262,,2026-07-11
01080252,348210,넥스틴,2024,CFS,CF,배당금지급,5093125500,,2026-07-11
01080252,348210,넥스틴,2024,CFS,BS,부채총계,3.22E+10,,2026-07-11
01080252,348210,넥스틴,2024,CFS,BS,비유동부채,1.29E+10,,2026-07-11
01080252,348210,넥스틴,2024,CFS,CIS,영업이익,46974727733,,2026-07-11
01080252,348210,넥스틴,2024,CFS,CF,영업활동현금흐름,4.28E+10,,2026-07-11
01080252,348210,넥스틴,2024,CFS,BS,유형자산,35741533446,,2026-07-11
01080252,348210,넥스틴,2024,CFS,CF,유형자산의 취득,14735599767,,2026-07-11
01080252,348210,넥스틴,2024,CFS,BS,자본총계,1.58E+11,,2026-07-11
01080252,348210,넥스틴,2024,CFS,BS,재고자산,5.53E+10,,2026-07-11
01080252,348210,넥스틴,2024,CFS,CF,재무활동현금흐름,-269197652,,2026-07-11
01080252,348210,넥스틴,2024,CFS,BS,총자산,1.90E+11,,2026-07-11
01080252,348210,넥스틴,2024,CFS,CF,투자활동현금흐름,-18666750962,,2026-07-11
01080252,348210,넥스틴,2024,CFS,CIS,판매비와관리비,32546323487,,2026-07-11
01080252,348210,넥스틴,2023,CFS,CIS,금융비용,1.87E+09,,2026-07-11
01080252,348210,넥스틴,2023,CFS,CIS,당기순이익,30933600268,,2026-07-11
01080252,348210,넥스틴,2023,CFS,CIS,매출액,8.79E+10,,2026-07-11
01080252,348210,넥스틴,2023,CFS,CIS,매출원가,25609153249,,2026-07-11
01080252,348210,넥스틴,2023,CFS,BS,매출채권,8710891042,,2026-07-11
01080252,348210,넥스틴,2023,CFS,BS,무형자산,873762370,,2026-07-11
01080252,348210,넥스틴,2023,CFS,CF,무형자산의 취득,10000000,,2026-07-11
01080252,348210,넥스틴,2023,CFS,CF,배당금지급,4.93E+09,,2026-07-11
01080252,348210,넥스틴,2023,CFS,BS,부채총계,1.60E+10,,2026-07-11
01080252,348210,넥스틴,2023,CFS,BS,비유동부채,1467332519,,2026-07-11
01080252,348210,넥스틴,2023,CFS,CIS,영업이익,3.62E+10,,2026-07-11
01080252,348210,넥스틴,2023,CFS,CF,영업활동현금흐름,396939068,,2026-07-11
01080252,348210,넥스틴,2023,CFS,BS,유형자산,25307519117,,2026-07-11
01080252,348210,넥스틴,2023,CFS,CF,유형자산의 취득,16620048050,,2026-07-11
01080252,348210,넥스틴,2023,CFS,BS,자본총계,1.27E+11,,2026-07-11
01080252,348210,넥스틴,2023,CFS,BS,재고자산,52058209778,,2026-07-11
01080252,348210,넥스틴,2023,CFS,CF,재무활동현금흐름,-4351984107,,2026-07-11
01080252,348210,넥스틴,2023,CFS,BS,총자산,1.43E+11,,2026-07-11
01080252,348210,넥스틴,2023,CFS,CF,투자활동현금흐름,-38099094111,,2026-07-11
01080252,348210,넥스틴,2023,CFS,CIS,판매비와관리비,2.62E+10,,2026-07-11
01061558,213420,덕산네오룩스,2025,CFS,CIS,금융비용,6941922929,,2026-07-11
01061558,213420,덕산네오룩스,2025,CFS,CIS,당기순이익,5.40E+10,,2026-07-11
01061558,213420,덕산네오룩스,2025,CFS,CIS,매출액,3.44E+11,,2026-07-11
01061558,213420,덕산네오룩스,2025,CFS,CIS,매출원가,2.28E+11,,2026-07-11
01061558,213420,덕산네오룩스,2025,CFS,BS,매출채권,67624192972,,2026-07-11
01061558,213420,덕산네오룩스,2025,CFS,BS,무형자산,1.32E+11,,2026-07-11
01061558,213420,덕산네오룩스,2025,CFS,CF,무형자산의 취득,1.86E+09,,2026-07-11
01061558,213420,덕산네오룩스,2025,CFS,CF,배당금지급,0.00E+00,,2026-07-11
01061558,213420,덕산네오룩스,2025,CFS,BS,부채총계,2.44E+11,,2026-07-11
01061558,213420,덕산네오룩스,2025,CFS,BS,비유동부채,1.35E+11,,2026-07-11
01061558,213420,덕산네오룩스,2025,CFS,CIS,영업이익,60742428308,,2026-07-11
01061558,213420,덕산네오룩스,2025,CFS,CF,영업활동현금흐름,6.06E+10,,2026-07-11
01061558,213420,덕산네오룩스,2025,CFS,BS,유형자산,1.35E+11,,2026-07-11
01061558,213420,덕산네오룩스,2025,CFS,CF,유형자산의 취득,12202970495,,2026-07-11
01061558,213420,덕산네오룩스,2025,CFS,BS,자본총계,4.70E+11,,2026-07-11
01061558,213420,덕산네오룩스,2025,CFS,BS,재고자산,65774999435,,2026-07-11
01061558,213420,덕산네오룩스,2025,CFS,CF,재무활동현금흐름,54096711555,,2026-07-11
01061558,213420,덕산네오룩스,2025,CFS,BS,총자산,7.14E+11,,2026-07-11
01061558,213420,덕산네오룩스,2025,CFS,CF,투자활동현금흐름,-5.91E+10,,2026-07-11
01061558,213420,덕산네오룩스,2025,CFS,CIS,판매비와관리비,55337789000,,2026-07-11
01061558,213420,덕산네오룩스,2025,CFS,IS,EBITDA,77390000000.0,,
01061558,213420,덕산네오룩스,2024,CFS,CIS,금융비용,3.51E+09,,2026-07-11
01061558,213420,덕산네오룩스,2024,CFS,CIS,당기순이익,45760807753,,2026-07-11
01061558,213420,덕산네오룩스,2024,CFS,CIS,매출액,2.12E+11,,2026-07-11
01061558,213420,덕산네오룩스,2024,CFS,CIS,매출원가,1.31E+11,,2026-07-11
01061558,213420,덕산네오룩스,2024,CFS,BS,매출채권,1.47E+10,,2026-07-11
01061558,213420,덕산네오룩스,2024,CFS,BS,무형자산,5.98E+10,,2026-07-11
01061558,213420,덕산네오룩스,2024,CFS,CF,무형자산의 취득,4.78E+09,,2026-07-11
01061558,213420,덕산네오룩스,2024,CFS,CF,배당금지급,0,,2026-07-11
01061558,213420,덕산네오룩스,2024,CFS,BS,부채총계,5.33E+10,,2026-07-11
01061558,213420,덕산네오룩스,2024,CFS,BS,비유동부채,29810684484,,2026-07-11
01061558,213420,덕산네오룩스,2024,CFS,CIS,영업이익,5.25E+10,,2026-07-11
01061558,213420,덕산네오룩스,2024,CFS,CF,영업활동현금흐름,5.88E+10,,2026-07-11
01061558,213420,덕산네오룩스,2024,CFS,BS,유형자산,1.12E+11,,2026-07-11
01061558,213420,덕산네오룩스,2024,CFS,CF,유형자산의 취득,1.54E+10,,2026-07-11
01061558,213420,덕산네오룩스,2024,CFS,BS,자본총계,3.99E+11,,2026-07-11
01061558,213420,덕산네오룩스,2024,CFS,BS,재고자산,31508833944,,2026-07-11
01061558,213420,덕산네오룩스,2024,CFS,CF,재무활동현금흐름,-793093031,,2026-07-11
01061558,213420,덕산네오룩스,2024,CFS,BS,총자산,4.52E+11,,2026-07-11
01061558,213420,덕산네오룩스,2024,CFS,CF,투자활동현금흐름,-27073659823,,2026-07-11
01061558,213420,덕산네오룩스,2024,CFS,CIS,판매비와관리비,2.91E+10,,2026-07-11
01061558,213420,덕산네오룩스,2023,CFS,CIS,금융비용,1504285650,,2026-07-11
01061558,213420,덕산네오룩스,2023,CFS,CIS,당기순이익,35804054122,,2026-07-11
01061558,213420,덕산네오룩스,2023,CFS,CIS,매출액,1.64E+11,,2026-07-11
01061558,213420,덕산네오룩스,2023,CFS,CIS,매출원가,1.06E+11,,2026-07-11
01061558,213420,덕산네오룩스,2023,CFS,BS,매출채권,8.90E+09,,2026-07-11
01061558,213420,덕산네오룩스,2023,CFS,BS,무형자산,5.82E+10,,2026-07-11
01061558,213420,덕산네오룩스,2023,CFS,CF,무형자산의 취득,0,,2026-07-11
01061558,213420,덕산네오룩스,2023,CFS,CF,배당금지급,0.00E+00,,2026-07-11
01061558,213420,덕산네오룩스,2023,CFS,BS,부채총계,51134113424,,2026-07-11
01061558,213420,덕산네오룩스,2023,CFS,BS,비유동부채,2.75E+10,,2026-07-11
01061558,213420,덕산네오룩스,2023,CFS,CIS,영업이익,3.29E+10,,2026-07-11
01061558,213420,덕산네오룩스,2023,CFS,CF,영업활동현금흐름,5.00E+10,,2026-07-11
01061558,213420,덕산네오룩스,2023,CFS,BS,유형자산,1.05E+11,,2026-07-11
01061558,213420,덕산네오룩스,2023,CFS,CF,유형자산의 취득,15989737507,,2026-07-11
01061558,213420,덕산네오룩스,2023,CFS,BS,자본총계,3.53E+11,,2026-07-11
01061558,213420,덕산네오룩스,2023,CFS,BS,재고자산,30792898052,,2026-07-11
01061558,213420,덕산네오룩스,2023,CFS,CF,재무활동현금흐름,-1.80E+09,,2026-07-11
01061558,213420,덕산네오룩스,2023,CFS,BS,총자산,4.04E+11,,2026-07-11
01061558,213420,덕산네오룩스,2023,CFS,CF,투자활동현금흐름,-1.41E+11,,2026-07-11
01061558,213420,덕산네오룩스,2023,CFS,CIS,판매비와관리비,24529524802,,2026-07-11
00563545,131970,두산테스나,2025,OFS,CIS,금융비용,11907563000,,2026-07-11
00563545,131970,두산테스나,2025,OFS,CIS,당기순이익,1510043000,,2026-07-11
00563545,131970,두산테스나,2025,OFS,CIS,매출액,3.04E+11,,2026-07-11
00563545,131970,두산테스나,2025,OFS,CIS,매출원가,2.74E+11,,2026-07-11
00563545,131970,두산테스나,2025,OFS,BS,매출채권,3.66E+10,,2026-07-11
00563545,131970,두산테스나,2025,OFS,BS,무형자산,8161449000,,2026-07-11
00563545,131970,두산테스나,2025,OFS,CF,무형자산의 취득,2.02E+09,,2026-07-11
00563545,131970,두산테스나,2025,OFS,CF,배당금지급,3078165000,,2026-07-11
00563545,131970,두산테스나,2025,OFS,BS,부채총계,2.67E+11,,2026-07-11
00563545,131970,두산테스나,2025,OFS,BS,비유동부채,1.50E+11,,2026-07-11
00563545,131970,두산테스나,2025,OFS,CIS,영업이익,-940826000,,2026-07-11
00563545,131970,두산테스나,2025,OFS,CF,영업활동현금흐름,1.47E+11,,2026-07-11
00563545,131970,두산테스나,2025,OFS,BS,유형자산,4.55E+11,,2026-07-11
00563545,131970,두산테스나,2025,OFS,CF,유형자산의 취득,22780544000,,2026-07-11
00563545,131970,두산테스나,2025,OFS,BS,자본총계,4.37E+11,,2026-07-11
00563545,131970,두산테스나,2025,OFS,BS,재고자산,2.55E+08,,2026-07-11
00563545,131970,두산테스나,2025,OFS,CF,재무활동현금흐름,-96221859000,,2026-07-11
00563545,131970,두산테스나,2025,OFS,BS,총자산,7.04E+11,,2026-07-11
00563545,131970,두산테스나,2025,OFS,CF,투자활동현금흐름,-6291451000,,2026-07-11
00563545,131970,두산테스나,2025,OFS,CIS,판매비와관리비,30484509000,,2026-07-11
00563545,131970,두산테스나,2025,OFS,IS,EBITDA,166210000000.0,,
00563545,131970,두산테스나,2024,CFS,CIS,금융비용,15554252000,,2026-07-11
00563545,131970,두산테스나,2024,CFS,CIS,당기순이익,36781312000,,2026-07-11
00563545,131970,두산테스나,2024,CFS,CIS,매출액,3.73E+11,,2026-07-11
00563545,131970,두산테스나,2024,CFS,CIS,매출원가,3.05E+11,,2026-07-11
00563545,131970,두산테스나,2024,CFS,BS,매출채권,35474896000,,2026-07-11
00563545,131970,두산테스나,2024,CFS,BS,무형자산,1.13E+10,,2026-07-11
00563545,131970,두산테스나,2024,CFS,CF,무형자산의 취득,360305000,,2026-07-11
00563545,131970,두산테스나,2024,CFS,CF,배당금지급,3078165000,,2026-07-11
00563545,131970,두산테스나,2024,CFS,BS,부채총계,3.50E+11,,2026-07-11
00563545,131970,두산테스나,2024,CFS,BS,비유동부채,1.67E+11,,2026-07-11
00563545,131970,두산테스나,2024,CFS,CIS,영업이익,37923282000,,2026-07-11
00563545,131970,두산테스나,2024,CFS,CF,영업활동현금흐름,2.19E+11,,2026-07-11
00563545,131970,두산테스나,2024,CFS,BS,유형자산,5.90E+11,,2026-07-11
00563545,131970,두산테스나,2024,CFS,CF,유형자산의 취득,1.83E+11,,2026-07-11
00563545,131970,두산테스나,2024,CFS,BS,자본총계,4.38E+11,,2026-07-11
00563545,131970,두산테스나,2024,CFS,BS,재고자산,6.11E+08,,2026-07-11
00563545,131970,두산테스나,2024,CFS,CF,재무활동현금흐름,-6.08E+10,,2026-07-11
00563545,131970,두산테스나,2024,CFS,BS,총자산,7.88E+11,,2026-07-11
00563545,131970,두산테스나,2024,CFS,CF,투자활동현금흐름,-1.72E+11,,2026-07-11
00563545,131970,두산테스나,2024,CFS,CIS,판매비와관리비,29884307000,,2026-07-11
00563545,131970,두산테스나,2023,OFS,CIS,금융비용,18500261172,,2026-07-11
00563545,131970,두산테스나,2023,OFS,CIS,당기순이익,4.91E+10,,2026-07-11
00563545,131970,두산테스나,2023,OFS,CIS,매출액,3.39E+11,,2026-07-11
00563545,131970,두산테스나,2023,OFS,CIS,매출원가,2.56E+11,,2026-07-11
00563545,131970,두산테스나,2023,OFS,BS,매출채권,3.73E+10,,2026-07-11
00563545,131970,두산테스나,2023,OFS,BS,무형자산,3762197477,,2026-07-11
00563545,131970,두산테스나,2023,OFS,CF,무형자산의 취득,2182603654,,2026-07-11
00563545,131970,두산테스나,2023,OFS,CF,배당금지급,2.72E+09,,2026-07-11
00563545,131970,두산테스나,2023,OFS,BS,부채총계,3.59E+11,,2026-07-11
00563545,131970,두산테스나,2023,OFS,BS,비유동부채,2.20E+11,,2026-07-11
00563545,131970,두산테스나,2023,OFS,CIS,영업이익,60778799323,,2026-07-11
00563545,131970,두산테스나,2023,OFS,CF,영업활동현금흐름,2.11E+11,,2026-07-11
00563545,131970,두산테스나,2023,OFS,BS,유형자산,5.79E+11,,2026-07-11
00563545,131970,두산테스나,2023,OFS,CF,유형자산의 취득,1.72E+11,,2026-07-11
00563545,131970,두산테스나,2023,OFS,BS,자본총계,4.04E+11,,2026-07-11
00563545,131970,두산테스나,2023,OFS,BS,재고자산,0.00E+00,,2026-07-11
00563545,131970,두산테스나,2023,OFS,CF,재무활동현금흐름,-2323579459,,2026-07-11
00563545,131970,두산테스나,2023,OFS,BS,총자산,7.63E+11,,2026-07-11
00563545,131970,두산테스나,2023,OFS,CF,투자활동현금흐름,-1.74E+11,,2026-07-11
00563545,131970,두산테스나,2023,OFS,CIS,판매비와관리비,22252335607,,2026-07-11
00369657,058470,리노공업,2025,OFS,CIS,금융비용,6.49E+06,,2026-07-11
00369657,058470,리노공업,2025,OFS,CIS,당기순이익,1.52E+11,,2026-07-11
00369657,058470,리노공업,2025,OFS,CIS,매출액,3.73E+11,,2026-07-11
00369657,058470,리노공업,2025,OFS,CIS,매출원가,1.78E+11,,2026-07-11
00369657,058470,리노공업,2025,OFS,BS,매출채권,52853181025,,2026-07-11
00369657,058470,리노공업,2025,OFS,BS,무형자산,1868932729,,2026-07-11
00369657,058470,리노공업,2025,OFS,CF,무형자산의 취득,2.82E+08,,2026-07-11
00369657,058470,리노공업,2025,OFS,CF,배당금지급,4.55E+10,,2026-07-11
00369657,058470,리노공업,2025,OFS,BS,부채총계,60709212955,,2026-07-11
00369657,058470,리노공업,2025,OFS,BS,비유동부채,5917054903,,2026-07-11
00369657,058470,리노공업,2025,OFS,CIS,영업이익,1.77E+11,,2026-07-11
00369657,058470,리노공업,2025,OFS,CF,영업활동현금흐름,1.79E+11,,2026-07-11
00369657,058470,리노공업,2025,OFS,BS,유형자산,2.28E+11,,2026-07-11
00369657,058470,리노공업,2025,OFS,CF,유형자산의 취득,6.00E+10,,2026-07-11
00369657,058470,리노공업,2025,OFS,BS,자본총계,7.31E+11,,2026-07-11
00369657,058470,리노공업,2025,OFS,BS,재고자산,15514548353,,2026-07-11
00369657,058470,리노공업,2025,OFS,CF,재무활동현금흐름,-4.56E+10,,2026-07-11
00369657,058470,리노공업,2025,OFS,BS,총자산,7.92E+11,,2026-07-11
00369657,058470,리노공업,2025,OFS,CF,투자활동현금흐름,-1.04E+11,,2026-07-11
00369657,058470,리노공업,2025,OFS,CIS,판매비와관리비,1.74E+10,,2026-07-11
00369657,058470,리노공업,2025,OFS,IS,EBITDA,190210000000.0,,
00369657,058470,리노공업,2024,OFS,CIS,금융비용,7.60E+06,,2026-07-11
00369657,058470,리노공업,2024,OFS,CIS,당기순이익,1.13E+11,,2026-07-11
00369657,058470,리노공업,2024,OFS,CIS,매출액,2.78E+11,,2026-07-11
00369657,058470,리노공업,2024,OFS,CIS,매출원가,1.40E+11,,2026-07-11
00369657,058470,리노공업,2024,OFS,BS,매출채권,5.11E+10,,2026-07-11
00369657,058470,리노공업,2024,OFS,BS,무형자산,1.96E+09,,2026-07-11
00369657,058470,리노공업,2024,OFS,CF,무형자산의 취득,3.75E+08,,2026-07-11
00369657,058470,리노공업,2024,OFS,CF,배당금지급,4.55E+10,,2026-07-11
00369657,058470,리노공업,2024,OFS,BS,부채총계,3.48E+10,,2026-07-11
00369657,058470,리노공업,2024,OFS,BS,비유동부채,4.20E+09,,2026-07-11
00369657,058470,리노공업,2024,OFS,CIS,영업이익,1.24E+11,,2026-07-11
00369657,058470,리노공업,2024,OFS,CF,영업활동현금흐름,1.10E+11,,2026-07-11
00369657,058470,리노공업,2024,OFS,BS,유형자산,1.81E+11,,2026-07-11
00369657,058470,리노공업,2024,OFS,CF,유형자산의 취득,1.16E+10,,2026-07-11
00369657,058470,리노공업,2024,OFS,BS,자본총계,6.23E+11,,2026-07-11
00369657,058470,리노공업,2024,OFS,BS,재고자산,1.30E+10,,2026-07-11
00369657,058470,리노공업,2024,OFS,CF,재무활동현금흐름,-4.56E+10,,2026-07-11
00369657,058470,리노공업,2024,OFS,BS,총자산,6.57E+11,,2026-07-11
00369657,058470,리노공업,2024,OFS,CF,투자활동현금흐름,-4.68E+10,,2026-07-11
00369657,058470,리노공업,2024,OFS,CIS,판매비와관리비,1.40E+10,,2026-07-11
00369657,058470,리노공업,2023,OFS,CIS,금융비용,9.43E+06,,2026-07-11
00369657,058470,리노공업,2023,OFS,CIS,당기순이익,1.11E+11,,2026-07-11
00369657,058470,리노공업,2023,OFS,CIS,매출액,2.56E+11,,2026-07-11
00369657,058470,리노공업,2023,OFS,CIS,매출원가,1.27E+11,,2026-07-11
00369657,058470,리노공업,2023,OFS,BS,매출채권,2.98E+10,,2026-07-11
00369657,058470,리노공업,2023,OFS,BS,무형자산,1.99E+09,,2026-07-11
00369657,058470,리노공업,2023,OFS,CF,무형자산의 취득,5.25E+08,,2026-07-11
00369657,058470,리노공업,2023,OFS,CF,배당금지급,4.55E+10,,2026-07-11
00369657,058470,리노공업,2023,OFS,BS,부채총계,2.58E+10,,2026-07-11
00369657,058470,리노공업,2023,OFS,BS,비유동부채,2.68E+09,,2026-07-11
00369657,058470,리노공업,2023,OFS,CIS,영업이익,1.14E+11,,2026-07-11
00369657,058470,리노공업,2023,OFS,CF,영업활동현금흐름,1.10E+11,,2026-07-11
00369657,058470,리노공업,2023,OFS,BS,유형자산,1.83E+11,,2026-07-11
00369657,058470,리노공업,2023,OFS,CF,유형자산의 취득,6.85E+10,,2026-07-11
00369657,058470,리노공업,2023,OFS,BS,자본총계,5.57E+11,,2026-07-11
00369657,058470,리노공업,2023,OFS,BS,재고자산,1.43E+10,,2026-07-11
00369657,058470,리노공업,2023,OFS,CF,재무활동현금흐름,-4.56E+10,,2026-07-11
00369657,058470,리노공업,2023,OFS,BS,총자산,5.83E+11,,2026-07-11
00369657,058470,리노공업,2023,OFS,CF,투자활동현금흐름,-6.10E+10,,2026-07-11
00369657,058470,리노공업,2023,OFS,CIS,판매비와관리비,1.40E+10,,2026-07-11
00126380,005930,삼성전자,2025,CFS,IS,금융비용,1.17E+13,,2026-07-11
00126380,005930,삼성전자,2025,CFS,CIS,당기순이익,4.52E+13,,2026-07-11
00126380,005930,삼성전자,2025,CFS,IS,매출액,3.34E+14,,2026-07-11
00126380,005930,삼성전자,2025,CFS,IS,매출원가,2.02E+14,,2026-07-11
00126380,005930,삼성전자,2025,CFS,BS,매출채권,5.11E+13,,2026-07-11
00126380,005930,삼성전자,2025,CFS,BS,무형자산,2.95E+13,,2026-07-11
00126380,005930,삼성전자,2025,CFS,CF,무형자산의 취득,4.63E+12,,2026-07-11
00126380,005930,삼성전자,2025,CFS,CF,배당금지급,9.90E+12,,2026-07-11
00126380,005930,삼성전자,2025,CFS,BS,부채총계,1.31E+14,,2026-07-11
00126380,005930,삼성전자,2025,CFS,BS,비유동부채,2.42E+13,,2026-07-11
00126380,005930,삼성전자,2025,CFS,IS,영업이익,4.36E+13,,2026-07-11
00126380,005930,삼성전자,2025,CFS,CF,영업활동현금흐름,8.53E+13,,2026-07-11
00126380,005930,삼성전자,2025,CFS,BS,유형자산,2.15E+14,,2026-07-11
00126380,005930,삼성전자,2025,CFS,CF,유형자산의 취득,4.75E+13,,2026-07-11
00126380,005930,삼성전자,2025,CFS,BS,자본총계,4.36E+14,,2026-07-11
00126380,005930,삼성전자,2025,CFS,BS,재고자산,5.26E+13,,2026-07-11
00126380,005930,삼성전자,2025,CFS,CF,재무활동현금흐름,-1.35E+13,,2026-07-11
00126380,005930,삼성전자,2025,CFS,BS,총자산,5.67E+14,,2026-07-11
00126380,005930,삼성전자,2025,CFS,CF,투자활동현금흐름,-6.85E+13,,2026-07-11
00126380,005930,삼성전자,2025,CFS,IS,판매비와관리비,8.78E+13,,2026-07-11
00126380,005930,삼성전자,2025,CFS,IS,EBITDA,90540700000000.0,,
00126380,005930,삼성전자,2024,CFS,IS,금융비용,1.30E+13,,2026-07-11
00126380,005930,삼성전자,2024,CFS,CIS,당기순이익,3.45E+13,,2026-07-11
00126380,005930,삼성전자,2024,CFS,IS,매출액,3.01E+14,,2026-07-11
00126380,005930,삼성전자,2024,CFS,IS,매출원가,1.87E+14,,2026-07-11
00126380,005930,삼성전자,2024,CFS,BS,매출채권,4.36E+13,,2026-07-11
00126380,005930,삼성전자,2024,CFS,BS,무형자산,2.37E+13,,2026-07-11
00126380,005930,삼성전자,2024,CFS,CF,무형자산의 취득,2.34E+12,,2026-07-11
00126380,005930,삼성전자,2024,CFS,CF,배당금지급,1.09E+13,,2026-07-11
00126380,005930,삼성전자,2024,CFS,BS,부채총계,1.12E+14,,2026-07-11
00126380,005930,삼성전자,2024,CFS,BS,비유동부채,1.90E+13,,2026-07-11
00126380,005930,삼성전자,2024,CFS,IS,영업이익,3.27E+13,,2026-07-11
00126380,005930,삼성전자,2024,CFS,CF,영업활동현금흐름,7.30E+13,,2026-07-11
00126380,005930,삼성전자,2024,CFS,BS,유형자산,2.06E+14,,2026-07-11
00126380,005930,삼성전자,2024,CFS,CF,유형자산의 취득,5.14E+13,,2026-07-11
00126380,005930,삼성전자,2024,CFS,BS,자본총계,4.02E+14,,2026-07-11
00126380,005930,삼성전자,2024,CFS,BS,재고자산,5.18E+13,,2026-07-11
00126380,005930,삼성전자,2024,CFS,CF,재무활동현금흐름,-7.80E+12,,2026-07-11
00126380,005930,삼성전자,2024,CFS,BS,총자산,5.15E+14,,2026-07-11
00126380,005930,삼성전자,2024,CFS,CF,투자활동현금흐름,-8.54E+13,,2026-07-11
00126380,005930,삼성전자,2024,CFS,IS,판매비와관리비,8.16E+13,,2026-07-11
00126380,005930,삼성전자,2023,CFS,IS,금융비용,1.26E+13,,2026-07-11
00126380,005930,삼성전자,2023,CFS,CIS,당기순이익,1.55E+13,,2026-07-11
00126380,005930,삼성전자,2023,CFS,IS,매출액,2.59E+14,,2026-07-11
00126380,005930,삼성전자,2023,CFS,IS,매출원가,1.80E+14,,2026-07-11
00126380,005930,삼성전자,2023,CFS,BS,매출채권,3.66E+13,,2026-07-11
00126380,005930,삼성전자,2023,CFS,BS,무형자산,2.27E+13,,2026-07-11
00126380,005930,삼성전자,2023,CFS,CF,무형자산의 취득,2.92E+12,,2026-07-11
00126380,005930,삼성전자,2023,CFS,CF,배당금지급,9.86E+12,,2026-07-11
00126380,005930,삼성전자,2023,CFS,BS,부채총계,9.22E+13,,2026-07-11
00126380,005930,삼성전자,2023,CFS,BS,비유동부채,1.65E+13,,2026-07-11
00126380,005930,삼성전자,2023,CFS,IS,영업이익,6.57E+12,,2026-07-11
00126380,005930,삼성전자,2023,CFS,CF,영업활동현금흐름,4.41E+13,,2026-07-11
00126380,005930,삼성전자,2023,CFS,BS,유형자산,1.87E+14,,2026-07-11
00126380,005930,삼성전자,2023,CFS,CF,유형자산의 취득,5.76E+13,,2026-07-11
00126380,005930,삼성전자,2023,CFS,BS,자본총계,3.64E+14,,2026-07-11
00126380,005930,삼성전자,2023,CFS,BS,재고자산,5.16E+13,,2026-07-11
00126380,005930,삼성전자,2023,CFS,CF,재무활동현금흐름,-8.59E+12,,2026-07-11
00126380,005930,삼성전자,2023,CFS,BS,총자산,4.56E+14,,2026-07-11
00126380,005930,삼성전자,2023,CFS,CF,투자활동현금흐름,-1.69E+13,,2026-07-11
00126380,005930,삼성전자,2023,CFS,IS,판매비와관리비,7.20E+13,,2026-07-11
01095722,222800,심텍,2025,CFS,CIS,금융비용,2.30E+11,,2026-07-11
01095722,222800,심텍,2025,CFS,CIS,당기순이익,-1.65E+11,,2026-07-11
01095722,222800,심텍,2025,CFS,CIS,매출액,1.41E+12,,2026-07-11
01095722,222800,심텍,2025,CFS,CIS,매출원가,1.29E+12,,2026-07-11
01095722,222800,심텍,2025,CFS,BS,매출채권,6.09E+11,,2026-07-11
01095722,222800,심텍,2025,CFS,BS,무형자산,29443453909,,2026-07-11
01095722,222800,심텍,2025,CFS,CF,무형자산의 취득,5.32E+08,,2026-07-11
01095722,222800,심텍,2025,CFS,CF,배당금지급,4184587700,,2026-07-11
01095722,222800,심텍,2025,CFS,BS,부채총계,1.04E+12,,2026-07-11
01095722,222800,심텍,2025,CFS,BS,비유동부채,2.49E+11,,2026-07-11
01095722,222800,심텍,2025,CFS,CIS,영업이익,1.19E+10,,2026-07-11
01095722,222800,심텍,2025,CFS,CF,영업활동현금흐름,-1.99E+11,,2026-07-11
01095722,222800,심텍,2025,CFS,BS,유형자산,5.72E+11,,2026-07-11
01095722,222800,심텍,2025,CFS,CF,유형자산의 취득,5.59E+10,,2026-07-11
01095722,222800,심텍,2025,CFS,BS,자본총계,5.76E+11,,2026-07-11
01095722,222800,심텍,2025,CFS,BS,재고자산,2.40E+11,,2026-07-11
01095722,222800,심텍,2025,CFS,CF,재무활동현금흐름,1.44E+11,,2026-07-11
01095722,222800,심텍,2025,CFS,BS,총자산,1.62E+12,,2026-07-11
01095722,222800,심텍,2025,CFS,CF,투자활동현금흐름,-18765150591,,2026-07-11
01095722,222800,심텍,2025,CFS,CIS,판매비와관리비,1.12E+11,,2026-07-11
01095722,222800,심텍,2025,CFS,IS,EBITDA,97610000000.0,,
01095722,222800,심텍,2024,CFS,CIS,금융비용,81354926517,,2026-07-11
01095722,222800,심텍,2024,CFS,CIS,당기순이익,-31044704373,,2026-07-11
01095722,222800,심텍,2024,CFS,CIS,매출액,1.23E+12,,2026-07-11
01095722,222800,심텍,2024,CFS,CIS,매출원가,1.18E+12,,2026-07-11
01095722,222800,심텍,2024,CFS,BS,매출채권,4.20E+11,,2026-07-11
01095722,222800,심텍,2024,CFS,BS,무형자산,2.93E+10,,2026-07-11
01095722,222800,심텍,2024,CFS,CF,무형자산의 취득,271210565,,2026-07-11
01095722,222800,심텍,2024,CFS,CF,배당금지급,5.10E+09,,2026-07-11
01095722,222800,심텍,2024,CFS,BS,부채총계,9.95E+11,,2026-07-11
01095722,222800,심텍,2024,CFS,BS,비유동부채,2.15E+11,,2026-07-11
01095722,222800,심텍,2024,CFS,CIS,영업이익,-46969220820,,2026-07-11
01095722,222800,심텍,2024,CFS,CF,영업활동현금흐름,-1.61E+11,,2026-07-11
01095722,222800,심텍,2024,CFS,BS,유형자산,6.30E+11,,2026-07-11
01095722,222800,심텍,2024,CFS,CF,유형자산의 취득,1.03E+11,,2026-07-11
01095722,222800,심텍,2024,CFS,BS,자본총계,4.48E+11,,2026-07-11
01095722,222800,심텍,2024,CFS,BS,재고자산,1.54E+11,,2026-07-11
01095722,222800,심텍,2024,CFS,CF,재무활동현금흐름,3.76E+11,,2026-07-11
01095722,222800,심텍,2024,CFS,BS,총자산,1.44E+12,,2026-07-11
01095722,222800,심텍,2024,CFS,CF,투자활동현금흐름,-96814709436,,2026-07-11
01095722,222800,심텍,2024,CFS,CIS,판매비와관리비,98916733021,,2026-07-11
01095722,222800,심텍,2023,CFS,CIS,금융비용,61899164538,,2026-07-11
01095722,222800,심텍,2023,CFS,CIS,당기순이익,-1.15E+11,,2026-07-11
01095722,222800,심텍,2023,CFS,CIS,매출액,1.04E+12,,2026-07-11
01095722,222800,심텍,2023,CFS,CIS,매출원가,1.01E+12,,2026-07-11
01095722,222800,심텍,2023,CFS,BS,매출채권,2.85E+11,,2026-07-11
01095722,222800,심텍,2023,CFS,BS,무형자산,26127237680,,2026-07-11
01095722,222800,심텍,2023,CFS,CF,무형자산의 취득,1.17E+09,,2026-07-11
01095722,222800,심텍,2023,CFS,CF,배당금지급,15922938500,,2026-07-11
01095722,222800,심텍,2023,CFS,BS,부채총계,7.06E+11,,2026-07-11
01095722,222800,심텍,2023,CFS,BS,비유동부채,2.17E+11,,2026-07-11
01095722,222800,심텍,2023,CFS,CIS,영업이익,-88124119458,,2026-07-11
01095722,222800,심텍,2023,CFS,CF,영업활동현금흐름,-9.34E+10,,2026-07-11
01095722,222800,심텍,2023,CFS,BS,유형자산,6.25E+11,,2026-07-11
01095722,222800,심텍,2023,CFS,CF,유형자산의 취득,1.39E+11,,2026-07-11
01095722,222800,심텍,2023,CFS,BS,자본총계,4.70E+11,,2026-07-11
01095722,222800,심텍,2023,CFS,BS,재고자산,1.42E+11,,2026-07-11
01095722,222800,심텍,2023,CFS,CF,재무활동현금흐름,73850570066,,2026-07-11
01095722,222800,심텍,2023,CFS,BS,총자산,1.18E+12,,2026-07-11
01095722,222800,심텍,2023,CFS,CF,투자활동현금흐름,-90292598477,,2026-07-11
01095722,222800,심텍,2023,CFS,CIS,판매비와관리비,1.17E+11,,2026-07-11
00411048,101490,에스앤에스텍,2025,CFS,CIS,금융비용,5223999059,,2026-07-11
00411048,101490,에스앤에스텍,2025,CFS,CIS,당기순이익,58092807910,,2026-07-11
00411048,101490,에스앤에스텍,2025,CFS,CIS,매출액,2.44E+11,,2026-07-11
00411048,101490,에스앤에스텍,2025,CFS,CIS,매출원가,1.59E+11,,2026-07-11
00411048,101490,에스앤에스텍,2025,CFS,BS,매출채권,58129754567,,2026-07-11
00411048,101490,에스앤에스텍,2025,CFS,BS,무형자산,2.16E+09,,2026-07-11
00411048,101490,에스앤에스텍,2025,CFS,CF,무형자산의 취득,1085609400,,2026-07-11
00411048,101490,에스앤에스텍,2025,CFS,CF,배당금지급,3124440600,,2026-07-11
00411048,101490,에스앤에스텍,2025,CFS,BS,부채총계,88783777330,,2026-07-11
00411048,101490,에스앤에스텍,2025,CFS,BS,비유동부채,3.69E+10,,2026-07-11
00411048,101490,에스앤에스텍,2025,CFS,CIS,영업이익,5.04E+10,,2026-07-11
00411048,101490,에스앤에스텍,2025,CFS,CF,영업활동현금흐름,4.69E+10,,2026-07-11
00411048,101490,에스앤에스텍,2025,CFS,BS,유형자산,1.80E+11,,2026-07-11
00411048,101490,에스앤에스텍,2025,CFS,CF,유형자산의 취득,6.34E+10,,2026-07-11
00411048,101490,에스앤에스텍,2025,CFS,BS,자본총계,3.04E+11,,2026-07-11
00411048,101490,에스앤에스텍,2025,CFS,BS,재고자산,32367075675,,2026-07-11
00411048,101490,에스앤에스텍,2025,CFS,CF,재무활동현금흐름,27452649115,,2026-07-11
00411048,101490,에스앤에스텍,2025,CFS,BS,총자산,3.93E+11,,2026-07-11
00411048,101490,에스앤에스텍,2025,CFS,CF,투자활동현금흐름,-69628134216,,2026-07-11
00411048,101490,에스앤에스텍,2025,CFS,CIS,판매비와관리비,34228961930,,2026-07-11
00411048,101490,에스앤에스텍,2025,CFS,IS,EBITDA,65240000000.0,,
00411048,101490,에스앤에스텍,2024,CFS,CIS,금융비용,2770606863,,2026-07-11
00411048,101490,에스앤에스텍,2024,CFS,CIS,당기순이익,30313647619,,2026-07-11
00411048,101490,에스앤에스텍,2024,CFS,CIS,매출액,1.76E+11,,2026-07-11
00411048,101490,에스앤에스텍,2024,CFS,CIS,매출원가,1.17E+11,,2026-07-11
00411048,101490,에스앤에스텍,2024,CFS,BS,매출채권,3.74E+10,,2026-07-11
00411048,101490,에스앤에스텍,2024,CFS,BS,무형자산,1732894837,,2026-07-11
00411048,101490,에스앤에스텍,2024,CFS,CF,무형자산의 취득,61400000,,2026-07-11
00411048,101490,에스앤에스텍,2024,CFS,CF,배당금지급,3154540500,,2026-07-11
00411048,101490,에스앤에스텍,2024,CFS,BS,부채총계,5.02E+10,,2026-07-11
00411048,101490,에스앤에스텍,2024,CFS,BS,비유동부채,1.05E+10,,2026-07-11
00411048,101490,에스앤에스텍,2024,CFS,CIS,영업이익,2.95E+10,,2026-07-11
00411048,101490,에스앤에스텍,2024,CFS,CF,영업활동현금흐름,3.60E+10,,2026-07-11
00411048,101490,에스앤에스텍,2024,CFS,BS,유형자산,1.25E+11,,2026-07-11
00411048,101490,에스앤에스텍,2024,CFS,CF,유형자산의 취득,19789678112,,2026-07-11
00411048,101490,에스앤에스텍,2024,CFS,BS,자본총계,2.47E+11,,2026-07-11
00411048,101490,에스앤에스텍,2024,CFS,BS,재고자산,31457220104,,2026-07-11
00411048,101490,에스앤에스텍,2024,CFS,CF,재무활동현금흐름,-1132736634,,2026-07-11
00411048,101490,에스앤에스텍,2024,CFS,BS,총자산,2.97E+11,,2026-07-11
00411048,101490,에스앤에스텍,2024,CFS,CF,투자활동현금흐름,-19205897085,,2026-07-11
00411048,101490,에스앤에스텍,2024,CFS,CIS,판매비와관리비,30014739705,,2026-07-11
00411048,101490,에스앤에스텍,2023,CFS,CIS,금융비용,3323610177,,2026-07-11
00411048,101490,에스앤에스텍,2023,CFS,CIS,당기순이익,2.59E+10,,2026-07-11
00411048,101490,에스앤에스텍,2023,CFS,CIS,매출액,1.50E+11,,2026-07-11
00411048,101490,에스앤에스텍,2023,CFS,CIS,매출원가,1.04E+11,,2026-07-11
00411048,101490,에스앤에스텍,2023,CFS,BS,매출채권,33740639609,,2026-07-11
00411048,101490,에스앤에스텍,2023,CFS,BS,무형자산,1896194370,,2026-07-11
00411048,101490,에스앤에스텍,2023,CFS,CF,무형자산의 취득,225128350,,2026-07-11
00411048,101490,에스앤에스텍,2023,CFS,CF,배당금지급,3.12E+09,,2026-07-11
00411048,101490,에스앤에스텍,2023,CFS,BS,부채총계,3.60E+10,,2026-07-11
00411048,101490,에스앤에스텍,2023,CFS,BS,비유동부채,6.77E+09,,2026-07-11
00411048,101490,에스앤에스텍,2023,CFS,CIS,영업이익,25039402690,,2026-07-11
00411048,101490,에스앤에스텍,2023,CFS,CF,영업활동현금흐름,2.56E+10,,2026-07-11
00411048,101490,에스앤에스텍,2023,CFS,BS,유형자산,1.16E+11,,2026-07-11
00411048,101490,에스앤에스텍,2023,CFS,CF,유형자산의 취득,21107977043,,2026-07-11
00411048,101490,에스앤에스텍,2023,CFS,BS,자본총계,2.21E+11,,2026-07-11
00411048,101490,에스앤에스텍,2023,CFS,BS,재고자산,19786858017,,2026-07-11
00411048,101490,에스앤에스텍,2023,CFS,CF,재무활동현금흐름,7923624224,,2026-07-11
00411048,101490,에스앤에스텍,2023,CFS,BS,총자산,2.57E+11,,2026-07-11
00411048,101490,에스앤에스텍,2023,CFS,CF,투자활동현금흐름,-20773895211,,2026-07-11
00411048,101490,에스앤에스텍,2023,CFS,CIS,판매비와관리비,21608342654,,2026-07-11
01109539,232140,와이씨,2025,CFS,CIS,금융비용,1.10E+10,,2026-07-11
01109539,232140,와이씨,2025,CFS,CIS,당기순이익,28984367217,,2026-07-11
01109539,232140,와이씨,2025,CFS,CIS,매출액,2.73E+11,,2026-07-11
01109539,232140,와이씨,2025,CFS,CIS,매출원가,2.01E+11,,2026-07-11
01109539,232140,와이씨,2025,CFS,BS,매출채권,13094819960,,2026-07-11
01109539,232140,와이씨,2025,CFS,BS,무형자산,24200224931,,2026-07-11
01109539,232140,와이씨,2025,CFS,CF,무형자산의 취득,6.38E+08,,2026-07-11
01109539,232140,와이씨,2025,CFS,CF,배당금지급,0.00E+00,,2026-07-11
01109539,232140,와이씨,2025,CFS,BS,부채총계,1.31E+11,,2026-07-11
01109539,232140,와이씨,2025,CFS,BS,비유동부채,5.69E+10,,2026-07-11
01109539,232140,와이씨,2025,CFS,CIS,영업이익,1.70E+10,,2026-07-11
01109539,232140,와이씨,2025,CFS,CF,영업활동현금흐름,41192786217,,2026-07-11
01109539,232140,와이씨,2025,CFS,BS,유형자산,2.23E+11,,2026-07-11
01109539,232140,와이씨,2025,CFS,CF,유형자산의 취득,16006710569,,2026-07-11
01109539,232140,와이씨,2025,CFS,BS,자본총계,4.76E+11,,2026-07-11
01109539,232140,와이씨,2025,CFS,BS,재고자산,83880343465,,2026-07-11
01109539,232140,와이씨,2025,CFS,CF,재무활동현금흐름,28210748837,,2026-07-11
01109539,232140,와이씨,2025,CFS,BS,총자산,6.07E+11,,2026-07-11
01109539,232140,와이씨,2025,CFS,CF,투자활동현금흐름,10045981704,,2026-07-11
01109539,232140,와이씨,2025,CFS,CIS,판매비와관리비,5.46E+10,,2026-07-11
01109539,232140,와이씨,2025,CFS,IS,EBITDA,27410000000.000004,,
01109539,232140,와이씨,2024,CFS,CIS,금융비용,14827660949,,2026-07-11
01109539,232140,와이씨,2024,CFS,CIS,당기순이익,1.29E+10,,2026-07-11
01109539,232140,와이씨,2024,CFS,CIS,매출액,2.11E+11,,2026-07-11
01109539,232140,와이씨,2024,CFS,CIS,매출원가,1.53E+11,,2026-07-11
01109539,232140,와이씨,2024,CFS,BS,매출채권,13813991552,,2026-07-11
01109539,232140,와이씨,2024,CFS,BS,무형자산,2.38E+10,,2026-07-11
01109539,232140,와이씨,2024,CFS,CF,무형자산의 취득,2.23E+08,,2026-07-11
01109539,232140,와이씨,2024,CFS,CF,배당금지급,0.00E+00,,2026-07-11
01109539,232140,와이씨,2024,CFS,BS,부채총계,1.59E+11,,2026-07-11
01109539,232140,와이씨,2024,CFS,BS,비유동부채,5.74E+10,,2026-07-11
01109539,232140,와이씨,2024,CFS,CIS,영업이익,10599506307,,2026-07-11
01109539,232140,와이씨,2024,CFS,CF,영업활동현금흐름,-23552771223,,2026-07-11
01109539,232140,와이씨,2024,CFS,BS,유형자산,2.22E+11,,2026-07-11
01109539,232140,와이씨,2024,CFS,CF,유형자산의 취득,26761270283,,2026-07-11
01109539,232140,와이씨,2024,CFS,BS,자본총계,4.18E+11,,2026-07-11
01109539,232140,와이씨,2024,CFS,BS,재고자산,1.29E+11,,2026-07-11
01109539,232140,와이씨,2024,CFS,CF,재무활동현금흐름,59626915260,,2026-07-11
01109539,232140,와이씨,2024,CFS,BS,총자산,5.77E+11,,2026-07-11
01109539,232140,와이씨,2024,CFS,CF,투자활동현금흐름,-3.86E+10,,2026-07-11
01109539,232140,와이씨,2024,CFS,CIS,판매비와관리비,47848706307,,2026-07-11
01109539,232140,와이씨,2023,CFS,CIS,금융비용,3.90E+09,,2026-07-11
01109539,232140,와이씨,2023,CFS,CIS,당기순이익,1.29E+10,,2026-07-11
01109539,232140,와이씨,2023,CFS,CIS,매출액,2.55E+11,,2026-07-11
01109539,232140,와이씨,2023,CFS,CIS,매출원가,2.06E+11,,2026-07-11
01109539,232140,와이씨,2023,CFS,BS,매출채권,7.00E+09,,2026-07-11
01109539,232140,와이씨,2023,CFS,BS,무형자산,2.41E+10,,2026-07-11
01109539,232140,와이씨,2023,CFS,CF,무형자산의 취득,6.07E+08,,2026-07-11
01109539,232140,와이씨,2023,CFS,CF,배당금지급,0.00E+00,,2026-07-11
01109539,232140,와이씨,2023,CFS,BS,부채총계,1.14E+11,,2026-07-11
01109539,232140,와이씨,2023,CFS,BS,비유동부채,37805247773,,2026-07-11
01109539,232140,와이씨,2023,CFS,CIS,영업이익,8571578913,,2026-07-11
01109539,232140,와이씨,2023,CFS,CF,영업활동현금흐름,2.41E+10,,2026-07-11
01109539,232140,와이씨,2023,CFS,BS,유형자산,2.04E+11,,2026-07-11
01109539,232140,와이씨,2023,CFS,CF,유형자산의 취득,83273367653,,2026-07-11
01109539,232140,와이씨,2023,CFS,BS,자본총계,3.66E+11,,2026-07-11
01109539,232140,와이씨,2023,CFS,BS,재고자산,63180273022,,2026-07-11
01109539,232140,와이씨,2023,CFS,CF,재무활동현금흐름,1832723357,,2026-07-11
01109539,232140,와이씨,2023,CFS,BS,총자산,4.80E+11,,2026-07-11
01109539,232140,와이씨,2023,CFS,CF,투자활동현금흐름,-27949820176,,2026-07-11
01109539,232140,와이씨,2023,CFS,CIS,판매비와관리비,4.08E+10,,2026-07-11
01135941,240810,원익IPS,2025,CFS,CIS,금융비용,6.89E+08,,2026-07-11
01135941,240810,원익IPS,2025,CFS,CIS,당기순이익,84028556164,,2026-07-11
01135941,240810,원익IPS,2025,CFS,CIS,매출액,9.10E+11,,2026-07-11
01135941,240810,원익IPS,2025,CFS,CIS,매출원가,5.27E+11,,2026-07-11
01135941,240810,원익IPS,2025,CFS,BS,매출채권,7.18E+10,,2026-07-11
01135941,240810,원익IPS,2025,CFS,BS,무형자산,27679385978,,2026-07-11
01135941,240810,원익IPS,2025,CFS,CF,무형자산의 취득,6.34E+09,,2026-07-11
01135941,240810,원익IPS,2025,CFS,CF,배당금지급,2.43E+09,,2026-07-11
01135941,240810,원익IPS,2025,CFS,BS,부채총계,1.95E+11,,2026-07-11
01135941,240810,원익IPS,2025,CFS,BS,비유동부채,6510992189,,2026-07-11
01135941,240810,원익IPS,2025,CFS,CIS,영업이익,73814129967,,2026-07-11
01135941,240810,원익IPS,2025,CFS,CF,영업활동현금흐름,1.57E+11,,2026-07-11
01135941,240810,원익IPS,2025,CFS,BS,유형자산,3.23E+11,,2026-07-11
01135941,240810,원익IPS,2025,CFS,CF,유형자산의 취득,25661159526,,2026-07-11
01135941,240810,원익IPS,2025,CFS,BS,자본총계,9.70E+11,,2026-07-11
01135941,240810,원익IPS,2025,CFS,BS,재고자산,2.73E+11,,2026-07-11
01135941,240810,원익IPS,2025,CFS,CF,재무활동현금흐름,-5649629550,,2026-07-11
01135941,240810,원익IPS,2025,CFS,BS,총자산,1.16E+12,,2026-07-11
01135941,240810,원익IPS,2025,CFS,CF,투자활동현금흐름,-1.79E+11,,2026-07-11
01135941,240810,원익IPS,2025,CFS,CIS,판매비와관리비,1.42E+11,,2026-07-11
01135941,240810,원익IPS,2025,CFS,IS,EBITDA,113340000000.00002,,
01135941,240810,원익IPS,2024,CFS,CIS,금융비용,1.15E+10,,2026-07-11
01135941,240810,원익IPS,2024,CFS,CIS,당기순이익,20748346848,,2026-07-11
01135941,240810,원익IPS,2024,CFS,CIS,매출액,7.48E+11,,2026-07-11
01135941,240810,원익IPS,2024,CFS,CIS,매출원가,4.56E+11,,2026-07-11
01135941,240810,원익IPS,2024,CFS,BS,매출채권,99682100565,,2026-07-11
01135941,240810,원익IPS,2024,CFS,BS,무형자산,2.71E+10,,2026-07-11
01135941,240810,원익IPS,2024,CFS,CF,무형자산의 취득,1.03E+10,,2026-07-11
01135941,240810,원익IPS,2024,CFS,CF,배당금지급,0,,2026-07-11
01135941,240810,원익IPS,2024,CFS,BS,부채총계,2.37E+11,,2026-07-11
01135941,240810,원익IPS,2024,CFS,BS,비유동부채,7716651551,,2026-07-11
01135941,240810,원익IPS,2024,CFS,CIS,영업이익,10641636214,,2026-07-11
01135941,240810,원익IPS,2024,CFS,CF,영업활동현금흐름,78280504451,,2026-07-11
01135941,240810,원익IPS,2024,CFS,BS,유형자산,3.34E+11,,2026-07-11
01135941,240810,원익IPS,2024,CFS,CF,유형자산의 취득,21432773671,,2026-07-11
01135941,240810,원익IPS,2024,CFS,BS,자본총계,8.87E+11,,2026-07-11
01135941,240810,원익IPS,2024,CFS,BS,재고자산,3.38E+11,,2026-07-11
01135941,240810,원익IPS,2024,CFS,CF,재무활동현금흐름,-3.47E+09,,2026-07-11
01135941,240810,원익IPS,2024,CFS,BS,총자산,1.12E+12,,2026-07-11
01135941,240810,원익IPS,2024,CFS,CF,투자활동현금흐름,5.50E+09,,2026-07-11
01135941,240810,원익IPS,2024,CFS,CIS,판매비와관리비,1.25E+11,,2026-07-11
01135941,240810,원익IPS,2023,CFS,CIS,금융비용,3919074534,,2026-07-11
01135941,240810,원익IPS,2023,CFS,CIS,당기순이익,-13507700947,,2026-07-11
01135941,240810,원익IPS,2023,CFS,CIS,매출액,6.90E+11,,2026-07-11
01135941,240810,원익IPS,2023,CFS,CIS,매출원가,4.14E+11,,2026-07-11
01135941,240810,원익IPS,2023,CFS,BS,매출채권,73850852902,,2026-07-11
01135941,240810,원익IPS,2023,CFS,BS,무형자산,2.23E+10,,2026-07-11
01135941,240810,원익IPS,2023,CFS,CF,무형자산의 취득,5052692784,,2026-07-11
01135941,240810,원익IPS,2023,CFS,CF,배당금지급,9581070390,,2026-07-11
01135941,240810,원익IPS,2023,CFS,BS,부채총계,2.18E+11,,2026-07-11
01135941,240810,원익IPS,2023,CFS,BS,비유동부채,8604802323,,2026-07-11
01135941,240810,원익IPS,2023,CFS,CIS,영업이익,-18074991250,,2026-07-11
01135941,240810,원익IPS,2023,CFS,CF,영업활동현금흐름,-12315183037,,2026-07-11
01135941,240810,원익IPS,2023,CFS,BS,유형자산,3.54E+11,,2026-07-11
01135941,240810,원익IPS,2023,CFS,CF,유형자산의 취득,59514153913,,2026-07-11
01135941,240810,원익IPS,2023,CFS,BS,자본총계,8.67E+11,,2026-07-11
01135941,240810,원익IPS,2023,CFS,BS,재고자산,3.41E+11,,2026-07-11
01135941,240810,원익IPS,2023,CFS,CF,재무활동현금흐름,13815950359,,2026-07-11
01135941,240810,원익IPS,2023,CFS,BS,총자산,1.08E+12,,2026-07-11
01135941,240810,원익IPS,2023,CFS,CF,투자활동현금흐름,-4.60E+10,,2026-07-11
01135941,240810,원익IPS,2023,CFS,CIS,판매비와관리비,1.29E+11,,2026-07-11
00531014,084370,유진테크,2025,CFS,IS,금융비용,1465548901,,2026-07-11
00531014,084370,유진테크,2025,CFS,CIS,당기순이익,4.45E+10,,2026-07-11
00531014,084370,유진테크,2025,CFS,IS,매출액,3.50E+11,,2026-07-11
00531014,084370,유진테크,2025,CFS,IS,매출원가,1.79E+11,,2026-07-11
00531014,084370,유진테크,2025,CFS,BS,매출채권,4.03E+10,,2026-07-11
00531014,084370,유진테크,2025,CFS,BS,무형자산,42292652301,,2026-07-11
00531014,084370,유진테크,2025,CFS,CF,무형자산의 취득,8411854577,,2026-07-11
00531014,084370,유진테크,2025,CFS,CF,배당금지급,5112974350,,2026-07-11
00531014,084370,유진테크,2025,CFS,BS,부채총계,89220820383,,2026-07-11
00531014,084370,유진테크,2025,CFS,BS,비유동부채,22305208045,,2026-07-11
00531014,084370,유진테크,2025,CFS,IS,영업이익,51671713116,,2026-07-11
00531014,084370,유진테크,2025,CFS,CF,영업활동현금흐름,66476818240,,2026-07-11
00531014,084370,유진테크,2025,CFS,BS,유형자산,93307768126,,2026-07-11
00531014,084370,유진테크,2025,CFS,CF,유형자산의 취득,1.34E+10,,2026-07-11
00531014,084370,유진테크,2025,CFS,BS,자본총계,4.91E+11,,2026-07-11
00531014,084370,유진테크,2025,CFS,BS,재고자산,9.14E+10,,2026-07-11
00531014,084370,유진테크,2025,CFS,CF,재무활동현금흐름,13915177327,,2026-07-11
00531014,084370,유진테크,2025,CFS,BS,총자산,5.81E+11,,2026-07-11
00531014,084370,유진테크,2025,CFS,CF,투자활동현금흐름,-55048153074,,2026-07-11
00531014,084370,유진테크,2025,CFS,IS,판매비와관리비,1.19E+11,,2026-07-11
00531014,084370,유진테크,2025,CFS,IS,EBITDA,69050000000.0,,
00531014,084370,유진테크,2024,CFS,IS,금융비용,1.57E+09,,2026-07-11
00531014,084370,유진테크,2024,CFS,CIS,당기순이익,6.54E+10,,2026-07-11
00531014,084370,유진테크,2024,CFS,IS,매출액,3.38E+11,,2026-07-11
00531014,084370,유진테크,2024,CFS,IS,매출원가,1.72E+11,,2026-07-11
00531014,084370,유진테크,2024,CFS,BS,매출채권,4.48E+10,,2026-07-11
00531014,084370,유진테크,2024,CFS,BS,무형자산,39167128049,,2026-07-11
00531014,084370,유진테크,2024,CFS,CF,무형자산의 취득,1425872026,,2026-07-11
00531014,084370,유진테크,2024,CFS,CF,배당금지급,4441464650,,2026-07-11
00531014,084370,유진테크,2024,CFS,BS,부채총계,1.04E+11,,2026-07-11
00531014,084370,유진테크,2024,CFS,BS,비유동부채,20373767638,,2026-07-11
00531014,084370,유진테크,2024,CFS,IS,영업이익,61177012897,,2026-07-11
00531014,084370,유진테크,2024,CFS,CF,영업활동현금흐름,61502669541,,2026-07-11
00531014,084370,유진테크,2024,CFS,BS,유형자산,9.09E+10,,2026-07-11
00531014,084370,유진테크,2024,CFS,CF,유형자산의 취득,9115931685,,2026-07-11
00531014,084370,유진테크,2024,CFS,BS,자본총계,4.36E+11,,2026-07-11
00531014,084370,유진테크,2024,CFS,BS,재고자산,1.07E+11,,2026-07-11
00531014,084370,유진테크,2024,CFS,CF,재무활동현금흐름,2912309931,,2026-07-11
00531014,084370,유진테크,2024,CFS,BS,총자산,5.40E+11,,2026-07-11
00531014,084370,유진테크,2024,CFS,CF,투자활동현금흐름,-75827511736,,2026-07-11
00531014,084370,유진테크,2024,CFS,IS,판매비와관리비,1.05E+11,,2026-07-11
00531014,084370,유진테크,2023,CFS,IS,금융비용,4.90E+08,,2026-07-11
00531014,084370,유진테크,2023,CFS,CIS,당기순이익,2.54E+10,,2026-07-11
00531014,084370,유진테크,2023,CFS,IS,매출액,2.77E+11,,2026-07-11
00531014,084370,유진테크,2023,CFS,IS,매출원가,1.51E+11,,2026-07-11
00531014,084370,유진테크,2023,CFS,BS,매출채권,8324659029,,2026-07-11
00531014,084370,유진테크,2023,CFS,BS,무형자산,3.55E+10,,2026-07-11
00531014,084370,유진테크,2023,CFS,CF,무형자산의 취득,8.00E+07,,2026-07-11
00531014,084370,유진테크,2023,CFS,CF,배당금지급,5994627270,,2026-07-11
00531014,084370,유진테크,2023,CFS,BS,부채총계,68514428187,,2026-07-11
00531014,084370,유진테크,2023,CFS,BS,비유동부채,11752114395,,2026-07-11
00531014,084370,유진테크,2023,CFS,IS,영업이익,24325728964,,2026-07-11
00531014,084370,유진테크,2023,CFS,CF,영업활동현금흐름,4.77E+10,,2026-07-11
00531014,084370,유진테크,2023,CFS,BS,유형자산,92246974103,,2026-07-11
00531014,084370,유진테크,2023,CFS,CF,유형자산의 취득,1.18E+10,,2026-07-11
00531014,084370,유진테크,2023,CFS,BS,자본총계,3.68E+11,,2026-07-11
00531014,084370,유진테크,2023,CFS,BS,재고자산,1.02E+11,,2026-07-11
00531014,084370,유진테크,2023,CFS,CF,재무활동현금흐름,-7212064571,,2026-07-11
00531014,084370,유진테크,2023,CFS,BS,총자산,4.37E+11,,2026-07-11
00531014,084370,유진테크,2023,CFS,CF,투자활동현금흐름,-4.31E+10,,2026-07-11
00531014,084370,유진테크,2023,CFS,IS,판매비와관리비,1.01E+11,,2026-07-11
00246417,039030,이오테크닉스,2025,CFS,CIS,금융비용,18442407493,,2026-07-11
00246417,039030,이오테크닉스,2025,CFS,CIS,당기순이익,5.76E+10,,2026-07-11
00246417,039030,이오테크닉스,2025,CFS,CIS,매출액,3.81E+11,,2026-07-11
00246417,039030,이오테크닉스,2025,CFS,CIS,매출원가,2.42E+11,,2026-07-11
00246417,039030,이오테크닉스,2025,CFS,BS,매출채권,87962350487,,2026-07-11
00246417,039030,이오테크닉스,2025,CFS,BS,무형자산,4005488440,,2026-07-11
00246417,039030,이오테크닉스,2025,CFS,CF,무형자산의 취득,174067717,,2026-07-11
00246417,039030,이오테크닉스,2025,CFS,CF,배당금지급,6051076500,,2026-07-11
00246417,039030,이오테크닉스,2025,CFS,BS,부채총계,89852215834,,2026-07-11
00246417,039030,이오테크닉스,2025,CFS,BS,비유동부채,2027293314,,2026-07-11
00246417,039030,이오테크닉스,2025,CFS,CIS,영업이익,8.08E+10,,2026-07-11
00246417,039030,이오테크닉스,2025,CFS,CF,영업활동현금흐름,1.00E+11,,2026-07-11
00246417,039030,이오테크닉스,2025,CFS,BS,유형자산,1.50E+11,,2026-07-11
00246417,039030,이오테크닉스,2025,CFS,CF,유형자산의 취득,3906067446,,2026-07-11
00246417,039030,이오테크닉스,2025,CFS,BS,자본총계,6.88E+11,,2026-07-11
00246417,039030,이오테크닉스,2025,CFS,BS,재고자산,1.15E+11,,2026-07-11
00246417,039030,이오테크닉스,2025,CFS,CF,재무활동현금흐름,31690700144,,2026-07-11
00246417,039030,이오테크닉스,2025,CFS,BS,총자산,7.78E+11,,2026-07-11
00246417,039030,이오테크닉스,2025,CFS,CF,투자활동현금흐름,-1.16E+11,,2026-07-11
00246417,039030,이오테크닉스,2025,CFS,CIS,판매비와관리비,5.83E+10,,2026-07-11
00246417,039030,이오테크닉스,2025,CFS,IS,EBITDA,86700000000.0,,
00246417,039030,이오테크닉스,2024,CFS,CIS,금융비용,8.11E+09,,2026-07-11
00246417,039030,이오테크닉스,2024,CFS,CIS,당기순이익,42670270031,,2026-07-11
00246417,039030,이오테크닉스,2024,CFS,CIS,매출액,3.21E+11,,2026-07-11
00246417,039030,이오테크닉스,2024,CFS,CIS,매출원가,2.32E+11,,2026-07-11
00246417,039030,이오테크닉스,2024,CFS,BS,매출채권,1.01E+11,,2026-07-11
00246417,039030,이오테크닉스,2024,CFS,BS,무형자산,4777812572,,2026-07-11
00246417,039030,이오테크닉스,2024,CFS,CF,무형자산의 취득,300496653,,2026-07-11
00246417,039030,이오테크닉스,2024,CFS,CF,배당금지급,5445968850,,2026-07-11
00246417,039030,이오테크닉스,2024,CFS,BS,부채총계,49983890382,,2026-07-11
00246417,039030,이오테크닉스,2024,CFS,BS,비유동부채,1.88E+09,,2026-07-11
00246417,039030,이오테크닉스,2024,CFS,CIS,영업이익,31201085341,,2026-07-11
00246417,039030,이오테크닉스,2024,CFS,CF,영업활동현금흐름,5.54E+10,,2026-07-11
00246417,039030,이오테크닉스,2024,CFS,BS,유형자산,1.34E+11,,2026-07-11
00246417,039030,이오테크닉스,2024,CFS,CF,유형자산의 취득,63708398226,,2026-07-11
00246417,039030,이오테크닉스,2024,CFS,BS,자본총계,6.03E+11,,2026-07-11
00246417,039030,이오테크닉스,2024,CFS,BS,재고자산,1.12E+11,,2026-07-11
00246417,039030,이오테크닉스,2024,CFS,CF,재무활동현금흐름,-6.36E+09,,2026-07-11
00246417,039030,이오테크닉스,2024,CFS,BS,총자산,6.53E+11,,2026-07-11
00246417,039030,이오테크닉스,2024,CFS,CF,투자활동현금흐름,-37576788470,,2026-07-11
00246417,039030,이오테크닉스,2024,CFS,CIS,판매비와관리비,5.78E+10,,2026-07-11
00246417,039030,이오테크닉스,2023,CFS,CIS,금융비용,11546073212,,2026-07-11
00246417,039030,이오테크닉스,2023,CFS,CIS,당기순이익,36393252840,,2026-07-11
00246417,039030,이오테크닉스,2023,CFS,CIS,매출액,3.16E+11,,2026-07-11
00246417,039030,이오테크닉스,2023,CFS,CIS,매출원가,2.31E+11,,2026-07-11
00246417,039030,이오테크닉스,2023,CFS,BS,매출채권,83501574936,,2026-07-11
00246417,039030,이오테크닉스,2023,CFS,BS,무형자산,5126005757,,2026-07-11
00246417,039030,이오테크닉스,2023,CFS,CF,무형자산의 취득,1234302255,,2026-07-11
00246417,039030,이오테크닉스,2023,CFS,CF,배당금지급,12102153000,,2026-07-11
00246417,039030,이오테크닉스,2023,CFS,BS,부채총계,4.92E+10,,2026-07-11
00246417,039030,이오테크닉스,2023,CFS,BS,비유동부채,2198012325,,2026-07-11
00246417,039030,이오테크닉스,2023,CFS,CIS,영업이익,2.83E+10,,2026-07-11
00246417,039030,이오테크닉스,2023,CFS,CF,영업활동현금흐름,31583430990,,2026-07-11
00246417,039030,이오테크닉스,2023,CFS,BS,유형자산,1.07E+11,,2026-07-11
00246417,039030,이오테크닉스,2023,CFS,CF,유형자산의 취득,4999568208,,2026-07-11
00246417,039030,이오테크닉스,2023,CFS,BS,자본총계,5.62E+11,,2026-07-11
00246417,039030,이오테크닉스,2023,CFS,BS,재고자산,1.35E+11,,2026-07-11
00246417,039030,이오테크닉스,2023,CFS,CF,재무활동현금흐름,-1.57E+10,,2026-07-11
00246417,039030,이오테크닉스,2023,CFS,BS,총자산,6.12E+11,,2026-07-11
00246417,039030,이오테크닉스,2023,CFS,CF,투자활동현금흐름,2.56E+10,,2026-07-11
00246417,039030,이오테크닉스,2023,CFS,CIS,판매비와관리비,56805987781,,2026-07-11
00447487,080220,제주반도체,2025,CFS,CIS,금융비용,1.51E+09,,2026-07-11
00447487,080220,제주반도체,2025,CFS,CIS,당기순이익,39499088944,,2026-07-11
00447487,080220,제주반도체,2025,CFS,CIS,매출액,3.02E+11,,2026-07-11
00447487,080220,제주반도체,2025,CFS,CIS,매출원가,2.38E+11,,2026-07-11
00447487,080220,제주반도체,2025,CFS,BS,매출채권,99655779518,,2026-07-11
00447487,080220,제주반도체,2025,CFS,BS,무형자산,1166012526,,2026-07-11
00447487,080220,제주반도체,2025,CFS,CF,무형자산의 취득,200000000,,2026-07-11
00447487,080220,제주반도체,2025,CFS,CF,배당금지급,0.00E+00,,2026-07-11
00447487,080220,제주반도체,2025,CFS,BS,부채총계,1.09E+11,,2026-07-11
00447487,080220,제주반도체,2025,CFS,BS,비유동부채,9.90E+09,,2026-07-11
00447487,080220,제주반도체,2025,CFS,CIS,영업이익,3.59E+10,,2026-07-11
00447487,080220,제주반도체,2025,CFS,CF,영업활동현금흐름,25554903161,,2026-07-11
00447487,080220,제주반도체,2025,CFS,BS,유형자산,5402056339,,2026-07-11
00447487,080220,제주반도체,2025,CFS,CF,유형자산의 취득,2.52E+09,,2026-07-11
00447487,080220,제주반도체,2025,CFS,BS,자본총계,2.27E+11,,2026-07-11
00447487,080220,제주반도체,2025,CFS,BS,재고자산,9.47E+10,,2026-07-11
00447487,080220,제주반도체,2025,CFS,CF,재무활동현금흐름,3.55E+10,,2026-07-11
00447487,080220,제주반도체,2025,CFS,BS,총자산,3.36E+11,,2026-07-11
00447487,080220,제주반도체,2025,CFS,CF,투자활동현금흐름,4591699774,,2026-07-11
00447487,080220,제주반도체,2025,CFS,CIS,판매비와관리비,2.81E+10,,2026-07-11
00447487,080220,제주반도체,2025,CFS,IS,EBITDA,38380000000.0,,
00447487,080220,제주반도체,2024,CFS,CIS,금융비용,8.07E+08,,2026-07-11
00447487,080220,제주반도체,2024,CFS,CIS,당기순이익,19405207353,,2026-07-11
00447487,080220,제주반도체,2024,CFS,CIS,매출액,1.62E+11,,2026-07-11
00447487,080220,제주반도체,2024,CFS,CIS,매출원가,1.27E+11,,2026-07-11
00447487,080220,제주반도체,2024,CFS,BS,매출채권,65241815468,,2026-07-11
00447487,080220,제주반도체,2024,CFS,BS,무형자산,932922145,,2026-07-11
00447487,080220,제주반도체,2024,CFS,CF,무형자산의 취득,2.63E+08,,2026-07-11
00447487,080220,제주반도체,2024,CFS,CF,배당금지급,1080000000,,2026-07-11
00447487,080220,제주반도체,2024,CFS,BS,부채총계,4.12E+10,,2026-07-11
00447487,080220,제주반도체,2024,CFS,BS,비유동부채,2.93E+09,,2026-07-11
00447487,080220,제주반도체,2024,CFS,CIS,영업이익,9.58E+09,,2026-07-11
00447487,080220,제주반도체,2024,CFS,CF,영업활동현금흐름,-9682087226,,2026-07-11
00447487,080220,제주반도체,2024,CFS,BS,유형자산,4.74E+09,,2026-07-11
00447487,080220,제주반도체,2024,CFS,CF,유형자산의 취득,2.59E+09,,2026-07-11
00447487,080220,제주반도체,2024,CFS,BS,자본총계,1.84E+11,,2026-07-11
00447487,080220,제주반도체,2024,CFS,BS,재고자산,1.00E+11,,2026-07-11
00447487,080220,제주반도체,2024,CFS,CF,재무활동현금흐름,1.00E+10,,2026-07-11
00447487,080220,제주반도체,2024,CFS,BS,총자산,2.25E+11,,2026-07-11
00447487,080220,제주반도체,2024,CFS,CF,투자활동현금흐름,-1.11E+09,,2026-07-11
00447487,080220,제주반도체,2024,CFS,CIS,판매비와관리비,25826541574,,2026-07-11
00447487,080220,제주반도체,2023,CFS,CIS,금융비용,771517789,,2026-07-11
00447487,080220,제주반도체,2023,CFS,CIS,당기순이익,16919765330,,2026-07-11
00447487,080220,제주반도체,2023,CFS,CIS,매출액,1.46E+11,,2026-07-11
00447487,080220,제주반도체,2023,CFS,CIS,매출원가,1.08E+11,,2026-07-11
00447487,080220,제주반도체,2023,CFS,BS,매출채권,65253385400,,2026-07-11
00447487,080220,제주반도체,2023,CFS,BS,무형자산,9.26E+08,,2026-07-11
00447487,080220,제주반도체,2023,CFS,CF,무형자산의 취득,4881200,,2026-07-11
00447487,080220,제주반도체,2023,CFS,CF,배당금지급,0.00E+00,,2026-07-11
00447487,080220,제주반도체,2023,CFS,BS,부채총계,4.01E+10,,2026-07-11
00447487,080220,제주반도체,2023,CFS,BS,비유동부채,2501960281,,2026-07-11
00447487,080220,제주반도체,2023,CFS,CIS,영업이익,17838425308,,2026-07-11
00447487,080220,제주반도체,2023,CFS,CF,영업활동현금흐름,2510859925,,2026-07-11
00447487,080220,제주반도체,2023,CFS,BS,유형자산,3.82E+09,,2026-07-11
00447487,080220,제주반도체,2023,CFS,CF,유형자산의 취득,1865308613,,2026-07-11
00447487,080220,제주반도체,2023,CFS,BS,자본총계,1.59E+11,,2026-07-11
00447487,080220,제주반도체,2023,CFS,BS,재고자산,7.28E+10,,2026-07-11
00447487,080220,제주반도체,2023,CFS,CF,재무활동현금흐름,1345669255,,2026-07-11
00447487,080220,제주반도체,2023,CFS,BS,총자산,1.99E+11,,2026-07-11
00447487,080220,제주반도체,2023,CFS,CF,투자활동현금흐름,-3028003579,,2026-07-11
00447487,080220,제주반도체,2023,CFS,CIS,판매비와관리비,19778682802,,2026-07-11
00252135,036930,주성엔지니어링,2025,CFS,CIS,금융비용,3889397070,,2026-07-11
00252135,036930,주성엔지니어링,2025,CFS,CIS,당기순이익,35693416702,,2026-07-11
00252135,036930,주성엔지니어링,2025,CFS,CIS,매출액,3.11E+11,,2026-07-11
00252135,036930,주성엔지니어링,2025,CFS,CIS,매출원가,1.33E+11,,2026-07-11
00252135,036930,주성엔지니어링,2025,CFS,BS,매출채권,1.20E+10,,2026-07-11
00252135,036930,주성엔지니어링,2025,CFS,BS,무형자산,8066677120,,2026-07-11
00252135,036930,주성엔지니어링,2025,CFS,CF,무형자산의 취득,,,2026-07-11
00252135,036930,주성엔지니어링,2025,CFS,CF,배당금지급,13114155614,,2026-07-11
00252135,036930,주성엔지니어링,2025,CFS,BS,부채총계,2.97E+11,,2026-07-11
00252135,036930,주성엔지니어링,2025,CFS,BS,비유동부채,2.29E+11,,2026-07-11
00252135,036930,주성엔지니어링,2025,CFS,CIS,영업이익,31257811742,,2026-07-11
00252135,036930,주성엔지니어링,2025,CFS,CF,영업활동현금흐름,-3.07E+10,,2026-07-11
00252135,036930,주성엔지니어링,2025,CFS,BS,유형자산,3.26E+11,,2026-07-11
00252135,036930,주성엔지니어링,2025,CFS,CF,유형자산의 취득,39882652553,,2026-07-11
00252135,036930,주성엔지니어링,2025,CFS,BS,자본총계,5.90E+11,,2026-07-11
00252135,036930,주성엔지니어링,2025,CFS,BS,재고자산,59944509109,,2026-07-11
00252135,036930,주성엔지니어링,2025,CFS,CF,재무활동현금흐름,-828559000,,2026-07-11
00252135,036930,주성엔지니어링,2025,CFS,BS,총자산,8.88E+11,,2026-07-11
00252135,036930,주성엔지니어링,2025,CFS,CF,투자활동현금흐름,-53872736602,,2026-07-11
00252135,036930,주성엔지니어링,2025,CFS,CIS,판매비와관리비,1.46E+11,,2026-07-11
00252135,036930,주성엔지니어링,2025,CFS,IS,EBITDA,50410000000.0,,
00252135,036930,주성엔지니어링,2024,CFS,CIS,금융비용,3644086629,,2026-07-11
00252135,036930,주성엔지니어링,2024,CFS,CIS,당기순이익,1.07E+11,,2026-07-11
00252135,036930,주성엔지니어링,2024,CFS,CIS,매출액,4.09E+11,,2026-07-11
00252135,036930,주성엔지니어링,2024,CFS,CIS,매출원가,1.60E+11,,2026-07-11
00252135,036930,주성엔지니어링,2024,CFS,BS,매출채권,28679281912,,2026-07-11
00252135,036930,주성엔지니어링,2024,CFS,BS,무형자산,7.83E+09,,2026-07-11
00252135,036930,주성엔지니어링,2024,CFS,CF,무형자산의 취득,,,2026-07-11
00252135,036930,주성엔지니어링,2024,CFS,CF,배당금지급,2363416050,,2026-07-11
00252135,036930,주성엔지니어링,2024,CFS,BS,부채총계,4.20E+11,,2026-07-11
00252135,036930,주성엔지니어링,2024,CFS,BS,비유동부채,2.29E+11,,2026-07-11
00252135,036930,주성엔지니어링,2024,CFS,CIS,영업이익,9.72E+10,,2026-07-11
00252135,036930,주성엔지니어링,2024,CFS,CF,영업활동현금흐름,2.25E+11,,2026-07-11
00252135,036930,주성엔지니어링,2024,CFS,BS,유형자산,3.06E+11,,2026-07-11
00252135,036930,주성엔지니어링,2024,CFS,CF,유형자산의 취득,3.10E+10,,2026-07-11
00252135,036930,주성엔지니어링,2024,CFS,BS,자본총계,5.67E+11,,2026-07-11
00252135,036930,주성엔지니어링,2024,CFS,BS,재고자산,1.01E+11,,2026-07-11
00252135,036930,주성엔지니어링,2024,CFS,CF,재무활동현금흐름,-50682778850,,2026-07-11
00252135,036930,주성엔지니어링,2024,CFS,BS,총자산,9.87E+11,,2026-07-11
00252135,036930,주성엔지니어링,2024,CFS,CF,투자활동현금흐름,-40332274846,,2026-07-11
00252135,036930,주성엔지니어링,2024,CFS,CIS,판매비와관리비,1.52E+11,,2026-07-11
00252135,036930,주성엔지니어링,2023,CFS,CIS,금융비용,4010267729,,2026-07-11
00252135,036930,주성엔지니어링,2023,CFS,CIS,당기순이익,34000802285,,2026-07-11
00252135,036930,주성엔지니어링,2023,CFS,CIS,매출액,2.85E+11,,2026-07-11
00252135,036930,주성엔지니어링,2023,CFS,CIS,매출원가,1.35E+11,,2026-07-11
00252135,036930,주성엔지니어링,2023,CFS,BS,매출채권,1.70E+10,,2026-07-11
00252135,036930,주성엔지니어링,2023,CFS,BS,무형자산,6507633257,,2026-07-11
00252135,036930,주성엔지니어링,2023,CFS,CF,무형자산의 취득,,,2026-07-11
00252135,036930,주성엔지니어링,2023,CFS,CF,배당금지급,9231716034,,2026-07-11
00252135,036930,주성엔지니어링,2023,CFS,BS,부채총계,2.91E+11,,2026-07-11
00252135,036930,주성엔지니어링,2023,CFS,BS,비유동부채,2.29E+11,,2026-07-11
00252135,036930,주성엔지니어링,2023,CFS,CIS,영업이익,2.89E+10,,2026-07-11
00252135,036930,주성엔지니어링,2023,CFS,CF,영업활동현금흐름,886629703,,2026-07-11
00252135,036930,주성엔지니어링,2023,CFS,BS,유형자산,2.90E+11,,2026-07-11
00252135,036930,주성엔지니어링,2023,CFS,CF,유형자산의 취득,14431416647,,2026-07-11
00252135,036930,주성엔지니어링,2023,CFS,BS,자본총계,5.15E+11,,2026-07-11
00252135,036930,주성엔지니어링,2023,CFS,BS,재고자산,81347141954,,2026-07-11
00252135,036930,주성엔지니어링,2023,CFS,CF,재무활동현금흐름,-1.02E+10,,2026-07-11
00252135,036930,주성엔지니어링,2023,CFS,BS,총자산,8.05E+11,,2026-07-11
00252135,036930,주성엔지니어링,2023,CFS,CF,투자활동현금흐름,-1171928652,,2026-07-11
00252135,036930,주성엔지니어링,2023,CFS,CIS,판매비와관리비,1.21E+11,,2026-07-11
01261893,281820,케이씨텍,2025,CFS,CIS,금융비용,127929945,,2026-07-11
01261893,281820,케이씨텍,2025,CFS,CIS,당기순이익,5.34E+10,,2026-07-11
01261893,281820,케이씨텍,2025,CFS,CIS,매출액,3.83E+11,,2026-07-11
01261893,281820,케이씨텍,2025,CFS,CIS,매출원가,2.40E+11,,2026-07-11
01261893,281820,케이씨텍,2025,CFS,BS,매출채권,27321240452,,2026-07-11
01261893,281820,케이씨텍,2025,CFS,BS,무형자산,6797197792,,2026-07-11
01261893,281820,케이씨텍,2025,CFS,CF,무형자산의 취득,1092199303,,2026-07-11
01261893,281820,케이씨텍,2025,CFS,CF,배당금지급,5.33E+09,,2026-07-11
01261893,281820,케이씨텍,2025,CFS,BS,부채총계,7.02E+10,,2026-07-11
01261893,281820,케이씨텍,2025,CFS,BS,비유동부채,4.66E+09,,2026-07-11
01261893,281820,케이씨텍,2025,CFS,CIS,영업이익,59965538593,,2026-07-11
01261893,281820,케이씨텍,2025,CFS,CF,영업활동현금흐름,6.02E+10,,2026-07-11
01261893,281820,케이씨텍,2025,CFS,BS,유형자산,1.10E+11,,2026-07-11
01261893,281820,케이씨텍,2025,CFS,CF,유형자산의 취득,2.75E+10,,2026-07-11
01261893,281820,케이씨텍,2025,CFS,BS,자본총계,5.30E+11,,2026-07-11
01261893,281820,케이씨텍,2025,CFS,BS,재고자산,8.38E+10,,2026-07-11
01261893,281820,케이씨텍,2025,CFS,CF,재무활동현금흐름,-7.65E+09,,2026-07-11
01261893,281820,케이씨텍,2025,CFS,BS,총자산,6.00E+11,,2026-07-11
01261893,281820,케이씨텍,2025,CFS,CF,투자활동현금흐름,-1.06E+11,,2026-07-11
01261893,281820,케이씨텍,2025,CFS,CIS,판매비와관리비,82530289663,,2026-07-11
01261893,281820,케이씨텍,2025,CFS,IS,EBITDA,76880000000.0,,
01261893,281820,케이씨텍,2024,OFS,CIS,금융비용,1.90E+08,,2026-07-11
01261893,281820,케이씨텍,2024,OFS,CIS,당기순이익,5.27E+10,,2026-07-11
01261893,281820,케이씨텍,2024,OFS,CIS,매출액,3.85E+11,,2026-07-11
01261893,281820,케이씨텍,2024,OFS,CIS,매출원가,2.62E+11,,2026-07-11
01261893,281820,케이씨텍,2024,OFS,BS,매출채권,30882685899,,2026-07-11
01261893,281820,케이씨텍,2024,OFS,BS,무형자산,6706743304,,2026-07-11
01261893,281820,케이씨텍,2024,OFS,CF,무형자산의 취득,1.84E+09,,2026-07-11
01261893,281820,케이씨텍,2024,OFS,CF,배당금지급,3.65E+09,,2026-07-11
01261893,281820,케이씨텍,2024,OFS,BS,부채총계,6.73E+10,,2026-07-11
01261893,281820,케이씨텍,2024,OFS,BS,비유동부채,5402589307,,2026-07-11
01261893,281820,케이씨텍,2024,OFS,CIS,영업이익,4.98E+10,,2026-07-11
01261893,281820,케이씨텍,2024,OFS,CF,영업활동현금흐름,99914197521,,2026-07-11
01261893,281820,케이씨텍,2024,OFS,BS,유형자산,9.39E+10,,2026-07-11
01261893,281820,케이씨텍,2024,OFS,CF,유형자산의 취득,10143694553,,2026-07-11
01261893,281820,케이씨텍,2024,OFS,BS,자본총계,4.82E+11,,2026-07-11
01261893,281820,케이씨텍,2024,OFS,BS,재고자산,6.49E+10,,2026-07-11
01261893,281820,케이씨텍,2024,OFS,CF,재무활동현금흐름,-26092237792,,2026-07-11
01261893,281820,케이씨텍,2024,OFS,BS,총자산,5.49E+11,,2026-07-11
01261893,281820,케이씨텍,2024,OFS,CF,투자활동현금흐름,-49105252703,,2026-07-11
01261893,281820,케이씨텍,2024,OFS,CIS,판매비와관리비,7.40E+10,,2026-07-11
01261893,281820,케이씨텍,2023,OFS,CIS,금융비용,2.06E+08,,2026-07-11
01261893,281820,케이씨텍,2023,OFS,CIS,당기순이익,3.17E+10,,2026-07-11
01261893,281820,케이씨텍,2023,OFS,CIS,매출액,2.87E+11,,2026-07-11
01261893,281820,케이씨텍,2023,OFS,CIS,매출원가,1.89E+11,,2026-07-11
01261893,281820,케이씨텍,2023,OFS,BS,매출채권,23596344373,,2026-07-11
01261893,281820,케이씨텍,2023,OFS,BS,무형자산,6301141382,,2026-07-11
01261893,281820,케이씨텍,2023,OFS,CF,무형자산의 취득,799103282,,2026-07-11
01261893,281820,케이씨텍,2023,OFS,CF,배당금지급,5072515250,,2026-07-11
01261893,281820,케이씨텍,2023,OFS,BS,부채총계,47337825408,,2026-07-11
01261893,281820,케이씨텍,2023,OFS,BS,비유동부채,5247671120,,2026-07-11
01261893,281820,케이씨텍,2023,OFS,CIS,영업이익,32703769328,,2026-07-11
01261893,281820,케이씨텍,2023,OFS,CF,영업활동현금흐름,26586463049,,2026-07-11
01261893,281820,케이씨텍,2023,OFS,BS,유형자산,97432358264,,2026-07-11
01261893,281820,케이씨텍,2023,OFS,CF,유형자산의 취득,12914522361,,2026-07-11
01261893,281820,케이씨텍,2023,OFS,BS,자본총계,4.53E+11,,2026-07-11
01261893,281820,케이씨텍,2023,OFS,BS,재고자산,83490176900,,2026-07-11
01261893,281820,케이씨텍,2023,OFS,CF,재무활동현금흐름,-7233001460,,2026-07-11
01261893,281820,케이씨텍,2023,OFS,BS,총자산,5.00E+11,,2026-07-11
01261893,281820,케이씨텍,2023,OFS,CF,투자활동현금흐름,18144211143,,2026-07-11
01261893,281820,케이씨텍,2023,OFS,CIS,판매비와관리비,65664730384,,2026-07-11
00997812,183300,코미코,2025,CFS,CIS,금융비용,29411978673,,2026-07-11
00997812,183300,코미코,2025,CFS,CIS,당기순이익,77237204024,,2026-07-11
00997812,183300,코미코,2025,CFS,CIS,매출액,6.04E+11,,2026-07-11
00997812,183300,코미코,2025,CFS,CIS,매출원가,3.43E+11,,2026-07-11
00997812,183300,코미코,2025,CFS,BS,매출채권,84131497430,,2026-07-11
00997812,183300,코미코,2025,CFS,BS,무형자산,13118805603,,2026-07-11
00997812,183300,코미코,2025,CFS,CF,무형자산의 취득,2051404908,,2026-07-11
00997812,183300,코미코,2025,CFS,CF,배당금지급,15854315810,,2026-07-11
00997812,183300,코미코,2025,CFS,BS,부채총계,6.60E+11,,2026-07-11
00997812,183300,코미코,2025,CFS,BS,비유동부채,3.33E+11,,2026-07-11
00997812,183300,코미코,2025,CFS,CIS,영업이익,1.11E+11,,2026-07-11
00997812,183300,코미코,2025,CFS,CF,영업활동현금흐름,38221369716,,2026-07-11
00997812,183300,코미코,2025,CFS,BS,유형자산,6.39E+11,,2026-07-11
00997812,183300,코미코,2025,CFS,CF,유형자산의 취득,2.18E+11,,2026-07-11
00997812,183300,코미코,2025,CFS,BS,자본총계,3.70E+11,,2026-07-11
00997812,183300,코미코,2025,CFS,BS,재고자산,58605927048,,2026-07-11
00997812,183300,코미코,2025,CFS,CF,재무활동현금흐름,1.56E+11,,2026-07-11
00997812,183300,코미코,2025,CFS,BS,총자산,1.03E+12,,2026-07-11
00997812,183300,코미코,2025,CFS,CF,투자활동현금흐름,-2.54E+11,,2026-07-11
00997812,183300,코미코,2025,CFS,CIS,판매비와관리비,1.48E+11,,2026-07-11
00997812,183300,코미코,2025,CFS,IS,EBITDA,162460000000.0,,
00997812,183300,코미코,2024,CFS,CIS,금융비용,15234422155,,2026-07-11
00997812,183300,코미코,2024,CFS,CIS,당기순이익,87845843289,,2026-07-11
00997812,183300,코미코,2024,CFS,CIS,매출액,5.07E+11,,2026-07-11
00997812,183300,코미코,2024,CFS,CIS,매출원가,2.72E+11,,2026-07-11
00997812,183300,코미코,2024,CFS,BS,매출채권,6.60E+10,,2026-07-11
00997812,183300,코미코,2024,CFS,BS,무형자산,10529672629,,2026-07-11
00997812,183300,코미코,2024,CFS,CF,무형자산의 취득,2434571791,,2026-07-11
00997812,183300,코미코,2024,CFS,CF,배당금지급,6.99E+09,,2026-07-11
00997812,183300,코미코,2024,CFS,BS,부채총계,4.25E+11,,2026-07-11
00997812,183300,코미코,2024,CFS,BS,비유동부채,1.49E+11,,2026-07-11
00997812,183300,코미코,2024,CFS,CIS,영업이익,1.12E+11,,2026-07-11
00997812,183300,코미코,2024,CFS,CF,영업활동현금흐름,1.16E+11,,2026-07-11
00997812,183300,코미코,2024,CFS,BS,유형자산,4.03E+11,,2026-07-11
00997812,183300,코미코,2024,CFS,CF,유형자산의 취득,1.53E+11,,2026-07-11
00997812,183300,코미코,2024,CFS,BS,자본총계,3.76E+11,,2026-07-11
00997812,183300,코미코,2024,CFS,BS,재고자산,44661443147,,2026-07-11
00997812,183300,코미코,2024,CFS,CF,재무활동현금흐름,61040453560,,2026-07-11
00997812,183300,코미코,2024,CFS,BS,총자산,8.00E+11,,2026-07-11
00997812,183300,코미코,2024,CFS,CF,투자활동현금흐름,-1.49E+11,,2026-07-11
00997812,183300,코미코,2024,CFS,CIS,판매비와관리비,1.22E+11,,2026-07-11
00997812,183300,코미코,2023,CFS,CIS,금융비용,10764957664,,2026-07-11
00997812,183300,코미코,2023,CFS,CIS,당기순이익,45511244117,,2026-07-11
00997812,183300,코미코,2023,CFS,CIS,매출액,3.07E+11,,2026-07-11
00997812,183300,코미코,2023,CFS,CIS,매출원가,1.91E+11,,2026-07-11
00997812,183300,코미코,2023,CFS,BS,매출채권,4.00E+10,,2026-07-11
00997812,183300,코미코,2023,CFS,BS,무형자산,7289766182,,2026-07-11
00997812,183300,코미코,2023,CFS,CF,무형자산의 취득,7.34E+08,,2026-07-11
00997812,183300,코미코,2023,CFS,CF,배당금지급,9940569000,,2026-07-11
00997812,183300,코미코,2023,CFS,BS,부채총계,3.06E+11,,2026-07-11
00997812,183300,코미코,2023,CFS,BS,비유동부채,1.55E+11,,2026-07-11
00997812,183300,코미코,2023,CFS,CIS,영업이익,33028446745,,2026-07-11
00997812,183300,코미코,2023,CFS,CF,영업활동현금흐름,65166242206,,2026-07-11
00997812,183300,코미코,2023,CFS,BS,유형자산,2.77E+11,,2026-07-11
00997812,183300,코미코,2023,CFS,CF,유형자산의 취득,32876785043,,2026-07-11
00997812,183300,코미코,2023,CFS,BS,자본총계,2.88E+11,,2026-07-11
00997812,183300,코미코,2023,CFS,BS,재고자산,3.47E+10,,2026-07-11
00997812,183300,코미코,2023,CFS,CF,재무활동현금흐름,1.06E+11,,2026-07-11
00997812,183300,코미코,2023,CFS,BS,총자산,5.94E+11,,2026-07-11
00997812,183300,코미코,2023,CFS,CF,투자활동현금흐름,-1.05E+11,,2026-07-11
00997812,183300,코미코,2023,CFS,CIS,판매비와관리비,83519591378,,2026-07-11
01366000,323280,태성,2025,CFS,CIS,금융비용,293256175,,2026-07-11
01366000,323280,태성,2025,CFS,CIS,당기순이익,-2.54E+09,,2026-07-11
01366000,323280,태성,2025,CFS,CIS,매출액,3.79E+10,,2026-07-11
01366000,323280,태성,2025,CFS,CIS,매출원가,3.02E+10,,2026-07-11
01366000,323280,태성,2025,CFS,BS,매출채권,13286440648,,2026-07-11
01366000,323280,태성,2025,CFS,BS,무형자산,6.14E+09,,2026-07-11
01366000,323280,태성,2025,CFS,CF,무형자산의 취득,2571981321,,2026-07-11
01366000,323280,태성,2025,CFS,CF,배당금지급,0,,2026-07-11
01366000,323280,태성,2025,CFS,BS,부채총계,44451711006,,2026-07-11
01366000,323280,태성,2025,CFS,BS,비유동부채,58264134,,2026-07-11
01366000,323280,태성,2025,CFS,CIS,영업이익,-2506348104,,2026-07-11
01366000,323280,태성,2025,CFS,CF,영업활동현금흐름,-9748725998,,2026-07-11
01366000,323280,태성,2025,CFS,BS,유형자산,86103979783,,2026-07-11
01366000,323280,태성,2025,CFS,CF,유형자산의 취득,37517754965,,2026-07-11
01366000,323280,태성,2025,CFS,BS,자본총계,1.28E+11,,2026-07-11
01366000,323280,태성,2025,CFS,BS,재고자산,12254601433,,2026-07-11
01366000,323280,태성,2025,CFS,CF,재무활동현금흐름,8.86E+10,,2026-07-11
01366000,323280,태성,2025,CFS,BS,총자산,1.73E+11,,2026-07-11
01366000,323280,태성,2025,CFS,CF,투자활동현금흐름,-40769921726,,2026-07-11
01366000,323280,태성,2025,CFS,CIS,판매비와관리비,10145974140,,2026-07-11
01366000,323280,태성,2025,CFS,IS,EBITDA,-1069999999.9999999,,
01366000,323280,태성,2024,CFS,CIS,금융비용,5.44E+08,,2026-07-11
01366000,323280,태성,2024,CFS,CIS,당기순이익,5.97E+09,,2026-07-11
01366000,323280,태성,2024,CFS,CIS,매출액,5.92E+10,,2026-07-11
01366000,323280,태성,2024,CFS,CIS,매출원가,4.47E+10,,2026-07-11
01366000,323280,태성,2024,CFS,BS,매출채권,1.25E+10,,2026-07-11
01366000,323280,태성,2024,CFS,BS,무형자산,4397332042,,2026-07-11
01366000,323280,태성,2024,CFS,CF,무형자산의 취득,2.72E+09,,2026-07-11
01366000,323280,태성,2024,CFS,CF,배당금지급,0,,2026-07-11
01366000,323280,태성,2024,CFS,BS,부채총계,3.86E+10,,2026-07-11
01366000,323280,태성,2024,CFS,BS,비유동부채,16501904610,,2026-07-11
01366000,323280,태성,2024,CFS,CIS,영업이익,6037657086,,2026-07-11
01366000,323280,태성,2024,CFS,CF,영업활동현금흐름,4.49E+09,,2026-07-11
01366000,323280,태성,2024,CFS,BS,유형자산,40967874264,,2026-07-11
01366000,323280,태성,2024,CFS,CF,유형자산의 취득,1.85E+10,,2026-07-11
01366000,323280,태성,2024,CFS,BS,자본총계,40982352292,,2026-07-11
01366000,323280,태성,2024,CFS,BS,재고자산,7750390172,,2026-07-11
01366000,323280,태성,2024,CFS,CF,재무활동현금흐름,17421837211,,2026-07-11
01366000,323280,태성,2024,CFS,BS,총자산,79613977957,,2026-07-11
01366000,323280,태성,2024,CFS,CF,투자활동현금흐름,-21126526792,,2026-07-11
01366000,323280,태성,2024,CFS,CIS,판매비와관리비,8521562447,,2026-07-11
01366000,323280,태성,2023,CFS,CIS,금융비용,6.40E+08,,2026-07-11
01366000,323280,태성,2023,CFS,CIS,당기순이익,-1.42E+09,,2026-07-11
01366000,323280,태성,2023,CFS,CIS,매출액,33338955327,,2026-07-11
01366000,323280,태성,2023,CFS,CIS,매출원가,2.81E+10,,2026-07-11
01366000,323280,태성,2023,CFS,BS,매출채권,8961293216,,2026-07-11
01366000,323280,태성,2023,CFS,BS,무형자산,1920751550,,2026-07-11
01366000,323280,태성,2023,CFS,CF,무형자산의 취득,1348194490,,2026-07-11
01366000,323280,태성,2023,CFS,CF,배당금지급,0,,2026-07-11
01366000,323280,태성,2023,CFS,BS,부채총계,26085358556,,2026-07-11
01366000,323280,태성,2023,CFS,BS,비유동부채,1207618113,,2026-07-11
01366000,323280,태성,2023,CFS,CIS,영업이익,-685706946,,2026-07-11
01366000,323280,태성,2023,CFS,CF,영업활동현금흐름,7883989852,,2026-07-11
01366000,323280,태성,2023,CFS,BS,유형자산,2.35E+10,,2026-07-11
01366000,323280,태성,2023,CFS,CF,유형자산의 취득,2811677832,,2026-07-11
01366000,323280,태성,2023,CFS,BS,자본총계,3.09E+10,,2026-07-11
01366000,323280,태성,2023,CFS,BS,재고자산,11093275226,,2026-07-11
01366000,323280,태성,2023,CFS,CF,재무활동현금흐름,-1530719334,,2026-07-11
01366000,323280,태성,2023,CFS,BS,총자산,56975793247,,2026-07-11
01366000,323280,태성,2023,CFS,CF,투자활동현금흐름,-859871884,,2026-07-11
01366000,323280,태성,2023,CFS,CIS,판매비와관리비,5.90E+09,,2026-07-11
00535676,089030,테크윙,2025,CFS,CIS,금융비용,1.38E+10,,2026-07-11
00535676,089030,테크윙,2025,CFS,CIS,당기순이익,8996126448,,2026-07-11
00535676,089030,테크윙,2025,CFS,CIS,매출액,1.59E+11,,2026-07-11
00535676,089030,테크윙,2025,CFS,CIS,매출원가,91933305151,,2026-07-11
00535676,089030,테크윙,2025,CFS,BS,매출채권,41230399860,,2026-07-11
00535676,089030,테크윙,2025,CFS,BS,무형자산,14957453549,,2026-07-11
00535676,089030,테크윙,2025,CFS,CF,무형자산의 취득,3510577557,,2026-07-11
00535676,089030,테크윙,2025,CFS,CF,배당금지급,4646261620,,2026-07-11
00535676,089030,테크윙,2025,CFS,BS,부채총계,4.22E+11,,2026-07-11
00535676,089030,테크윙,2025,CFS,BS,비유동부채,2.68E+11,,2026-07-11
00535676,089030,테크윙,2025,CFS,CIS,영업이익,15837572847,,2026-07-11
00535676,089030,테크윙,2025,CFS,CF,영업활동현금흐름,-1.61E+10,,2026-07-11
00535676,089030,테크윙,2025,CFS,BS,유형자산,2.52E+11,,2026-07-11
00535676,089030,테크윙,2025,CFS,CF,유형자산의 취득,2.73E+10,,2026-07-11
00535676,089030,테크윙,2025,CFS,BS,자본총계,2.12E+11,,2026-07-11
00535676,089030,테크윙,2025,CFS,BS,재고자산,1.13E+11,,2026-07-11
00535676,089030,테크윙,2025,CFS,CF,재무활동현금흐름,1.43E+11,,2026-07-11
00535676,089030,테크윙,2025,CFS,BS,총자산,6.34E+11,,2026-07-11
00535676,089030,테크윙,2025,CFS,CF,투자활동현금흐름,-1.09E+11,,2026-07-11
00535676,089030,테크윙,2025,CFS,CIS,판매비와관리비,5.14E+10,,2026-07-11
00535676,089030,테크윙,2025,CFS,IS,EBITDA,31930000000.0,,
00535676,089030,테크윙,2024,CFS,CIS,금융비용,15993573637,,2026-07-11
00535676,089030,테크윙,2024,CFS,CIS,당기순이익,-2.20E+10,,2026-07-11
00535676,089030,테크윙,2024,CFS,CIS,매출액,1.86E+11,,2026-07-11
00535676,089030,테크윙,2024,CFS,CIS,매출원가,1.14E+11,,2026-07-11
00535676,089030,테크윙,2024,CFS,BS,매출채권,44114030758,,2026-07-11
00535676,089030,테크윙,2024,CFS,BS,무형자산,11735797857,,2026-07-11
00535676,089030,테크윙,2024,CFS,CF,무형자산의 취득,1791717696,,2026-07-11
00535676,089030,테크윙,2024,CFS,CF,배당금지급,4646261620,,2026-07-11
00535676,089030,테크윙,2024,CFS,BS,부채총계,3.18E+11,,2026-07-11
00535676,089030,테크윙,2024,CFS,BS,비유동부채,99411627230,,2026-07-11
00535676,089030,테크윙,2024,CFS,CIS,영업이익,2.34E+10,,2026-07-11
00535676,089030,테크윙,2024,CFS,CF,영업활동현금흐름,32722277624,,2026-07-11
00535676,089030,테크윙,2024,CFS,BS,유형자산,2.32E+11,,2026-07-11
00535676,089030,테크윙,2024,CFS,CF,유형자산의 취득,52217702300,,2026-07-11
00535676,089030,테크윙,2024,CFS,BS,자본총계,1.88E+11,,2026-07-11
00535676,089030,테크윙,2024,CFS,BS,재고자산,79265623368,,2026-07-11
00535676,089030,테크윙,2024,CFS,CF,재무활동현금흐름,8481189743,,2026-07-11
00535676,089030,테크윙,2024,CFS,BS,총자산,5.06E+11,,2026-07-11
00535676,089030,테크윙,2024,CFS,CF,투자활동현금흐름,-29905589196,,2026-07-11
00535676,089030,테크윙,2024,CFS,CIS,판매비와관리비,48074559392,,2026-07-11
00535676,089030,테크윙,2023,CFS,CIS,금융비용,6.51E+09,,2026-07-11
00535676,089030,테크윙,2023,CFS,CIS,당기순이익,-11097331447,,2026-07-11
00535676,089030,테크윙,2023,CFS,CIS,매출액,1.34E+11,,2026-07-11
00535676,089030,테크윙,2023,CFS,CIS,매출원가,84056217530,,2026-07-11
00535676,089030,테크윙,2023,CFS,BS,매출채권,40748422509,,2026-07-11
00535676,089030,테크윙,2023,CFS,BS,무형자산,20950303880,,2026-07-11
00535676,089030,테크윙,2023,CFS,CF,무형자산의 취득,9087206668,,2026-07-11
00535676,089030,테크윙,2023,CFS,CF,배당금지급,4.65E+09,,2026-07-11
00535676,089030,테크윙,2023,CFS,BS,부채총계,2.70E+11,,2026-07-11
00535676,089030,테크윙,2023,CFS,BS,비유동부채,1.31E+11,,2026-07-11
00535676,089030,테크윙,2023,CFS,CIS,영업이익,3160487054,,2026-07-11
00535676,089030,테크윙,2023,CFS,CF,영업활동현금흐름,20371517264,,2026-07-11
00535676,089030,테크윙,2023,CFS,BS,유형자산,2.71E+11,,2026-07-11
00535676,089030,테크윙,2023,CFS,CF,유형자산의 취득,44069515328,,2026-07-11
00535676,089030,테크윙,2023,CFS,BS,자본총계,2.16E+11,,2026-07-11
00535676,089030,테크윙,2023,CFS,BS,재고자산,81331310562,,2026-07-11
00535676,089030,테크윙,2023,CFS,CF,재무활동현금흐름,37353228618,,2026-07-11
00535676,089030,테크윙,2023,CFS,BS,총자산,4.86E+11,,2026-07-11
00535676,089030,테크윙,2023,CFS,CF,투자활동현금흐름,-67217103146,,2026-07-11
00535676,089030,테크윙,2023,CFS,CIS,판매비와관리비,4.64E+10,,2026-07-11
00245472,064760,티씨케이,2025,OFS,CIS,금융비용,37081976,,2026-07-11
00245472,064760,티씨케이,2025,OFS,CIS,당기순이익,69902724552,,2026-07-11
00245472,064760,티씨케이,2025,OFS,CIS,매출액,3.01E+11,,2026-07-11
00245472,064760,티씨케이,2025,OFS,CIS,매출원가,1.92E+11,,2026-07-11
00245472,064760,티씨케이,2025,OFS,BS,매출채권,45750431146,,2026-07-11
00245472,064760,티씨케이,2025,OFS,BS,무형자산,2190979406,,2026-07-11
00245472,064760,티씨케이,2025,OFS,CF,무형자산의 취득,81937721,,2026-07-11
00245472,064760,티씨케이,2025,OFS,CF,배당금지급,16461750000,,2026-07-11
00245472,064760,티씨케이,2025,OFS,BS,부채총계,48313763573,,2026-07-11
00245472,064760,티씨케이,2025,OFS,BS,비유동부채,3456260411,,2026-07-11
00245472,064760,티씨케이,2025,OFS,CIS,영업이익,83887319363,,2026-07-11
00245472,064760,티씨케이,2025,OFS,CF,영업활동현금흐름,5.41E+10,,2026-07-11
00245472,064760,티씨케이,2025,OFS,BS,유형자산,1.42E+11,,2026-07-11
00245472,064760,티씨케이,2025,OFS,CF,유형자산의 취득,4496721586,,2026-07-11
00245472,064760,티씨케이,2025,OFS,BS,자본총계,5.19E+11,,2026-07-11
00245472,064760,티씨케이,2025,OFS,BS,재고자산,85141670269,,2026-07-11
00245472,064760,티씨케이,2025,OFS,CF,재무활동현금흐름,-50508261180,,2026-07-11
00245472,064760,티씨케이,2025,OFS,BS,총자산,5.68E+11,,2026-07-11
00245472,064760,티씨케이,2025,OFS,CF,투자활동현금흐름,4.36E+09,,2026-07-11
00245472,064760,티씨케이,2025,OFS,CIS,판매비와관리비,25874842723,,2026-07-11
00245472,064760,티씨케이,2025,OFS,IS,EBITDA,97900000000.0,,
00245472,064760,티씨케이,2024,OFS,CIS,금융비용,31971330,,2026-07-11
00245472,064760,티씨케이,2024,OFS,CIS,당기순이익,71994036570,,2026-07-11
00245472,064760,티씨케이,2024,OFS,CIS,매출액,2.76E+11,,2026-07-11
00245472,064760,티씨케이,2024,OFS,CIS,매출원가,1.72E+11,,2026-07-11
00245472,064760,티씨케이,2024,OFS,BS,매출채권,47615537055,,2026-07-11
00245472,064760,티씨케이,2024,OFS,BS,무형자산,2398506411,,2026-07-11
00245472,064760,티씨케이,2024,OFS,CF,무형자산의 취득,-433979393,,2026-07-11
00245472,064760,티씨케이,2024,OFS,CF,배당금지급,14010000000,,2026-07-11
00245472,064760,티씨케이,2024,OFS,BS,부채총계,47264861755,,2026-07-11
00245472,064760,티씨케이,2024,OFS,BS,비유동부채,2689967210,,2026-07-11
00245472,064760,티씨케이,2024,OFS,CIS,영업이익,8.07E+10,,2026-07-11
00245472,064760,티씨케이,2024,OFS,CF,영업활동현금흐름,74417172514,,2026-07-11
00245472,064760,티씨케이,2024,OFS,BS,유형자산,1.50E+11,,2026-07-11
00245472,064760,티씨케이,2024,OFS,CF,유형자산의 취득,7.57E+09,,2026-07-11
00245472,064760,티씨케이,2024,OFS,BS,자본총계,5.16E+11,,2026-07-11
00245472,064760,티씨케이,2024,OFS,BS,재고자산,68818777821,,2026-07-11
00245472,064760,티씨케이,2024,OFS,CF,재무활동현금흐름,-2.87E+08,,2026-07-11
00245472,064760,티씨케이,2024,OFS,BS,총자산,5.64E+11,,2026-07-11
00245472,064760,티씨케이,2024,OFS,CF,투자활동현금흐름,-72043319977,,2026-07-11
00245472,064760,티씨케이,2024,OFS,CIS,판매비와관리비,23305156004,,2026-07-11
00245472,064760,티씨케이,2023,OFS,CIS,금융비용,27593519,,2026-07-11
00245472,064760,티씨케이,2023,OFS,CIS,당기순이익,61244566663,,2026-07-11
00245472,064760,티씨케이,2023,OFS,CIS,매출액,2.27E+11,,2026-07-11
00245472,064760,티씨케이,2023,OFS,CIS,매출원가,1.35E+11,,2026-07-11
00245472,064760,티씨케이,2023,OFS,BS,매출채권,40603999385,,2026-07-11
00245472,064760,티씨케이,2023,OFS,BS,무형자산,2174613478,,2026-07-11
00245472,064760,티씨케이,2023,OFS,CF,무형자산의 취득,-5.10E+08,,2026-07-11
00245472,064760,티씨케이,2023,OFS,CF,배당금지급,19847500000,,2026-07-11
00245472,064760,티씨케이,2023,OFS,BS,부채총계,3.72E+10,,2026-07-11
00245472,064760,티씨케이,2023,OFS,BS,비유동부채,2.05E+09,,2026-07-11
00245472,064760,티씨케이,2023,OFS,CIS,영업이익,66702958305,,2026-07-11
00245472,064760,티씨케이,2023,OFS,CF,영업활동현금흐름,20979642673,,2026-07-11
00245472,064760,티씨케이,2023,OFS,BS,유형자산,1.57E+11,,2026-07-11
00245472,064760,티씨케이,2023,OFS,CF,유형자산의 취득,4.74E+10,,2026-07-11
00245472,064760,티씨케이,2023,OFS,BS,자본총계,4.58E+11,,2026-07-11
00245472,064760,티씨케이,2023,OFS,BS,재고자산,6.59E+10,,2026-07-11
00245472,064760,티씨케이,2023,OFS,CF,재무활동현금흐름,-3.09E+08,,2026-07-11
00245472,064760,티씨케이,2023,OFS,BS,총자산,4.96E+11,,2026-07-11
00245472,064760,티씨케이,2023,OFS,CF,투자활동현금흐름,-33572720459,,2026-07-11
00245472,064760,티씨케이,2023,OFS,CIS,판매비와관리비,25151003939,,2026-07-11
01292291,440110,파두,2025,CFS,CIS,금융비용,15295848343,,2026-07-11
01292291,440110,파두,2025,CFS,CIS,당기순이익,-76218175613,,2026-07-11
01292291,440110,파두,2025,CFS,CIS,매출액,92419333233,,2026-07-11
01292291,440110,파두,2025,CFS,CIS,매출원가,48760917939,,2026-07-11
01292291,440110,파두,2025,CFS,BS,매출채권,5735267524,,2026-07-11
01292291,440110,파두,2025,CFS,BS,무형자산,1.24E+09,,2026-07-11
01292291,440110,파두,2025,CFS,CF,무형자산의 취득,-75900000,,2026-07-11
01292291,440110,파두,2025,CFS,CF,배당금지급,0.00E+00,,2026-07-11
01292291,440110,파두,2025,CFS,BS,부채총계,1.03E+11,,2026-07-11
01292291,440110,파두,2025,CFS,BS,비유동부채,12565056744,,2026-07-11
01292291,440110,파두,2025,CFS,CIS,영업이익,-65469985712,,2026-07-11
01292291,440110,파두,2025,CFS,CF,영업활동현금흐름,-3.70E+09,,2026-07-11
01292291,440110,파두,2025,CFS,BS,유형자산,1.36E+10,,2026-07-11
01292291,440110,파두,2025,CFS,CF,유형자산의 취득,4.06E+09,,2026-07-11
01292291,440110,파두,2025,CFS,BS,자본총계,1.98E+10,,2026-07-11
01292291,440110,파두,2025,CFS,BS,재고자산,4.12E+10,,2026-07-11
01292291,440110,파두,2025,CFS,CF,재무활동현금흐름,3637204912,,2026-07-11
01292291,440110,파두,2025,CFS,BS,총자산,1.22E+11,,2026-07-11
01292291,440110,파두,2025,CFS,CF,투자활동현금흐름,9693007263,,2026-07-11
01292291,440110,파두,2025,CFS,CIS,판매비와관리비,1.09E+11,,2026-07-11
01292291,440110,파두,2025,CFS,IS,EBITDA,-54720000000.00001,,
01292291,440110,파두,2024,CFS,CIS,금융비용,3451780435,,2026-07-11
01292291,440110,파두,2024,CFS,CIS,당기순이익,-91508531301,,2026-07-11
01292291,440110,파두,2024,CFS,CIS,매출액,43502744974,,2026-07-11
01292291,440110,파두,2024,CFS,CIS,매출원가,37733546496,,2026-07-11
01292291,440110,파두,2024,CFS,BS,매출채권,1.39E+10,,2026-07-11
01292291,440110,파두,2024,CFS,BS,무형자산,1539154419,,2026-07-11
01292291,440110,파두,2024,CFS,CF,무형자산의 취득,-1.18E+09,,2026-07-11
01292291,440110,파두,2024,CFS,CF,배당금지급,0.00E+00,,2026-07-11
01292291,440110,파두,2024,CFS,BS,부채총계,36480472542,,2026-07-11
01292291,440110,파두,2024,CFS,BS,비유동부채,5217447922,,2026-07-11
01292291,440110,파두,2024,CFS,CIS,영업이익,-95048300908,,2026-07-11
01292291,440110,파두,2024,CFS,CF,영업활동현금흐름,-1.09E+11,,2026-07-11
01292291,440110,파두,2024,CFS,BS,유형자산,20060469551,,2026-07-11
01292291,440110,파두,2024,CFS,CF,유형자산의 취득,6041333867,,2026-07-11
01292291,440110,파두,2024,CFS,BS,자본총계,9.79E+10,,2026-07-11
01292291,440110,파두,2024,CFS,BS,재고자산,31366715979,,2026-07-11
01292291,440110,파두,2024,CFS,CF,재무활동현금흐름,-21789530560,,2026-07-11
01292291,440110,파두,2024,CFS,BS,총자산,1.34E+11,,2026-07-11
01292291,440110,파두,2024,CFS,CF,투자활동현금흐름,66450409902,,2026-07-11
01292291,440110,파두,2024,CFS,CIS,판매비와관리비,1.01E+11,,2026-07-11
01292291,440110,파두,2023,CFS,CIS,금융비용,2376869335,,2026-07-11
01292291,440110,파두,2023,CFS,CIS,당기순이익,-56832521397,,2026-07-11
01292291,440110,파두,2023,CFS,CIS,매출액,22470905715,,2026-07-11
01292291,440110,파두,2023,CFS,CIS,매출원가,11375113614,,2026-07-11
01292291,440110,파두,2023,CFS,BS,매출채권,1616328667,,2026-07-11
01292291,440110,파두,2023,CFS,BS,무형자산,738106785,,2026-07-11
01292291,440110,파두,2023,CFS,CF,무형자산의 취득,349691160,,2026-07-11
01292291,440110,파두,2023,CFS,CF,배당금지급,0,,2026-07-11
01292291,440110,파두,2023,CFS,BS,부채총계,57313618158,,2026-07-11
01292291,440110,파두,2023,CFS,BS,비유동부채,7101460392,,2026-07-11
01292291,440110,파두,2023,CFS,CIS,영업이익,-5.86E+10,,2026-07-11
01292291,440110,파두,2023,CFS,CF,영업활동현금흐름,-42164830339,,2026-07-11
01292291,440110,파두,2023,CFS,BS,유형자산,32475761545,,2026-07-11
01292291,440110,파두,2023,CFS,CF,유형자산의 취득,1.06E+10,,2026-07-11
01292291,440110,파두,2023,CFS,BS,자본총계,1.86E+11,,2026-07-11
01292291,440110,파두,2023,CFS,BS,재고자산,17438725834,,2026-07-11
01292291,440110,파두,2023,CFS,CF,재무활동현금흐름,2.25E+11,,2026-07-11
01292291,440110,파두,2023,CFS,BS,총자산,2.44E+11,,2026-07-11
01292291,440110,파두,2023,CFS,CF,투자활동현금흐름,-97710804308,,2026-07-11
01292291,440110,파두,2023,CFS,CIS,판매비와관리비,69665231327,,2026-07-11
01365825,319660,피에스케이,2025,CFS,CIS,금융비용,16150015108,,2026-07-11
01365825,319660,피에스케이,2025,CFS,CIS,당기순이익,78545663379,,2026-07-11
01365825,319660,피에스케이,2025,CFS,CIS,매출액,4.57E+11,,2026-07-11
01365825,319660,피에스케이,2025,CFS,CIS,매출원가,2.34E+11,,2026-07-11
01365825,319660,피에스케이,2025,CFS,BS,매출채권,99832573758,,2026-07-11
01365825,319660,피에스케이,2025,CFS,BS,무형자산,10089200026,,2026-07-11
01365825,319660,피에스케이,2025,CFS,CF,무형자산의 취득,2000000,,2026-07-11
01365825,319660,피에스케이,2025,CFS,CF,배당금지급,11586685600,,2026-07-11
01365825,319660,피에스케이,2025,CFS,BS,부채총계,1.07E+11,,2026-07-11
01365825,319660,피에스케이,2025,CFS,BS,비유동부채,1.76E+10,,2026-07-11
01365825,319660,피에스케이,2025,CFS,CIS,영업이익,88494057075,,2026-07-11
01365825,319660,피에스케이,2025,CFS,CF,영업활동현금흐름,61731136881,,2026-07-11
01365825,319660,피에스케이,2025,CFS,BS,유형자산,1.02E+11,,2026-07-11
01365825,319660,피에스케이,2025,CFS,CF,유형자산의 취득,18531513572,,2026-07-11
01365825,319660,피에스케이,2025,CFS,BS,자본총계,5.39E+11,,2026-07-11
01365825,319660,피에스케이,2025,CFS,BS,재고자산,1.04E+11,,2026-07-11
01365825,319660,피에스케이,2025,CFS,CF,재무활동현금흐름,-20241932191,,2026-07-11
01365825,319660,피에스케이,2025,CFS,BS,총자산,6.46E+11,,2026-07-11
01365825,319660,피에스케이,2025,CFS,CF,투자활동현금흐름,-17161223038,,2026-07-11
01365825,319660,피에스케이,2025,CFS,CIS,판매비와관리비,1.35E+11,,2026-07-11
01365825,319660,피에스케이,2025,CFS,IS,EBITDA,98210000000.0,,
01365825,319660,피에스케이,2024,CFS,CIS,금융비용,11436347154,,2026-07-11
01365825,319660,피에스케이,2024,CFS,CIS,당기순이익,7.91E+10,,2026-07-11
01365825,319660,피에스케이,2024,CFS,CIS,매출액,3.98E+11,,2026-07-11
01365825,319660,피에스케이,2024,CFS,CIS,매출원가,1.88E+11,,2026-07-11
01365825,319660,피에스케이,2024,CFS,BS,매출채권,59816220643,,2026-07-11
01365825,319660,피에스케이,2024,CFS,BS,무형자산,10064001118,,2026-07-11
01365825,319660,피에스케이,2024,CFS,CF,무형자산의 취득,122720000,,2026-07-11
01365825,319660,피에스케이,2024,CFS,CF,배당금지급,5.79E+09,,2026-07-11
01365825,319660,피에스케이,2024,CFS,BS,부채총계,9.76E+10,,2026-07-11
01365825,319660,피에스케이,2024,CFS,BS,비유동부채,1.65E+10,,2026-07-11
01365825,319660,피에스케이,2024,CFS,CIS,영업이익,8.39E+10,,2026-07-11
01365825,319660,피에스케이,2024,CFS,CF,영업활동현금흐름,6.72E+10,,2026-07-11
01365825,319660,피에스케이,2024,CFS,BS,유형자산,92635598884,,2026-07-11
01365825,319660,피에스케이,2024,CFS,CF,유형자산의 취득,27192602203,,2026-07-11
01365825,319660,피에스케이,2024,CFS,BS,자본총계,4.72E+11,,2026-07-11
01365825,319660,피에스케이,2024,CFS,BS,재고자산,1.08E+11,,2026-07-11
01365825,319660,피에스케이,2024,CFS,CF,재무활동현금흐름,-9249244373,,2026-07-11
01365825,319660,피에스케이,2024,CFS,BS,총자산,5.69E+11,,2026-07-11
01365825,319660,피에스케이,2024,CFS,CF,투자활동현금흐름,-34424696928,,2026-07-11
01365825,319660,피에스케이,2024,CFS,CIS,판매비와관리비,1.26E+11,,2026-07-11
01365825,319660,피에스케이,2023,CFS,CIS,금융비용,1.09E+10,,2026-07-11
01365825,319660,피에스케이,2023,CFS,CIS,당기순이익,52520188202,,2026-07-11
01365825,319660,피에스케이,2023,CFS,CIS,매출액,3.52E+11,,2026-07-11
01365825,319660,피에스케이,2023,CFS,CIS,매출원가,1.87E+11,,2026-07-11
01365825,319660,피에스케이,2023,CFS,BS,매출채권,37987710842,,2026-07-11
01365825,319660,피에스케이,2023,CFS,BS,무형자산,8815335592,,2026-07-11
01365825,319660,피에스케이,2023,CFS,CF,무형자산의 취득,1.42E+08,,2026-07-11
01365825,319660,피에스케이,2023,CFS,CF,배당금지급,1.16E+10,,2026-07-11
01365825,319660,피에스케이,2023,CFS,BS,부채총계,1.02E+11,,2026-07-11
01365825,319660,피에스케이,2023,CFS,BS,비유동부채,15701255440,,2026-07-11
01365825,319660,피에스케이,2023,CFS,CIS,영업이익,5.41E+10,,2026-07-11
01365825,319660,피에스케이,2023,CFS,CF,영업활동현금흐름,50281470015,,2026-07-11
01365825,319660,피에스케이,2023,CFS,BS,유형자산,71590181740,,2026-07-11
01365825,319660,피에스케이,2023,CFS,CF,유형자산의 취득,25981919786,,2026-07-11
01365825,319660,피에스케이,2023,CFS,BS,자본총계,3.93E+11,,2026-07-11
01365825,319660,피에스케이,2023,CFS,BS,재고자산,1.17E+11,,2026-07-11
01365825,319660,피에스케이,2023,CFS,CF,재무활동현금흐름,-4067183666,,2026-07-11
01365825,319660,피에스케이,2023,CFS,BS,총자산,4.94E+11,,2026-07-11
01365825,319660,피에스케이,2023,CFS,CF,투자활동현금흐름,-36436599654,,2026-07-11
01365825,319660,피에스케이,2023,CFS,CIS,판매비와관리비,1.10E+11,,2026-07-11
00208444,031980,피에스케이홀딩스,2025,CFS,CIS,금융비용,7097675554,,2026-07-11
00208444,031980,피에스케이홀딩스,2025,CFS,CIS,당기순이익,9.17E+10,,2026-07-11
00208444,031980,피에스케이홀딩스,2025,CFS,CIS,매출액,2.08E+11,,2026-07-11
00208444,031980,피에스케이홀딩스,2025,CFS,CIS,매출원가,77183969626,,2026-07-11
00208444,031980,피에스케이홀딩스,2025,CFS,BS,매출채권,27457280529,,2026-07-11
00208444,031980,피에스케이홀딩스,2025,CFS,BS,무형자산,9.71E+09,,2026-07-11
00208444,031980,피에스케이홀딩스,2025,CFS,CF,무형자산의 취득,6.88E+08,,2026-07-11
00208444,031980,피에스케이홀딩스,2025,CFS,CF,배당금지급,1.51E+10,,2026-07-11
00208444,031980,피에스케이홀딩스,2025,CFS,BS,부채총계,78501446934,,2026-07-11
00208444,031980,피에스케이홀딩스,2025,CFS,BS,비유동부채,3.01E+10,,2026-07-11
00208444,031980,피에스케이홀딩스,2025,CFS,CIS,영업이익,73400914769,,2026-07-11
00208444,031980,피에스케이홀딩스,2025,CFS,CF,영업활동현금흐름,81417272271,,2026-07-11
00208444,031980,피에스케이홀딩스,2025,CFS,BS,유형자산,68799967926,,2026-07-11
00208444,031980,피에스케이홀딩스,2025,CFS,CF,유형자산의 취득,1501257665,,2026-07-11
00208444,031980,피에스케이홀딩스,2025,CFS,BS,자본총계,5.06E+11,,2026-07-11
00208444,031980,피에스케이홀딩스,2025,CFS,BS,재고자산,26527847729,,2026-07-11
00208444,031980,피에스케이홀딩스,2025,CFS,CF,재무활동현금흐름,-17536627375,,2026-07-11
00208444,031980,피에스케이홀딩스,2025,CFS,BS,총자산,5.85E+11,,2026-07-11
00208444,031980,피에스케이홀딩스,2025,CFS,CF,투자활동현금흐름,-8.33E+08,,2026-07-11
00208444,031980,피에스케이홀딩스,2025,CFS,CIS,판매비와관리비,57179158404,,2026-07-11
00208444,031980,피에스케이홀딩스,2025,CFS,IS,EBITDA,80250000000.0,,
00208444,031980,피에스케이홀딩스,2024,CFS,CIS,금융비용,8871692046,,2026-07-11
00208444,031980,피에스케이홀딩스,2024,CFS,CIS,당기순이익,95820109996,,2026-07-11
00208444,031980,피에스케이홀딩스,2024,CFS,CIS,매출액,2.16E+11,,2026-07-11
00208444,031980,피에스케이홀딩스,2024,CFS,CIS,매출원가,79701857380,,2026-07-11
00208444,031980,피에스케이홀딩스,2024,CFS,BS,매출채권,3.84E+10,,2026-07-11
00208444,031980,피에스케이홀딩스,2024,CFS,BS,무형자산,1.07E+10,,2026-07-11
00208444,031980,피에스케이홀딩스,2024,CFS,CF,무형자산의 취득,2.85E+08,,2026-07-11
00208444,031980,피에스케이홀딩스,2024,CFS,CF,배당금지급,1.29E+10,,2026-07-11
00208444,031980,피에스케이홀딩스,2024,CFS,BS,부채총계,8.21E+10,,2026-07-11
00208444,031980,피에스케이홀딩스,2024,CFS,BS,비유동부채,30362727096,,2026-07-11
00208444,031980,피에스케이홀딩스,2024,CFS,CIS,영업이익,8.85E+10,,2026-07-11
00208444,031980,피에스케이홀딩스,2024,CFS,CF,영업활동현금흐름,66625215940,,2026-07-11
00208444,031980,피에스케이홀딩스,2024,CFS,BS,유형자산,7.23E+10,,2026-07-11
00208444,031980,피에스케이홀딩스,2024,CFS,CF,유형자산의 취득,0.00E+00,,2026-07-11
00208444,031980,피에스케이홀딩스,2024,CFS,BS,자본총계,4.31E+11,,2026-07-11
00208444,031980,피에스케이홀딩스,2024,CFS,BS,재고자산,2.86E+10,,2026-07-11
00208444,031980,피에스케이홀딩스,2024,CFS,CF,재무활동현금흐름,-17030997586,,2026-07-11
00208444,031980,피에스케이홀딩스,2024,CFS,BS,총자산,5.14E+11,,2026-07-11
00208444,031980,피에스케이홀딩스,2024,CFS,CF,투자활동현금흐름,-23949808588,,2026-07-11
00208444,031980,피에스케이홀딩스,2024,CFS,CIS,판매비와관리비,4.73E+10,,2026-07-11
00208444,031980,피에스케이홀딩스,2023,CFS,CIS,금융비용,2117601103,,2026-07-11
00208444,031980,피에스케이홀딩스,2023,CFS,CIS,당기순이익,42696378649,,2026-07-11
00208444,031980,피에스케이홀딩스,2023,CFS,CIS,매출액,94716683944,,2026-07-11
00208444,031980,피에스케이홀딩스,2023,CFS,CIS,매출원가,3.69E+10,,2026-07-11
00208444,031980,피에스케이홀딩스,2023,CFS,BS,매출채권,1.60E+10,,2026-07-11
00208444,031980,피에스케이홀딩스,2023,CFS,BS,무형자산,1.12E+10,,2026-07-11
00208444,031980,피에스케이홀딩스,2023,CFS,CF,무형자산의 취득,5.47E+08,,2026-07-11
00208444,031980,피에스케이홀딩스,2023,CFS,CF,배당금지급,1.02E+10,,2026-07-11
00208444,031980,피에스케이홀딩스,2023,CFS,BS,부채총계,6.01E+10,,2026-07-11
00208444,031980,피에스케이홀딩스,2023,CFS,BS,비유동부채,2.50E+10,,2026-07-11
00208444,031980,피에스케이홀딩스,2023,CFS,CIS,영업이익,26970755131,,2026-07-11
00208444,031980,피에스케이홀딩스,2023,CFS,CF,영업활동현금흐름,3.25E+10,,2026-07-11
00208444,031980,피에스케이홀딩스,2023,CFS,BS,유형자산,4.89E+10,,2026-07-11
00208444,031980,피에스케이홀딩스,2023,CFS,CF,유형자산의 취득,17819340924,,2026-07-11
00208444,031980,피에스케이홀딩스,2023,CFS,BS,자본총계,3.41E+11,,2026-07-11
00208444,031980,피에스케이홀딩스,2023,CFS,BS,재고자산,17706980162,,2026-07-11
00208444,031980,피에스케이홀딩스,2023,CFS,CF,재무활동현금흐름,2.35E+10,,2026-07-11
00208444,031980,피에스케이홀딩스,2023,CFS,BS,총자산,4.01E+11,,2026-07-11
00208444,031980,피에스케이홀딩스,2023,CFS,CF,투자활동현금흐름,-1.50E+10,,2026-07-11
00208444,031980,피에스케이홀딩스,2023,CFS,CIS,판매비와관리비,30895716203,,2026-07-11
00938721,161580,필옵틱스,2025,CFS,CIS,금융비용,4552771975,,2026-07-11
00938721,161580,필옵틱스,2025,CFS,CIS,당기순이익,-2.64E+10,,2026-07-11
00938721,161580,필옵틱스,2025,CFS,CIS,매출액,1.03E+11,,2026-07-11
00938721,161580,필옵틱스,2025,CFS,CIS,매출원가,9.55E+10,,2026-07-11
00938721,161580,필옵틱스,2025,CFS,BS,매출채권,2.31E+10,,2026-07-11
00938721,161580,필옵틱스,2025,CFS,BS,무형자산,6.90E+09,,2026-07-11
00938721,161580,필옵틱스,2025,CFS,CF,무형자산의 취득,7.20E+08,,2026-07-11
00938721,161580,필옵틱스,2025,CFS,CF,배당금지급,8.29E+08,,2026-07-11
00938721,161580,필옵틱스,2025,CFS,BS,부채총계,1.92E+11,,2026-07-11
00938721,161580,필옵틱스,2025,CFS,BS,비유동부채,2.25E+10,,2026-07-11
00938721,161580,필옵틱스,2025,CFS,CIS,영업이익,-3.49E+10,,2026-07-11
00938721,161580,필옵틱스,2025,CFS,CF,영업활동현금흐름,9.52E+09,,2026-07-11
00938721,161580,필옵틱스,2025,CFS,BS,유형자산,1.43E+11,,2026-07-11
00938721,161580,필옵틱스,2025,CFS,CF,유형자산의 취득,13547785414,,2026-07-11
00938721,161580,필옵틱스,2025,CFS,BS,자본총계,1.92E+11,,2026-07-11
00938721,161580,필옵틱스,2025,CFS,BS,재고자산,5.76E+10,,2026-07-11
00938721,161580,필옵틱스,2025,CFS,CF,재무활동현금흐름,4.07E+10,,2026-07-11
00938721,161580,필옵틱스,2025,CFS,BS,총자산,3.83E+11,,2026-07-11
00938721,161580,필옵틱스,2025,CFS,CF,투자활동현금흐름,-20687565306,,2026-07-11
00938721,161580,필옵틱스,2025,CFS,CIS,판매비와관리비,42869534440,,2026-07-11
00938721,161580,필옵틱스,2025,CFS,IS,EBITDA,-27780000000.0,,
00938721,161580,필옵틱스,2024,CFS,CIS,금융비용,3726643052,,2026-07-11
00938721,161580,필옵틱스,2024,CFS,CIS,당기순이익,2.88E+10,,2026-07-11
00938721,161580,필옵틱스,2024,CFS,CIS,매출액,4.11E+11,,2026-07-11
00938721,161580,필옵틱스,2024,CFS,CIS,매출원가,3.41E+11,,2026-07-11
00938721,161580,필옵틱스,2024,CFS,BS,매출채권,24386857179,,2026-07-11
00938721,161580,필옵틱스,2024,CFS,BS,무형자산,7.36E+09,,2026-07-11
00938721,161580,필옵틱스,2024,CFS,CF,무형자산의 취득,465960528,,2026-07-11
00938721,161580,필옵틱스,2024,CFS,CF,배당금지급,3.22E+09,,2026-07-11
00938721,161580,필옵틱스,2024,CFS,BS,부채총계,1.83E+11,,2026-07-11
00938721,161580,필옵틱스,2024,CFS,BS,비유동부채,7.28E+09,,2026-07-11
00938721,161580,필옵틱스,2024,CFS,CIS,영업이익,1.38E+10,,2026-07-11
00938721,161580,필옵틱스,2024,CFS,CF,영업활동현금흐름,-39394562544,,2026-07-11
00938721,161580,필옵틱스,2024,CFS,BS,유형자산,1.36E+11,,2026-07-11
00938721,161580,필옵틱스,2024,CFS,CF,유형자산의 취득,11500649037,,2026-07-11
00938721,161580,필옵틱스,2024,CFS,BS,자본총계,1.99E+11,,2026-07-11
00938721,161580,필옵틱스,2024,CFS,BS,재고자산,66009146584,,2026-07-11
00938721,161580,필옵틱스,2024,CFS,CF,재무활동현금흐름,-3.87E+09,,2026-07-11
00938721,161580,필옵틱스,2024,CFS,BS,총자산,3.83E+11,,2026-07-11
00938721,161580,필옵틱스,2024,CFS,CF,투자활동현금흐름,-20538453747,,2026-07-11
00938721,161580,필옵틱스,2024,CFS,CIS,판매비와관리비,55749783130,,2026-07-11
00938721,161580,필옵틱스,2023,CFS,CIS,금융비용,5.97E+10,,2026-07-11
00938721,161580,필옵틱스,2023,CFS,CIS,당기순이익,-4.34E+10,,2026-07-11
00938721,161580,필옵틱스,2023,CFS,CIS,매출액,3.00E+11,,2026-07-11
00938721,161580,필옵틱스,2023,CFS,CIS,매출원가,2.56E+11,,2026-07-11
00938721,161580,필옵틱스,2023,CFS,BS,매출채권,1.59E+10,,2026-07-11
00938721,161580,필옵틱스,2023,CFS,BS,무형자산,7588030662,,2026-07-11
00938721,161580,필옵틱스,2023,CFS,CF,무형자산의 취득,3544449807,,2026-07-11
00938721,161580,필옵틱스,2023,CFS,CF,배당금지급,3654690714,,2026-07-11
00938721,161580,필옵틱스,2023,CFS,BS,부채총계,2.74E+11,,2026-07-11
00938721,161580,필옵틱스,2023,CFS,BS,비유동부채,66699734122,,2026-07-11
00938721,161580,필옵틱스,2023,CFS,CIS,영업이익,10265296884,,2026-07-11
00938721,161580,필옵틱스,2023,CFS,CF,영업활동현금흐름,1.11E+11,,2026-07-11
00938721,161580,필옵틱스,2023,CFS,BS,유형자산,1.29E+11,,2026-07-11
00938721,161580,필옵틱스,2023,CFS,CF,유형자산의 취득,2.88E+10,,2026-07-11
00938721,161580,필옵틱스,2023,CFS,BS,자본총계,1.77E+11,,2026-07-11
00938721,161580,필옵틱스,2023,CFS,BS,재고자산,1.19E+11,,2026-07-11
00938721,161580,필옵틱스,2023,CFS,CF,재무활동현금흐름,53811151217,,2026-07-11
00938721,161580,필옵틱스,2023,CFS,BS,총자산,4.51E+11,,2026-07-11
00938721,161580,필옵틱스,2023,CFS,CF,투자활동현금흐름,-35177679327,,2026-07-11
00938721,161580,필옵틱스,2023,CFS,CIS,판매비와관리비,3.34E+10,,2026-07-11
00445054,067310,하나마이크론,2025,CFS,CIS,금융비용,8.80E+10,,2026-07-11
00445054,067310,하나마이크론,2025,CFS,CIS,당기순이익,6.56E+10,,2026-07-11
00445054,067310,하나마이크론,2025,CFS,CIS,매출액,1.53E+12,,2026-07-11
00445054,067310,하나마이크론,2025,CFS,CIS,매출원가,1.32E+12,,2026-07-11
00445054,067310,하나마이크론,2025,CFS,BS,매출채권,2.59E+11,,2026-07-11
00445054,067310,하나마이크론,2025,CFS,BS,무형자산,3.26E+10,,2026-07-11
00445054,067310,하나마이크론,2025,CFS,CF,무형자산의 취득,7717332025,,2026-07-11
00445054,067310,하나마이크론,2025,CFS,CF,배당금지급,7448200680,,2026-07-11
00445054,067310,하나마이크론,2025,CFS,BS,부채총계,1.37E+12,,2026-07-11
00445054,067310,하나마이크론,2025,CFS,BS,비유동부채,5.38E+11,,2026-07-11
00445054,067310,하나마이크론,2025,CFS,CIS,영업이익,1.28E+11,,2026-07-11
00445054,067310,하나마이크론,2025,CFS,CF,영업활동현금흐름,1.75E+11,,2026-07-11
00445054,067310,하나마이크론,2025,CFS,BS,유형자산,1.03E+12,,2026-07-11
00445054,067310,하나마이크론,2025,CFS,CF,유형자산의 취득,1.43E+11,,2026-07-11
00445054,067310,하나마이크론,2025,CFS,BS,자본총계,6.53E+11,,2026-07-11
00445054,067310,하나마이크론,2025,CFS,BS,재고자산,2.47E+11,,2026-07-11
00445054,067310,하나마이크론,2025,CFS,CF,재무활동현금흐름,-70955529049,,2026-07-11
00445054,067310,하나마이크론,2025,CFS,BS,총자산,2.02E+12,,2026-07-11
00445054,067310,하나마이크론,2025,CFS,CF,투자활동현금흐름,-1.57E+11,,2026-07-11
00445054,067310,하나마이크론,2025,CFS,CIS,판매비와관리비,8.46E+10,,2026-07-11
00445054,067310,하나마이크론,2025,CFS,IS,EBITDA,285530000000.0,,
00445054,067310,하나마이크론,2024,CFS,CIS,금융비용,1.23E+11,,2026-07-11
00445054,067310,하나마이크론,2024,CFS,CIS,당기순이익,-11157290055,,2026-07-11
00445054,067310,하나마이크론,2024,CFS,CIS,매출액,1.25E+12,,2026-07-11
00445054,067310,하나마이크론,2024,CFS,CIS,매출원가,1.06E+12,,2026-07-11
00445054,067310,하나마이크론,2024,CFS,BS,매출채권,2.17E+11,,2026-07-11
00445054,067310,하나마이크론,2024,CFS,BS,무형자산,35267940074,,2026-07-11
00445054,067310,하나마이크론,2024,CFS,CF,무형자산의 취득,8084902270,,2026-07-11
00445054,067310,하나마이크론,2024,CFS,CF,배당금지급,4780167350,,2026-07-11
00445054,067310,하나마이크론,2024,CFS,BS,부채총계,1.34E+12,,2026-07-11
00445054,067310,하나마이크론,2024,CFS,BS,비유동부채,7.19E+11,,2026-07-11
00445054,067310,하나마이크론,2024,CFS,CIS,영업이익,1.07E+11,,2026-07-11
00445054,067310,하나마이크론,2024,CFS,CF,영업활동현금흐름,4.10E+10,,2026-07-11
00445054,067310,하나마이크론,2024,CFS,BS,유형자산,1.04E+12,,2026-07-11
00445054,067310,하나마이크론,2024,CFS,CF,유형자산의 취득,1.45E+11,,2026-07-11
00445054,067310,하나마이크론,2024,CFS,BS,자본총계,6.06E+11,,2026-07-11
00445054,067310,하나마이크론,2024,CFS,BS,재고자산,1.65E+11,,2026-07-11
00445054,067310,하나마이크론,2024,CFS,CF,재무활동현금흐름,1.47E+11,,2026-07-11
00445054,067310,하나마이크론,2024,CFS,BS,총자산,1.94E+12,,2026-07-11
00445054,067310,하나마이크론,2024,CFS,CF,투자활동현금흐름,-1.46E+11,,2026-07-11
00445054,067310,하나마이크론,2024,CFS,CIS,판매비와관리비,8.34E+10,,2026-07-11
00445054,067310,하나마이크론,2023,CFS,CIS,금융비용,5.83E+10,,2026-07-11
00445054,067310,하나마이크론,2023,CFS,CIS,당기순이익,9.63E+08,,2026-07-11
00445054,067310,하나마이크론,2023,CFS,CIS,매출액,9.68E+11,,2026-07-11
00445054,067310,하나마이크론,2023,CFS,CIS,매출원가,8.41E+11,,2026-07-11
00445054,067310,하나마이크론,2023,CFS,BS,매출채권,8.06E+10,,2026-07-11
00445054,067310,하나마이크론,2023,CFS,BS,무형자산,35898064966,,2026-07-11
00445054,067310,하나마이크론,2023,CFS,CF,무형자산의 취득,23423391138,,2026-07-11
00445054,067310,하나마이크론,2023,CFS,CF,배당금지급,6086456750,,2026-07-11
00445054,067310,하나마이크론,2023,CFS,BS,부채총계,1.18E+12,,2026-07-11
00445054,067310,하나마이크론,2023,CFS,BS,비유동부채,5.36E+11,,2026-07-11
00445054,067310,하나마이크론,2023,CFS,CIS,영업이익,5.79E+10,,2026-07-11
00445054,067310,하나마이크론,2023,CFS,CF,영업활동현금흐름,8.31E+10,,2026-07-11
00445054,067310,하나마이크론,2023,CFS,BS,유형자산,1.00E+12,,2026-07-11
00445054,067310,하나마이크론,2023,CFS,CF,유형자산의 취득,3.08E+11,,2026-07-11
00445054,067310,하나마이크론,2023,CFS,BS,자본총계,5.44E+11,,2026-07-11
00445054,067310,하나마이크론,2023,CFS,BS,재고자산,1.70E+11,,2026-07-11
00445054,067310,하나마이크론,2023,CFS,CF,재무활동현금흐름,3.31E+11,,2026-07-11
00445054,067310,하나마이크론,2023,CFS,BS,총자산,1.73E+12,,2026-07-11
00445054,067310,하나마이크론,2023,CFS,CF,투자활동현금흐름,-4.08E+11,,2026-07-11
00445054,067310,하나마이크론,2023,CFS,CIS,판매비와관리비,6.90E+10,,2026-07-11
00660750,166090,하나머티리얼즈,2025,CFS,CIS,금융비용,3.53E+09,,2026-07-11
00660750,166090,하나머티리얼즈,2025,CFS,CIS,당기순이익,38375641020,,2026-07-11
00660750,166090,하나머티리얼즈,2025,CFS,CIS,매출액,2.73E+11,,2026-07-11
00660750,166090,하나머티리얼즈,2025,CFS,CIS,매출원가,1.88E+11,,2026-07-11
00660750,166090,하나머티리얼즈,2025,CFS,BS,매출채권,32973830006,,2026-07-11
00660750,166090,하나머티리얼즈,2025,CFS,BS,무형자산,5844957852,,2026-07-11
00660750,166090,하나머티리얼즈,2025,CFS,CF,무형자산의 취득,298170674,,2026-07-11
00660750,166090,하나머티리얼즈,2025,CFS,CF,배당금지급,4870055750,,2026-07-11
00660750,166090,하나머티리얼즈,2025,CFS,BS,부채총계,2.22E+11,,2026-07-11
00660750,166090,하나머티리얼즈,2025,CFS,BS,비유동부채,1.04E+11,,2026-07-11
00660750,166090,하나머티리얼즈,2025,CFS,CIS,영업이익,5.01E+10,,2026-07-11
00660750,166090,하나머티리얼즈,2025,CFS,CF,영업활동현금흐름,6.85E+10,,2026-07-11
00660750,166090,하나머티리얼즈,2025,CFS,BS,유형자산,3.51E+11,,2026-07-11
00660750,166090,하나머티리얼즈,2025,CFS,CF,유형자산의 취득,2.00E+10,,2026-07-11
00660750,166090,하나머티리얼즈,2025,CFS,BS,자본총계,4.64E+11,,2026-07-11
00660750,166090,하나머티리얼즈,2025,CFS,BS,재고자산,63725474914,,2026-07-11
00660750,166090,하나머티리얼즈,2025,CFS,CF,재무활동현금흐름,-52779463961,,2026-07-11
00660750,166090,하나머티리얼즈,2025,CFS,BS,총자산,6.86E+11,,2026-07-11
00660750,166090,하나머티리얼즈,2025,CFS,CF,투자활동현금흐름,-12246933113,,2026-07-11
00660750,166090,하나머티리얼즈,2025,CFS,CIS,판매비와관리비,35010771282,,2026-07-11
00660750,166090,하나머티리얼즈,2025,CFS,IS,EBITDA,84160000000.0,,
00660750,166090,하나머티리얼즈,2024,CFS,CIS,금융비용,7890785839,,2026-07-11
00660750,166090,하나머티리얼즈,2024,CFS,CIS,당기순이익,31756594796,,2026-07-11
00660750,166090,하나머티리얼즈,2024,CFS,CIS,매출액,2.52E+11,,2026-07-11
00660750,166090,하나머티리얼즈,2024,CFS,CIS,매출원가,1.77E+11,,2026-07-11
00660750,166090,하나머티리얼즈,2024,CFS,BS,매출채권,28350644676,,2026-07-11
00660750,166090,하나머티리얼즈,2024,CFS,BS,무형자산,6547952838,,2026-07-11
00660750,166090,하나머티리얼즈,2024,CFS,CF,무형자산의 취득,1319930305,,2026-07-11
00660750,166090,하나머티리얼즈,2024,CFS,CF,배당금지급,3904080400,,2026-07-11
00660750,166090,하나머티리얼즈,2024,CFS,BS,부채총계,2.20E+11,,2026-07-11
00660750,166090,하나머티리얼즈,2024,CFS,BS,비유동부채,99062670868,,2026-07-11
00660750,166090,하나머티리얼즈,2024,CFS,CIS,영업이익,43411736320,,2026-07-11
00660750,166090,하나머티리얼즈,2024,CFS,CF,영업활동현금흐름,75683902591,,2026-07-11
00660750,166090,하나머티리얼즈,2024,CFS,BS,유형자산,3.48E+11,,2026-07-11
00660750,166090,하나머티리얼즈,2024,CFS,CF,유형자산의 취득,42164008707,,2026-07-11
00660750,166090,하나머티리얼즈,2024,CFS,BS,자본총계,3.54E+11,,2026-07-11
00660750,166090,하나머티리얼즈,2024,CFS,BS,재고자산,63599516544,,2026-07-11
00660750,166090,하나머티리얼즈,2024,CFS,CF,재무활동현금흐름,-45707735968,,2026-07-11
00660750,166090,하나머티리얼즈,2024,CFS,BS,총자산,5.74E+11,,2026-07-11
00660750,166090,하나머티리얼즈,2024,CFS,CF,투자활동현금흐름,-25744905084,,2026-07-11
00660750,166090,하나머티리얼즈,2024,CFS,CIS,판매비와관리비,31018896545,,2026-07-11
00660750,166090,하나머티리얼즈,2023,CFS,CIS,금융비용,4034329045,,2026-07-11
00660750,166090,하나머티리얼즈,2023,CFS,CIS,당기순이익,34193789438,,2026-07-11
00660750,166090,하나머티리얼즈,2023,CFS,CIS,매출액,2.34E+11,,2026-07-11
00660750,166090,하나머티리얼즈,2023,CFS,CIS,매출원가,1.68E+11,,2026-07-11
00660750,166090,하나머티리얼즈,2023,CFS,BS,매출채권,14362129780,,2026-07-11
00660750,166090,하나머티리얼즈,2023,CFS,BS,무형자산,6089549565,,2026-07-11
00660750,166090,하나머티리얼즈,2023,CFS,CF,무형자산의 취득,1220589737,,2026-07-11
00660750,166090,하나머티리얼즈,2023,CFS,CF,배당금지급,5856120600,,2026-07-11
00660750,166090,하나머티리얼즈,2023,CFS,BS,부채총계,2.73E+11,,2026-07-11
00660750,166090,하나머티리얼즈,2023,CFS,BS,비유동부채,1.37E+11,,2026-07-11
00660750,166090,하나머티리얼즈,2023,CFS,CIS,영업이익,41282810386,,2026-07-11
00660750,166090,하나머티리얼즈,2023,CFS,CF,영업활동현금흐름,44195639577,,2026-07-11
00660750,166090,하나머티리얼즈,2023,CFS,BS,유형자산,3.53E+11,,2026-07-11
00660750,166090,하나머티리얼즈,2023,CFS,CF,유형자산의 취득,1.21E+11,,2026-07-11
00660750,166090,하나머티리얼즈,2023,CFS,BS,자본총계,4.00E+11,,2026-07-11
00660750,166090,하나머티리얼즈,2023,CFS,BS,재고자산,75729363974,,2026-07-11
00660750,166090,하나머티리얼즈,2023,CFS,CF,재무활동현금흐름,81690430483,,2026-07-11
00660750,166090,하나머티리얼즈,2023,CFS,BS,총자산,6.73E+11,,2026-07-11
00660750,166090,하나머티리얼즈,2023,CFS,CF,투자활동현금흐름,-1.25E+11,,2026-07-11
00660750,166090,하나머티리얼즈,2023,CFS,CIS,판매비와관리비,24766092976,,2026-07-11
00161383,042700,한미반도체,2025,CFS,CIS,금융비용,10309063583,,2026-07-11
00161383,042700,한미반도체,2025,CFS,CIS,당기순이익,2.14E+11,,2026-07-11
00161383,042700,한미반도체,2025,CFS,CIS,매출액,5.77E+11,,2026-07-11
00161383,042700,한미반도체,2025,CFS,CIS,매출원가,2.45E+11,,2026-07-11
00161383,042700,한미반도체,2025,CFS,BS,매출채권,62375238496,,2026-07-11
00161383,042700,한미반도체,2025,CFS,BS,무형자산,23326987170,,2026-07-11
00161383,042700,한미반도체,2025,CFS,CF,무형자산의 취득,19113861717,,2026-07-11
00161383,042700,한미반도체,2025,CFS,CF,배당금지급,68294161440,,2026-07-11
00161383,042700,한미반도체,2025,CFS,BS,부채총계,1.23E+11,,2026-07-11
00161383,042700,한미반도체,2025,CFS,BS,비유동부채,2883776691,,2026-07-11
00161383,042700,한미반도체,2025,CFS,CIS,영업이익,2.51E+11,,2026-07-11
00161383,042700,한미반도체,2025,CFS,CF,영업활동현금흐름,2.29E+11,,2026-07-11
00161383,042700,한미반도체,2025,CFS,BS,유형자산,2.38E+11,,2026-07-11
00161383,042700,한미반도체,2025,CFS,CF,유형자산의 취득,74621166719,,2026-07-11
00161383,042700,한미반도체,2025,CFS,BS,자본총계,6.90E+11,,2026-07-11
00161383,042700,한미반도체,2025,CFS,BS,재고자산,1.50E+11,,2026-07-11
00161383,042700,한미반도체,2025,CFS,CF,재무활동현금흐름,-77238574571,,2026-07-11
00161383,042700,한미반도체,2025,CFS,BS,총자산,8.13E+11,,2026-07-11
00161383,042700,한미반도체,2025,CFS,CF,투자활동현금흐름,18323837100,,2026-07-11
00161383,042700,한미반도체,2025,CFS,CIS,판매비와관리비,61281136435,,2026-07-11
00161383,042700,한미반도체,2025,CFS,IS,EBITDA,262940000000.0,,
00161383,042700,한미반도체,2024,CFS,CIS,금융비용,6078237057,,2026-07-11
00161383,042700,한미반도체,2024,CFS,CIS,당기순이익,1.53E+11,,2026-07-11
00161383,042700,한미반도체,2024,CFS,CIS,매출액,5.59E+11,,2026-07-11
00161383,042700,한미반도체,2024,CFS,CIS,매출원가,2.44E+11,,2026-07-11
00161383,042700,한미반도체,2024,CFS,BS,매출채권,1.47E+11,,2026-07-11
00161383,042700,한미반도체,2024,CFS,BS,무형자산,4627653813,,2026-07-11
00161383,042700,한미반도체,2024,CFS,CF,무형자산의 취득,249917598,,2026-07-11
00161383,042700,한미반도체,2024,CFS,CF,배당금지급,40521474840,,2026-07-11
00161383,042700,한미반도체,2024,CFS,BS,부채총계,1.70E+11,,2026-07-11
00161383,042700,한미반도체,2024,CFS,BS,비유동부채,9943889910,,2026-07-11
00161383,042700,한미반도체,2024,CFS,CIS,영업이익,2.55E+11,,2026-07-11
00161383,042700,한미반도체,2024,CFS,CF,영업활동현금흐름,1.41E+11,,2026-07-11
00161383,042700,한미반도체,2024,CFS,BS,유형자산,1.75E+11,,2026-07-11
00161383,042700,한미반도체,2024,CFS,CF,유형자산의 취득,53537061092,,2026-07-11
00161383,042700,한미반도체,2024,CFS,BS,자본총계,5.41E+11,,2026-07-11
00161383,042700,한미반도체,2024,CFS,BS,재고자산,1.53E+11,,2026-07-11
00161383,042700,한미반도체,2024,CFS,CF,재무활동현금흐름,-2.32E+11,,2026-07-11
00161383,042700,한미반도체,2024,CFS,BS,총자산,7.11E+11,,2026-07-11
00161383,042700,한미반도체,2024,CFS,CF,투자활동현금흐름,9424530414,,2026-07-11
00161383,042700,한미반도체,2024,CFS,CIS,판매비와관리비,41275747991,,2026-07-11
00161383,042700,한미반도체,2023,CFS,CIS,금융비용,10157405048,,2026-07-11
00161383,042700,한미반도체,2023,CFS,CIS,당기순이익,2.67E+11,,2026-07-11
00161383,042700,한미반도체,2023,CFS,CIS,매출액,1.59E+11,,2026-07-11
00161383,042700,한미반도체,2023,CFS,CIS,매출원가,79604579238,,2026-07-11
00161383,042700,한미반도체,2023,CFS,BS,매출채권,40648496938,,2026-07-11
00161383,042700,한미반도체,2023,CFS,BS,무형자산,4458788729,,2026-07-11
00161383,042700,한미반도체,2023,CFS,CF,무형자산의 취득,83934608,,2026-07-11
00161383,042700,한미반도체,2023,CFS,CF,배당금지급,19467860400,,2026-07-11
00161383,042700,한미반도체,2023,CFS,BS,부채총계,1.52E+11,,2026-07-11
00161383,042700,한미반도체,2023,CFS,BS,비유동부채,46930828029,,2026-07-11
00161383,042700,한미반도체,2023,CFS,CIS,영업이익,34571410992,,2026-07-11
00161383,042700,한미반도체,2023,CFS,CF,영업활동현금흐름,44990807438,,2026-07-11
00161383,042700,한미반도체,2023,CFS,BS,유형자산,1.27E+11,,2026-07-11
00161383,042700,한미반도체,2023,CFS,CF,유형자산의 취득,27531410354,,2026-07-11
00161383,042700,한미반도체,2023,CFS,BS,자본총계,5.72E+11,,2026-07-11
00161383,042700,한미반도체,2023,CFS,BS,재고자산,95433336170,,2026-07-11
00161383,042700,한미반도체,2023,CFS,CF,재무활동현금흐름,-43622103656,,2026-07-11
00161383,042700,한미반도체,2023,CFS,BS,총자산,7.24E+11,,2026-07-11
00161383,042700,한미반도체,2023,CFS,CF,투자활동현금흐름,84636164574,,2026-07-11
00161383,042700,한미반도체,2023,CFS,CIS,판매비와관리비,28972848032,,2026-07-11
